loc,case,n_samples,n_nonfinite,peak,peak_node,peak_t,peak_iso,peak_coh,peak_over_fairlead,fairlead_max,interior_max,worst_coh,worst_coh_T,worst_coh_node,worst_coh_t,worst_coh_iso,n_blowup,n_blowup_severe,blowup_max_T,blacklisted
1,1,13801,0,12069.5361328125,20,9702,1.0025404691696167,1.0761079788208008,1.0,12069.5361328125,11229.884765625,1.1087298393249512,10061.2197265625,20,9693,0.9995805025100708,0,0,0.0,0
1,2,13801,0,8932.3212890625,20,11767,1.0016196966171265,1.1224759817123413,1.0,8932.3212890625,7959.98876953125,0.0,0.0,-1,-1,0.0,0,0,0.0,0
1,3,13801,0,9398.142578125,20,7498,1.0007214546203613,1.1046000719070435,1.0,9398.142578125,8521.076171875,0.0,0.0,-1,-1,0.0,0,0,0.0,0
1,4,13801,0,8644.6572265625,20,7498,1.0011290311813354,1.1148325204849243,1.0,8644.6572265625,7756.7001953125,0.0,0.0,-1,-1,0.0,0,0,0.0,0
1,5,13801,0,8030.1650390625,20,9699,1.001852035522461,1.1325851678848267,1.0,8030.1650390625,7097.080078125,0.0,0.0,-1,-1,0.0,0,0,0.0,0
1,6,13801,0,9052.25,20,7498,1.0003783702850342,1.109586477279663,1.0,9052.25,8169.06201171875,0.0,0.0,-1,-1,0.0,0,0,0.0,0
1,7,13801,0,8836.271484375,20,7498,1.0012012720108032,1.1118367910385132,1.0,8836.271484375,7947.4541015625,0.0,0.0,-1,-1,0.0,0,0,0.0,0
1,8,13801,0,9765.9755859375,20,9702,1.001076340675354,1.0977399349212646,1.0,9765.9755859375,8896.4384765625,0.0,0.0,-1,-1,0.0,0,0,0.0,0
1,9,13801,0,8055.26708984375,20,2204,1.0012956857681274,1.1374143362045288,1.0,8055.26708984375,7104.162109375,0.0,0.0,-1,-1,0.0,0,0,0.0,0
1,10,13801,0,10260.55859375,20,7499,1.002015471458435,1.0938782691955566,1.0,10260.55859375,9379.982421875,1.1042062044143677,10046.0927734375,20,7495,1.001572847366333,0,0,0.0,0
1,11,13801,0,14028.275390625,20,7500,1.0026600360870361,1.064239740371704,1.0,14028.275390625,13181.5,39.09685134887695,12195.5986328125,13,9195,92.1336898803711,1,0,12195.5986328125,0
1,12,13801,0,8342.1796875,20,8323,1.001308560371399,1.1382012367248535,1.0,8342.1796875,7329.2978515625,0.0,0.0,-1,-1,0.0,0,0,0.0,0
1,13,13801,0,8163.9931640625,20,10785,1.0013840198516846,1.1348060369491577,1.0,8163.9931640625,7194.1748046875,0.0,0.0,-1,-1,0.0,0,0,0.0,0
1,14,13801,0,8427.455078125,20,7498,1.001359224319458,1.1185243129730225,1.0,8427.455078125,7534.44091796875,0.0,0.0,-1,-1,0.0,0,0,0.0,0
1,15,13801,0,8547.3564453125,20,7498,1.0005896091461182,1.1165648698806763,1.0,8547.3564453125,7655.27197265625,0.0,0.0,-1,-1,0.0,0,0,0.0,0
1,16,13801,0,7910.10498046875,20,9699,1.0019179582595825,1.131925344467163,1.0,7910.10498046875,7002.76806640625,0.0,0.0,-1,-1,0.0,0,0,0.0,0
1,17,13801,0,9456.5146484375,20,7498,1.0008037090301514,1.103459358215332,1.0,9456.5146484375,8582.6943359375,0.0,0.0,-1,-1,0.0,0,0,0.0,0
1,18,13801,0,8396.9306640625,20,7498,1.0013710260391235,1.1204336881637573,1.0,8396.9306640625,7494.35791015625,0.0,0.0,-1,-1,0.0,0,0,0.0,0
1,19,13801,0,9190.63671875,20,11767,1.0019598007202148,1.120842695236206,1.0,9190.63671875,8213.9208984375,0.0,0.0,-1,-1,0.0,0,0,0.0,0
1,20,13801,0,8214.5419921875,20,9700,1.0018110275268555,1.1238232851028442,1.0,8214.5419921875,7316.7900390625,0.0,0.0,-1,-1,0.0,0,0,0.0,0
1,21,13801,0,7860.89501953125,20,2205,1.0012357234954834,1.1380717754364014,1.0,7860.89501953125,6907.205078125,0.0,0.0,-1,-1,0.0,0,0,0.0,0
1,22,13801,0,10004.826171875,20,7498,1.0020527839660645,1.0988913774490356,1.0,10004.826171875,9117.7451171875,1.0988913774490356,10004.826171875,20,7498,1.0020527839660645,0,0,0.0,0
1,23,13801,0,9749.85546875,20,2507,1.002728819847107,1.1068382263183594,1.0,9749.85546875,8809.794921875,0.0,0.0,-1,-1,0.0,0,0,0.0,0
1,24,13801,0,8392.8876953125,20,7498,1.0014375448226929,1.1200026273727417,1.0,8392.8876953125,7493.6318359375,0.0,0.0,-1,-1,0.0,0,0,0.0,0
1,25,13801,0,9126.001953125,20,7498,1.0005282163619995,1.1096892356872559,1.0,9126.001953125,8233.9248046875,0.0,0.0,-1,-1,0.0,0,0,0.0,0
1,26,13801,0,9094.2529296875,20,7498,1.0019654035568237,1.1097949743270874,1.0,9094.2529296875,8196.1435546875,0.0,0.0,-1,-1,0.0,0,0,0.0,0
1,27,13801,0,8175.72705078125,20,10784,1.0025150775909424,1.1339221000671387,1.0,8175.72705078125,7210.130859375,0.0,0.0,-1,-1,0.0,0,0,0.0,0
1,28,13801,0,7833.35888671875,20,2204,1.0005302429199219,1.1377111673355103,1.0,7833.35888671875,6887.16796875,0.0,0.0,-1,-1,0.0,0,0,0.0,0
1,29,13801,0,10124.6630859375,20,9702,1.002448558807373,1.0948704481124878,1.0,10124.6630859375,9247.361328125,1.0995365381240845,10054.3330078125,20,9700,1.002285122871399,0,0,0.0,0
1,30,13801,0,8123.15087890625,20,2206,1.0017105340957642,1.1337034702301025,1.0,8123.15087890625,7165.14599609375,0.0,0.0,-1,-1,0.0,0,0,0.0,0
1,31,13801,0,9105.900390625,20,2209,1.004023790359497,1.1213091611862183,1.0,9105.900390625,8120.77587890625,0.0,0.0,-1,-1,0.0,0,0,0.0,0
1,32,13801,0,10643.0947265625,20,9702,1.0024218559265137,1.0889924764633179,1.0,10643.0947265625,9773.3408203125,1.1032214164733887,10124.3076171875,20,9697,1.0015138387680054,0,0,0.0,0
1,33,13801,0,7926.7412109375,20,2204,1.0008081197738647,1.1377155780792236,1.0,7926.7412109375,6970.22705078125,0.0,0.0,-1,-1,0.0,0,0,0.0,0
1,34,13801,0,12965.3056640625,20,9702,1.003204345703125,1.0715086460113525,1.0,12965.3056640625,12121.6787109375,1.113182783126831,10237.4931640625,20,7489,1.000328779220581,0,0,0.0,0
1,35,13801,0,8949.0390625,20,7498,1.0018354654312134,1.1121808290481567,1.0,8949.0390625,8046.38818359375,0.0,0.0,-1,-1,0.0,0,0,0.0,0
1,36,13801,0,9740.0771484375,20,7499,1.0021320581436157,1.098887324333191,1.0,9740.0771484375,8863.5810546875,0.0,0.0,-1,-1,0.0,0,0,0.0,0
1,37,13801,0,7984.64501953125,20,9700,1.0010662078857422,1.1281180381774902,1.0,7984.64501953125,7085.955078125,0.0,0.0,-1,-1,0.0,0,0,0.0,0
1,38,13801,0,9549.416015625,20,2506,1.0017521381378174,1.10957932472229,1.0,9549.416015625,8619.5,0.0,0.0,-1,-1,0.0,0,0,0.0,0
1,39,13801,0,10527.3896484375,20,2209,1.0058079957962036,1.1099298000335693,1.0,10527.3896484375,9501.8408203125,1.1314759254455566,10023.7109375,20,2204,1.007222056388855,0,0,0.0,0
1,40,13801,0,7948.23486328125,20,9698,1.0015819072723389,1.1334606409072876,1.0,7948.23486328125,7015.85595703125,0.0,0.0,-1,-1,0.0,0,0,0.0,0
1,41,13801,0,9860.861328125,20,9702,1.0019375085830688,1.0980274677276611,1.0,9860.861328125,8980.5234375,0.0,0.0,-1,-1,0.0,0,0,0.0,0
1,42,13801,0,8785.8173828125,20,11622,1.0013748407363892,1.1249104738235474,1.0,8785.8173828125,7822.619140625,0.0,0.0,-1,-1,0.0,0,0,0.0,0
1,43,13801,0,8305.306640625,20,7497,1.001779317855835,1.1216425895690918,1.0,8305.306640625,7411.166015625,0.0,0.0,-1,-1,0.0,0,0,0.0,0
1,44,13801,0,8163.27783203125,20,7498,1.0001085996627808,1.1238940954208374,1.0,8163.27783203125,7271.0,0.0,0.0,-1,-1,0.0,0,0,0.0,0
1,45,13801,0,8194.3671875,20,11622,1.0011069774627686,1.1320418119430542,1.0,8194.3671875,7245.77197265625,0.0,0.0,-1,-1,0.0,0,0,0.0,0
1,46,13801,0,9783.765625,20,9702,1.0019985437393188,1.0984424352645874,1.0,9783.765625,8906.9443359375,0.0,0.0,-1,-1,0.0,0,0,0.0,0
1,47,13801,0,12305.2333984375,20,7499,1.0020885467529297,1.0765137672424316,1.0,12305.2333984375,11436.8232421875,1.1178019046783447,10194.4580078125,20,7489,1.0061137676239014,0,0,0.0,0
1,48,13801,0,8216.5361328125,20,9699,1.0020756721496582,1.131852149963379,1.0,8216.5361328125,7269.94287109375,0.0,0.0,-1,-1,0.0,0,0,0.0,0
1,49,13801,0,8269.3408203125,20,7498,1.0001370906829834,1.1222511529922485,1.0,8269.3408203125,7375.9658203125,0.0,0.0,-1,-1,0.0,0,0,0.0,0
1,50,13801,0,8353.3779296875,20,11622,1.00208580493927,1.1303365230560303,1.0,8353.3779296875,7401.8759765625,0.0,0.0,-1,-1,0.0,0,0,0.0,0
1,51,13801,0,8221.8779296875,20,9700,1.00075101852417,1.1288931369781494,1.0,8221.8779296875,7309.60595703125,0.0,0.0,-1,-1,0.0,0,0,0.0,0
1,52,13801,0,8520.740234375,20,10785,1.0018649101257324,1.1315582990646362,1.0,8520.740234375,7534.533203125,0.0,0.0,-1,-1,0.0,0,0,0.0,0
1,53,13801,0,9906.5595703125,20,7498,1.0019800662994385,1.0981100797653198,1.0,9906.5595703125,9029.98828125,0.0,0.0,-1,-1,0.0,0,0,0.0,0
1,54,13801,0,9185.7734375,20,7498,1.0017868280410767,1.1078479290008545,1.0,9185.7734375,8294.4208984375,0.0,0.0,-1,-1,0.0,0,0,0.0,0
1,55,13801,0,8262.888671875,20,9701,1.0019913911819458,1.1222034692764282,1.0,8262.888671875,7363.0927734375,0.0,0.0,-1,-1,0.0,0,0,0.0,0
1,56,13801,0,8636.982421875,20,7497,1.001476526260376,1.1177781820297241,1.0,8636.982421875,7744.669921875,0.0,0.0,-1,-1,0.0,0,0,0.0,0
1,57,13801,0,7807.10498046875,20,8323,1.0014443397521973,1.138810157775879,1.0,7807.10498046875,6855.4931640625,0.0,0.0,-1,-1,0.0,0,0,0.0,0
1,58,13801,0,8303.31640625,20,11622,1.0017993450164795,1.1306953430175781,1.0,8303.31640625,7344.125,0.0,0.0,-1,-1,0.0,0,0,0.0,0
1,59,13801,0,9400.08984375,20,11623,1.0023398399353027,1.115175724029541,1.0,9400.08984375,8429.2451171875,0.0,0.0,-1,-1,0.0,0,0,0.0,0
1,60,13801,0,12225.3583984375,20,9702,1.003204584121704,1.0775617361068726,1.0,12225.3583984375,11353.6533203125,1.1180115938186646,10014.5361328125,20,7489,1.0030851364135742,0,0,0.0,0
1,61,13801,0,12268.2900390625,20,9702,1.003171682357788,1.0764927864074707,1.0,12268.2900390625,11415.265625,1.1117130517959595,10184.498046875,20,7490,1.0004178285598755,0,0,0.0,0
1,62,13801,0,8307.5654296875,20,9700,1.000958800315857,1.1285154819488525,1.0,8307.5654296875,7380.1279296875,0.0,0.0,-1,-1,0.0,0,0,0.0,0
1,63,13801,0,6494378000384.0,20,7510,72748.671875,59512.1484375,1.0,6494378000384.0,1658043648.0,59512.1484375,6494378000384.0,20,7510,72748.671875,16,14,6494378000384.0,1
1,64,13801,0,11782.830078125,20,7499,1.0018863677978516,1.0797572135925293,1.0,11782.830078125,10912.4814453125,1.1137079000473022,10208.716796875,20,7490,1.0002080202102661,0,0,0.0,0
1,65,13801,0,9445.9892578125,20,7498,1.0010157823562622,1.1040724515914917,1.0,9445.9892578125,8568.115234375,0.0,0.0,-1,-1,0.0,0,0,0.0,0
1,66,13801,0,10082.9140625,20,7499,1.0020318031311035,1.094570279121399,1.0,10082.9140625,9211.755859375,1.0984365940093994,10053.7333984375,20,7497,1.0018757581710815,0,0,0.0,0
1,67,13801,0,8273.548828125,20,10784,1.0003955364227295,1.136833667755127,1.0,8273.548828125,7291.80078125,0.0,0.0,-1,-1,0.0,0,0,0.0,0
1,68,13801,0,9666.2109375,20,7499,1.0020488500595093,1.0991754531860352,1.0,9666.2109375,8794.056640625,0.0,0.0,-1,-1,0.0,0,0,0.0,0
1,69,13801,0,9378.9248046875,20,7498,1.0019335746765137,1.1055999994277954,1.0,9378.9248046875,8486.4462890625,0.0,0.0,-1,-1,0.0,0,0,0.0,0
1,70,13801,0,8295.869140625,20,7498,1.0011181831359863,1.1209036111831665,1.0,8295.869140625,7401.05517578125,0.0,0.0,-1,-1,0.0,0,0,0.0,0
1,71,13801,0,8870.4931640625,20,7498,1.0017260313034058,1.1132080554962158,1.0,8870.4931640625,7970.3369140625,0.0,0.0,-1,-1,0.0,0,0,0.0,0
1,72,13801,0,9308.74609375,20,7498,1.0017887353897095,1.1072235107421875,1.0,9308.74609375,8407.287109375,0.0,0.0,-1,-1,0.0,0,0,0.0,0
1,73,13801,0,8295.8564453125,20,2207,1.0022010803222656,1.1324104070663452,1.0,8295.8564453125,7325.8388671875,0.0,0.0,-1,-1,0.0,0,0,0.0,0
1,74,13801,0,8472.037109375,20,9702,1.0018147230148315,1.1170744895935059,1.0,8472.037109375,7584.12890625,0.0,0.0,-1,-1,0.0,0,0,0.0,0
1,75,13801,0,9239.91796875,20,7498,1.0007699728012085,1.1079912185668945,1.0,9239.91796875,8349.8388671875,0.0,0.0,-1,-1,0.0,0,0,0.0,0
1,76,13801,0,8270.130859375,20,7498,1.0018298625946045,1.122444748878479,1.0,8270.130859375,7367.962890625,0.0,0.0,-1,-1,0.0,0,0,0.0,0
1,77,13801,0,10314.22265625,20,9702,1.0026888847351074,1.0931192636489868,1.0,10314.22265625,9435.587890625,1.101228952407837,10118.734375,20,9699,1.00193190574646,0,0,0.0,0
1,78,13801,0,9507.55078125,20,11767,1.0029551982879639,1.116292119026184,1.0,9507.55078125,8517.0810546875,0.0,0.0,-1,-1,0.0,0,0,0.0,0
1,79,13801,0,7705.69287109375,20,9697,1.0005199909210205,1.137381911277771,1.0,7705.69287109375,6784.533203125,0.0,0.0,-1,-1,0.0,0,0,0.0,0
1,80,13801,0,9308.568359375,20,7498,1.0019347667694092,1.1071622371673584,1.0,9308.568359375,8411.7099609375,0.0,0.0,-1,-1,0.0,0,0,0.0,0
1,81,13801,0,9243.595703125,20,2208,1.0032786130905151,1.1220462322235107,1.0,9243.595703125,8255.1474609375,0.0,0.0,-1,-1,0.0,0,0,0.0,0
1,82,13801,0,8184.0400390625,20,7498,1.0019077062606812,1.122822642326355,1.0,8184.0400390625,7288.80908203125,0.0,0.0,-1,-1,0.0,0,0,0.0,0
1,83,13801,0,8911.919921875,20,7498,1.0008801221847534,1.1119153499603271,1.0,8911.919921875,8020.7138671875,0.0,0.0,-1,-1,0.0,0,0,0.0,0
1,84,13801,0,8328.76171875,20,11765,1.0023424625396729,1.132307529449463,1.0,8328.76171875,7365.01220703125,0.0,0.0,-1,-1,0.0,0,0,0.0,0
1,85,13801,0,8560.96875,20,7498,1.0003018379211426,1.1179407835006714,1.0,8560.96875,7665.80078125,0.0,0.0,-1,-1,0.0,0,0,0.0,0
1,86,13801,0,8878.509765625,20,9702,1.0018163919448853,1.1100105047225952,1.0,8878.509765625,7998.58203125,0.0,0.0,-1,-1,0.0,0,0,0.0,0
1,87,13801,0,8345.8359375,20,10785,1.002915859222412,1.1326931715011597,1.0,8345.8359375,7368.134765625,0.0,0.0,-1,-1,0.0,0,0,0.0,0
1,88,13801,0,8177.08984375,20,2206,1.0008903741836548,1.1336249113082886,1.0,8177.08984375,7220.8701171875,0.0,0.0,-1,-1,0.0,0,0,0.0,0
1,89,13801,0,11590.5,20,9702,1.0019607543945312,1.0796680450439453,1.0,11590.5,10746.3505859375,1.1065888404846191,10095.8603515625,20,9694,1.000498652458191,0,0,0.0,0
1,90,13801,0,7961.51416015625,20,10783,1.0009305477142334,1.137931227684021,1.0,7961.51416015625,7004.4970703125,0.0,0.0,-1,-1,0.0,0,0,0.0,0
1,91,13801,0,10179.80859375,20,7499,1.0021333694458008,1.0946465730667114,1.0,10179.80859375,9299.630859375,1.10182523727417,10065.7568359375,20,7496,1.0011214017868042,0,0,0.0,0
1,92,13801,0,12207.1982421875,20,9702,1.002807378768921,1.07664954662323,1.0,12207.1982421875,11354.9423828125,1.1137157678604126,10033.419921875,20,7489,1.0003647804260254,0,0,0.0,0
1,93,13801,0,8545.810546875,20,11622,1.0021729469299316,1.128119707107544,1.0,8545.810546875,7576.27197265625,0.0,0.0,-1,-1,0.0,0,0,0.0,0
1,94,13801,0,9397.3056640625,20,7498,1.0008867979049683,1.1059566736221313,1.0,9397.3056640625,8508.3701171875,0.0,0.0,-1,-1,0.0,0,0,0.0,0
1,95,13801,0,7802.20703125,20,10783,1.001159906387329,1.1387172937393188,1.0,7802.20703125,6851.7509765625,0.0,0.0,-1,-1,0.0,0,0,0.0,0
1,96,13801,0,10977.0478515625,20,7498,1.0025163888931274,1.0885530710220337,1.0,10977.0478515625,10084.072265625,1.1168465614318848,10038.5009765625,20,2502,1.0007073879241943,0,0,0.0,0
1,97,13801,0,7981.505859375,20,2205,1.0012959241867065,1.1381908655166626,1.0,7981.505859375,7012.44921875,0.0,0.0,-1,-1,0.0,0,0,0.0,0
1,98,13801,0,8746.083984375,20,7498,1.0008989572525024,1.114936113357544,1.0,8746.083984375,7846.4951171875,0.0,0.0,-1,-1,0.0,0,0,0.0,0
1,99,13801,0,9954.1640625,20,11767,1.0038269758224487,1.1118683815002441,1.0,9954.1640625,8952.646484375,0.0,0.0,-1,-1,0.0,0,0,0.0,0
1,100,13801,0,10260.0087890625,20,9702,1.001621127128601,1.092649221420288,1.0,10260.0087890625,9390.0302734375,1.0997328758239746,10094.2333984375,20,9699,1.0021034479141235,0,0,0.0,0
1,101,13801,0,8022.73095703125,20,7497,1.000333309173584,1.127219796180725,1.0,8022.73095703125,7120.81298828125,0.0,0.0,-1,-1,0.0,0,0,0.0,0
1,102,13801,0,8713.0537109375,20,7498,1.0001490116119385,1.114529013633728,1.0,8713.0537109375,7826.69091796875,0.0,0.0,-1,-1,0.0,0,0,0.0,0
1,103,13801,0,8532.0732421875,20,10785,1.0014382600784302,1.1313014030456543,1.0,8532.0732421875,7543.65185546875,0.0,0.0,-1,-1,0.0,0,0,0.0,0
1,104,13801,0,7964.9228515625,20,9700,1.0016981363296509,1.1325081586837769,1.0,7964.9228515625,7032.994140625,0.0,0.0,-1,-1,0.0,0,0,0.0,0
1,105,13801,0,8180.8349609375,20,9700,1.0010735988616943,1.1294898986816406,1.0,8180.8349609375,7262.00390625,0.0,0.0,-1,-1,0.0,0,0,0.0,0
1,106,13801,0,10154.26953125,20,7498,1.0015062093734741,1.0971789360046387,1.0,10154.26953125,9260.8447265625,1.102305293083191,10073.9833984375,20,7496,1.0011155605316162,0,0,0.0,0
1,107,13801,0,8247.9951171875,20,11623,1.0019593238830566,1.1300559043884277,1.0,8247.9951171875,7301.951171875,0.0,0.0,-1,-1,0.0,0,0,0.0,0
1,108,13801,0,8259.7021484375,20,7497,1.0016530752182007,1.1238036155700684,1.0,8259.7021484375,7356.60693359375,0.0,0.0,-1,-1,0.0,0,0,0.0,0
1,109,13801,0,8003.39208984375,20,7497,1.0009374618530273,1.1272333860397339,1.0,8003.39208984375,7106.9599609375,0.0,0.0,-1,-1,0.0,0,0,0.0,0
1,110,13801,0,7933.2841796875,20,2204,1.0011993646621704,1.1378438472747803,1.0,7933.2841796875,6973.65380859375,0.0,0.0,-1,-1,0.0,0,0,0.0,0
1,111,13801,0,7771.1640625,20,2204,1.0007954835891724,1.1384353637695312,1.0,7771.1640625,6833.873046875,0.0,0.0,-1,-1,0.0,0,0,0.0,0
1,112,13801,0,7802.97021484375,20,10783,1.0006308555603027,1.1379643678665161,1.0,7802.97021484375,6856.955078125,0.0,0.0,-1,-1,0.0,0,0,0.0,0
1,113,13801,0,7893.60986328125,20,9699,1.0015195608139038,1.1334081888198853,1.0,7893.60986328125,6967.65478515625,0.0,0.0,-1,-1,0.0,0,0,0.0,0
1,114,13801,0,7984.27587890625,20,7498,1.0009597539901733,1.1266049146652222,1.0,7984.27587890625,7088.4580078125,0.0,0.0,-1,-1,0.0,0,0,0.0,0
1,115,13801,0,8651.4990234375,20,7498,1.0003174543380737,1.1154139041900635,1.0,8651.4990234375,7762.205078125,0.0,0.0,-1,-1,0.0,0,0,0.0,0
1,116,13801,0,45263.6875,0,12794,52.17914581298828,1.0094712972640991,3.480048656463623,13006.625,44839.00390625,1.1088874340057373,10011.4755859375,20,7489,1.0006183385849,3,0,45263.6875,0
1,117,13801,0,9534.7001953125,20,7498,1.001736044883728,1.1041959524154663,1.0,9534.7001953125,8643.01171875,0.0,0.0,-1,-1,0.0,0,0,0.0,0
1,118,13801,0,8616.125,20,2507,1.00249183177948,1.1198891401290894,1.0,8616.125,7693.72998046875,0.0,0.0,-1,-1,0.0,0,0,0.0,0
1,119,13801,0,8459.2578125,20,7498,1.001159429550171,1.1195306777954102,1.0,8459.2578125,7556.0751953125,0.0,0.0,-1,-1,0.0,0,0,0.0,0
1,120,13801,0,8090.72412109375,20,7497,1.0006906986236572,1.126169204711914,1.0,8090.72412109375,7185.9619140625,0.0,0.0,-1,-1,0.0,0,0,0.0,0
1,121,13801,0,10086.248046875,20,7498,1.0018821954727173,1.0971734523773193,1.0,10086.248046875,9207.4208984375,1.0994820594787598,10050.330078125,20,7497,1.001482605934143,0,0,0.0,0
1,122,13801,0,8639.2109375,20,2506,1.001279354095459,1.1219626665115356,1.0,8639.2109375,7709.18505859375,0.0,0.0,-1,-1,0.0,0,0,0.0,0
1,123,13801,0,10167.0498046875,20,2507,1.0032275915145874,1.1009985208511353,1.0,10167.0498046875,9234.3896484375,1.106978178024292,10101.69140625,20,2505,1.0025237798690796,0,0,0.0,0
1,124,13801,0,8108.5908203125,20,10784,1.001004934310913,1.1373010873794556,1.0,8108.5908203125,7129.67822265625,0.0,0.0,-1,-1,0.0,0,0,0.0,0
1,125,13801,0,8569.9345703125,20,11622,1.0005906820297241,1.1268737316131592,1.0,8569.9345703125,7613.35400390625,0.0,0.0,-1,-1,0.0,0,0,0.0,0
1,126,13801,0,8779.5517578125,20,7498,1.0018185377120972,1.1147559881210327,1.0,8779.5517578125,7877.5498046875,0.0,0.0,-1,-1,0.0,0,0,0.0,0
1,127,13801,0,8132.38623046875,20,9700,1.0019739866256714,1.1302413940429688,1.0,8132.38623046875,7202.1689453125,0.0,0.0,-1,-1,0.0,0,0,0.0,0
1,128,13801,0,7931.63818359375,20,9699,1.0017826557159424,1.1321786642074585,1.0,7931.63818359375,7019.64306640625,0.0,0.0,-1,-1,0.0,0,0,0.0,0
1,129,13801,0,11789.4619140625,20,7499,1.0019090175628662,1.0801352262496948,1.0,11789.4619140625,10914.8017578125,1.1143507957458496,10232.146484375,20,7490,1.0001027584075928,0,0,0.0,0
1,130,13801,0,14126.17578125,20,9703,1.0034849643707275,1.0629533529281616,1.0,14126.17578125,13289.5537109375,1.1193997859954834,10168.830078125,20,1882,1.0015811920166016,0,0,0.0,0
1,131,13801,0,154634.28125,12,9191,13563.8154296875,327.9081726074219,10.569767951965332,14629.865234375,154634.28125,327.9081726074219,154634.28125,12,9191,13563.8154296875,1,1,154634.28125,0
1,132,13801,0,9366.7890625,20,7498,1.0009095668792725,1.104688048362732,1.0,9366.7890625,8487.8388671875,0.0,0.0,-1,-1,0.0,0,0,0.0,0
1,133,13801,0,8441.083984375,20,7498,1.001592993736267,1.1190646886825562,1.0,8441.083984375,7542.98095703125,0.0,0.0,-1,-1,0.0,0,0,0.0,0
1,134,13801,0,8361.6552734375,20,11622,1.0022979974746704,1.1296348571777344,1.0,8361.6552734375,7402.0869140625,0.0,0.0,-1,-1,0.0,0,0,0.0,0
1,135,13801,0,8305.291015625,20,2206,1.002416729927063,1.1320013999938965,1.0,8305.291015625,7350.037109375,0.0,0.0,-1,-1,0.0,0,0,0.0,0
1,136,13801,0,8567.8486328125,20,7498,1.0016530752182007,1.116583228111267,1.0,8567.8486328125,7673.27392578125,0.0,0.0,-1,-1,0.0,0,0,0.0,0
1,137,13801,0,7992.44580078125,20,9702,1.0018445253372192,1.125386357307434,1.0,7992.44580078125,7101.95703125,0.0,0.0,-1,-1,0.0,0,0,0.0,0
1,138,13801,0,8448.3408203125,20,9700,1.0014433860778809,1.1205435991287231,1.0,8448.3408203125,7556.42919921875,0.0,0.0,-1,-1,0.0,0,0,0.0,0
1,139,13801,0,8648.4833984375,20,9701,1.0013728141784668,1.1159477233886719,1.0,8648.4833984375,7755.548828125,0.0,0.0,-1,-1,0.0,0,0,0.0,0
1,140,13801,0,8249.1572265625,20,11622,1.001129388809204,1.1316955089569092,1.0,8249.1572265625,7299.6171875,0.0,0.0,-1,-1,0.0,0,0,0.0,0
1,141,13801,0,8306.451171875,20,8323,1.0019237995147705,1.1380271911621094,1.0,8306.451171875,7298.9921875,0.0,0.0,-1,-1,0.0,0,0,0.0,0
1,142,13801,0,81868.8515625,12,10454,81868.8515625,5.223595142364502,4.267765522003174,19183.072265625,81868.8515625,5.223595142364502,81868.8515625,12,10454,81868.8515625,2,1,81868.8515625,0
1,143,13801,0,7879.17822265625,20,10784,1.0002516508102417,1.1365118026733398,1.0,7879.17822265625,6937.591796875,0.0,0.0,-1,-1,0.0,0,0,0.0,0
1,144,13801,0,9435.9931640625,20,7498,1.0019922256469727,1.1048814058303833,1.0,9435.9931640625,8545.1513671875,0.0,0.0,-1,-1,0.0,0,0,0.0,0
1,145,13801,0,11203.958984375,20,9702,1.0031505823135376,1.0849072933197021,1.0,11203.958984375,10327.1123046875,1.108635425567627,10082.822265625,20,7491,1.0007771253585815,0,0,0.0,0
1,146,13801,0,8570.2783203125,20,11766,1.0005587339401245,1.1268467903137207,1.0,8570.2783203125,7616.1611328125,0.0,0.0,-1,-1,0.0,0,0,0.0,0
1,147,13801,0,7728.01806640625,20,9698,1.0008375644683838,1.1375778913497925,1.0,7728.01806640625,6795.462890625,0.0,0.0,-1,-1,0.0,0,0,0.0,0
1,148,13801,0,10322.3349609375,20,7498,1.0019409656524658,1.0952503681182861,1.0,10322.3349609375,9427.96875,1.1069374084472656,10014.2646484375,20,7494,1.000758171081543,0,0,0.0,0
1,149,13801,0,8923.720703125,20,7498,1.0014231204986572,1.11074960231781,1.0,8923.720703125,8037.2080078125,0.0,0.0,-1,-1,0.0,0,0,0.0,0
1,150,13801,0,8567.197265625,20,2506,1.0017595291137695,1.1230616569519043,1.0,8567.197265625,7628.43017578125,0.0,0.0,-1,-1,0.0,0,0,0.0,0
1,151,13801,0,8035.046875,20,9699,1.0011438131332397,1.1325627565383911,1.0,8035.046875,7094.57080078125,0.0,0.0,-1,-1,0.0,0,0,0.0,0
1,152,13801,0,8716.7607421875,20,7499,1.0018903017044067,1.11240816116333,1.0,8716.7607421875,7835.93701171875,0.0,0.0,-1,-1,0.0,0,0,0.0,0
1,153,13801,0,9044.966796875,20,7498,1.0003472566604614,1.110813856124878,1.0,9044.966796875,8152.80712890625,0.0,0.0,-1,-1,0.0,0,0,0.0,0
1,154,13801,0,9023.8369140625,20,7498,1.0019081830978394,1.109989881515503,1.0,9023.8369140625,8130.3359375,0.0,0.0,-1,-1,0.0,0,0,0.0,0
1,155,13801,0,11525.888671875,20,9702,1.0026911497116089,1.0817878246307373,1.0,11525.888671875,10664.919921875,1.1113646030426025,10003.431640625,20,7490,0.9998862743377686,0,0,0.0,0
1,156,13801,0,8180.880859375,20,2206,1.002312421798706,1.1331299543380737,1.0,8180.880859375,7219.72021484375,0.0,0.0,-1,-1,0.0,0,0,0.0,0
1,157,13801,0,10904.7216796875,20,7499,1.0023338794708252,1.0871949195861816,1.0,10904.7216796875,10030.14453125,1.1095622777938843,10095.3662109375,20,7492,1.0011146068572998,0,0,0.0,0
1,158,13801,0,8107.93896484375,20,9700,1.002353310585022,1.1317615509033203,1.0,8107.93896484375,7163.9990234375,0.0,0.0,-1,-1,0.0,0,0,0.0,0
1,159,13801,0,9524.96484375,20,7498,1.002062439918518,1.1043000221252441,1.0,9524.96484375,8628.44140625,0.0,0.0,-1,-1,0.0,0,0,0.0,0
1,160,13801,0,11324.8857421875,20,9702,1.0023638010025024,1.0845977067947388,1.0,11324.8857421875,10441.5537109375,1.1121865510940552,10017.2392578125,20,9695,1.0010466575622559,0,0,0.0,0
1,161,13801,0,8548.6689453125,20,7498,1.0011764764785767,1.1165227890014648,1.0,8548.6689453125,7657.40380859375,0.0,0.0,-1,-1,0.0,0,0,0.0,0
1,162,13801,0,7914.53515625,20,10784,1.001254677772522,1.1351640224456787,1.0,7914.53515625,6972.15087890625,0.0,0.0,-1,-1,0.0,0,0,0.0,0
1,163,13801,0,8811.09765625,20,10785,1.0019965171813965,1.1301051378250122,1.0,8811.09765625,7810.56103515625,0.0,0.0,-1,-1,0.0,0,0,0.0,0
1,164,13801,0,8653.0,20,7498,1.0018291473388672,1.1165152788162231,1.0,8653.0,7750.0498046875,0.0,0.0,-1,-1,0.0,0,0,0.0,0
1,165,13801,0,8282.486328125,20,7498,1.0001981258392334,1.1219329833984375,1.0,8282.486328125,7389.59716796875,0.0,0.0,-1,-1,0.0,0,0,0.0,0
1,166,13801,0,8359.9189453125,20,11622,1.0020112991333008,1.1296930313110352,1.0,8359.9189453125,7400.1689453125,0.0,0.0,-1,-1,0.0,0,0,0.0,0
1,167,13801,0,8315.2568359375,20,7498,1.0007741451263428,1.1216297149658203,1.0,8315.2568359375,7416.7919921875,0.0,0.0,-1,-1,0.0,0,0,0.0,0
1,168,13801,0,8269.771484375,20,11766,1.0019274950027466,1.1316367387771606,1.0,8269.771484375,7307.796875,0.0,0.0,-1,-1,0.0,0,0,0.0,0
1,169,13801,0,8073.85595703125,20,7497,1.000869631767273,1.1266316175460815,1.0,8073.85595703125,7177.93798828125,0.0,0.0,-1,-1,0.0,0,0,0.0,0
1,170,13801,0,9808.2919921875,20,7498,1.0018832683563232,1.0988627672195435,1.0,9808.2919921875,8933.42578125,0.0,0.0,-1,-1,0.0,0,0,0.0,0
1,171,13801,0,10878.671875,20,7499,1.0025074481964111,1.087769865989685,1.0,10878.671875,10000.89453125,1.1104742288589478,10066.1728515625,20,7492,1.0006051063537598,0,0,0.0,0
1,172,13801,0,9192.4814453125,20,9702,1.0019128322601318,1.1059075593948364,1.0,9192.4814453125,8312.1611328125,0.0,0.0,-1,-1,0.0,0,0,0.0,0
1,173,13801,0,8405.5244140625,20,11766,1.002068281173706,1.1310263872146606,1.0,8405.5244140625,7432.962890625,0.0,0.0,-1,-1,0.0,0,0,0.0,0
1,174,13801,0,8491.056640625,20,7499,1.001708984375,1.1162464618682861,1.0,8491.056640625,7606.7939453125,0.0,0.0,-1,-1,0.0,0,0,0.0,0
1,175,13801,0,10213.953125,20,11623,1.002777099609375,1.1063307523727417,1.0,10213.953125,9232.2783203125,1.113481879234314,10118.7744140625,20,11621,1.0029107332229614,0,0,0.0,0
1,176,13801,0,9302.48046875,20,7498,1.0009266138076782,1.1074416637420654,1.0,9302.48046875,8409.052734375,0.0,0.0,-1,-1,0.0,0,0,0.0,0
1,177,13801,0,16256.7646484375,20,9703,1.0034350156784058,1.0522408485412598,1.0,16256.7646484375,15449.6611328125,1.1257498264312744,10081.1142578125,20,5008,1.1587822437286377,0,0,0.0,0
1,178,13801,0,10991.947265625,20,9702,1.002523422241211,1.0873082876205444,1.0,10991.947265625,10113.474609375,1.1099427938461304,10002.294921875,20,7491,1.0005983114242554,0,0,0.0,0
1,179,13801,0,8865.5517578125,20,7498,1.0006898641586304,1.1130967140197754,1.0,8865.5517578125,7972.00390625,0.0,0.0,-1,-1,0.0,0,0,0.0,0
1,180,13801,0,8989.2529296875,20,7499,1.002021074295044,1.1088881492614746,1.0,8989.2529296875,8106.5458984375,0.0,0.0,-1,-1,0.0,0,0,0.0,0
1,181,13801,0,10698.251953125,20,7499,1.0023343563079834,1.0889649391174316,1.0,10698.251953125,9824.2392578125,1.106835126876831,10103.1083984375,20,9698,1.001981496810913,0,0,0.0,0
1,182,13801,0,8876.83984375,20,7498,1.0017752647399902,1.113564133644104,1.0,8876.83984375,7971.55712890625,0.0,0.0,-1,-1,0.0,0,0,0.0,0
1,183,13801,0,10402.4296875,20,7498,1.001798152923584,1.0947736501693726,1.0,10402.4296875,9502.8623046875,1.1125125885009766,10038.0244140625,20,2504,1.0017565488815308,0,0,0.0,0
1,184,13801,0,12081.224609375,20,9702,1.0028549432754517,1.0779509544372559,1.0,12081.224609375,11219.3173828125,1.1115307807922363,10150.7919921875,20,9694,0.9993460178375244,0,0,0.0,0
1,185,13801,0,60507.45703125,13,4084,2360.759765625,100.15535736083984,4.394059181213379,13770.287109375,60507.45703125,100.15535736083984,60507.45703125,13,4084,2360.759765625,1,1,60507.45703125,0
1,186,13801,0,10343.7666015625,20,9702,1.0017001628875732,1.0921703577041626,1.0,10343.7666015625,9470.8359375,1.1029353141784668,10025.4736328125,20,9698,1.0017517805099487,0,0,0.0,0
1,187,13801,0,9256.712890625,20,7498,1.0014270544052124,1.1063663959503174,1.0,9256.712890625,8368.853515625,0.0,0.0,-1,-1,0.0,0,0,0.0,0
1,188,13801,0,9117.0908203125,20,8043,1.0005080699920654,1.1032134294509888,1.0,9117.0908203125,8264.1220703125,0.0,0.0,-1,-1,0.0,0,0,0.0,0
1,189,13801,0,8156.29296875,20,9699,1.0020157098770142,1.1321762800216675,1.0,8156.29296875,7212.7412109375,0.0,0.0,-1,-1,0.0,0,0,0.0,0
1,190,13801,0,8264.1552734375,20,9700,1.0024151802062988,1.1300526857376099,1.0,8264.1552734375,7317.27001953125,0.0,0.0,-1,-1,0.0,0,0,0.0,0
1,191,13801,0,8152.15185546875,20,9699,1.0020020008087158,1.132220983505249,1.0,8152.15185546875,7208.69921875,0.0,0.0,-1,-1,0.0,0,0,0.0,0
1,192,13801,0,8750.7822265625,20,7498,1.0009739398956299,1.1139017343521118,1.0,8750.7822265625,7860.2509765625,0.0,0.0,-1,-1,0.0,0,0,0.0,0
1,193,13801,0,8234.1162109375,20,7498,1.0008621215820312,1.1223115921020508,1.0,8234.1162109375,7338.33984375,0.0,0.0,-1,-1,0.0,0,0,0.0,0
1,194,13801,0,9088.8349609375,20,7499,1.0020052194595337,1.1082570552825928,1.0,9088.8349609375,8201.0166015625,0.0,0.0,-1,-1,0.0,0,0,0.0,0
1,195,13801,0,7801.8759765625,20,2202,1.0009686946868896,1.1410282850265503,1.0,7801.8759765625,6847.0361328125,0.0,0.0,-1,-1,0.0,0,0,0.0,0
1,196,13801,0,8683.7763671875,20,7498,1.0012177228927612,1.1147700548171997,1.0,8683.7763671875,7789.7470703125,0.0,0.0,-1,-1,0.0,0,0,0.0,0
1,197,13801,0,12032.830078125,20,9702,1.002394676208496,1.0761194229125977,1.0,12032.830078125,11193.837890625,1.1073830127716064,10110.5341796875,20,9693,1.0005180835723877,0,0,0.0,0
1,198,13801,0,7961.8291015625,20,9699,1.0019618272781372,1.1329295635223389,1.0,7961.8291015625,7027.64697265625,0.0,0.0,-1,-1,0.0,0,0,0.0,0
1,199,13801,0,9660.3564453125,20,7498,1.001264214515686,1.1013035774230957,1.0,9660.3564453125,8782.6416015625,0.0,0.0,-1,-1,0.0,0,0,0.0,0
1,200,13801,0,8697.6328125,20,7498,1.0005006790161133,1.1150232553482056,1.0,8697.6328125,7805.34521484375,0.0,0.0,-1,-1,0.0,0,0,0.0,0
1,201,13801,0,9674.2275390625,20,7498,1.001165509223938,1.10105562210083,1.0,9674.2275390625,8800.0947265625,0.0,0.0,-1,-1,0.0,0,0,0.0,0
1,202,8908,0,1.3214083299850322e+18,20,8907,1.9999991655349731,1.1294088607637176e+18,1.0,1.3214083299850322e+18,11711385960448.0,1.1294088607637176e+18,1.3214083299850322e+18,20,8907,1.9999991655349731,31,26,1345551728640.0,1
1,203,13801,0,8558.1005859375,20,7498,1.001585602760315,1.1167006492614746,1.0,8558.1005859375,7663.73779296875,0.0,0.0,-1,-1,0.0,0,0,0.0,0
1,204,13801,0,7967.05712890625,20,2205,1.0012003183364868,1.1373339891433716,1.0,7967.05712890625,7005.02880859375,0.0,0.0,-1,-1,0.0,0,0,0.0,0
1,205,13801,0,9894.7197265625,20,7498,1.0019234418869019,1.100352168083191,1.0,9894.7197265625,8992.3212890625,0.0,0.0,-1,-1,0.0,0,0,0.0,0
1,206,13801,0,9203.3349609375,20,7499,1.0018428564071655,1.1051337718963623,1.0,9203.3349609375,8327.8017578125,0.0,0.0,-1,-1,0.0,0,0,0.0,0
1,207,13801,0,9408.892578125,20,7498,1.0019844770431519,1.1058467626571655,1.0,9408.892578125,8513.2421875,0.0,0.0,-1,-1,0.0,0,0,0.0,0
1,208,13801,0,8489.9208984375,20,11622,1.0016061067581177,1.1286324262619019,1.0,8489.9208984375,7524.6982421875,0.0,0.0,-1,-1,0.0,0,0,0.0,0
1,209,13801,0,9029.6494140625,20,7498,1.0017073154449463,1.1095964908599854,1.0,9029.6494140625,8142.05615234375,0.0,0.0,-1,-1,0.0,0,0,0.0,0
1,210,13801,0,8825.0078125,20,7499,1.0017879009246826,1.1111091375350952,1.0,8825.0078125,7942.52099609375,0.0,0.0,-1,-1,0.0,0,0,0.0,0
1,211,13801,0,8734.2041015625,20,9701,1.0015815496444702,1.1147617101669312,1.0,8734.2041015625,7841.85888671875,0.0,0.0,-1,-1,0.0,0,0,0.0,0
1,212,13801,0,10039.08203125,20,7498,1.0018870830535889,1.096733570098877,1.0,10039.08203125,9164.6787109375,1.0988821983337402,10005.404296875,20,7497,1.0012485980987549,0,0,0.0,0
1,213,13801,0,8139.60205078125,20,7498,1.0014607906341553,1.1236035823822021,1.0,8139.60205078125,7244.19384765625,0.0,0.0,-1,-1,0.0,0,0,0.0,0
1,214,13801,0,10482.6865234375,20,9702,1.0020147562026978,1.0905728340148926,1.0,10482.6865234375,9612.091796875,1.1012940406799316,10148.1533203125,20,9698,1.0011528730392456,0,0,0.0,0
1,215,3716,0,3.779724602352075e+18,20,3715,2.0,3.779724602352075e+18,1.0,3.779724602352075e+18,27038362632192.0,3.779724602352075e+18,3.779724602352075e+18,20,3715,2.0,10,7,238894536720384.0,1
1,216,13801,0,8176.97119140625,20,7497,1.001049280166626,1.124473214149475,1.0,8176.97119140625,7279.9990234375,0.0,0.0,-1,-1,0.0,0,0,0.0,0
1,217,13801,0,9916.8330078125,20,7498,1.0016193389892578,1.0987842082977295,1.0,9916.8330078125,9038.685546875,0.0,0.0,-1,-1,0.0,0,0,0.0,0
1,218,13801,0,8071.17578125,20,9700,1.002282738685608,1.1314809322357178,1.0,8071.17578125,7133.28515625,0.0,0.0,-1,-1,0.0,0,0,0.0,0
1,219,13801,0,8169.66796875,20,9700,1.000411868095398,1.1235640048980713,1.0,8169.66796875,7277.3330078125,0.0,0.0,-1,-1,0.0,0,0,0.0,0
1,220,13801,0,7997.966796875,20,7497,1.0008840560913086,1.1270537376403809,1.0,7997.966796875,7096.34912109375,0.0,0.0,-1,-1,0.0,0,0,0.0,0
1,221,13801,0,13956.4658203125,20,7500,1.0028027296066284,1.0652388334274292,1.0,13956.4658203125,13101.724609375,1.1197164058685303,10042.568359375,20,2503,1.0050469636917114,0,0,0.0,0
1,222,13801,0,8080.19580078125,20,2206,1.0016652345657349,1.1341031789779663,1.0,8080.19580078125,7124.7451171875,0.0,0.0,-1,-1,0.0,0,0,0.0,0
1,223,13801,0,9891.3330078125,20,7499,1.0022274255752563,1.0977797508239746,1.0,9891.3330078125,9010.3076171875,0.0,0.0,-1,-1,0.0,0,0,0.0,0
1,224,13801,0,9696.572265625,20,7499,1.0021028518676758,1.0995339155197144,1.0,9696.572265625,8818.802734375,0.0,0.0,-1,-1,0.0,0,0,0.0,0
1,225,13801,0,8443.544921875,20,7498,1.001112461090088,1.1193417310714722,1.0,8443.544921875,7543.31298828125,0.0,0.0,-1,-1,0.0,0,0,0.0,0
1,226,13801,0,8901.5693359375,20,9701,1.0018091201782227,1.1117236614227295,1.0,8901.5693359375,8017.47705078125,0.0,0.0,-1,-1,0.0,0,0,0.0,0
1,227,13801,0,8361.439453125,20,7498,1.0009500980377197,1.120782494544983,1.0,8361.439453125,7460.35888671875,0.0,0.0,-1,-1,0.0,0,0,0.0,0
1,228,13801,0,8949.79296875,20,2507,1.002302885055542,1.1154272556304932,1.0,8949.79296875,8023.64599609375,0.0,0.0,-1,-1,0.0,0,0,0.0,0
1,229,13801,0,7982.333984375,20,2204,1.001215934753418,1.137996792793274,1.0,7982.333984375,7018.7001953125,0.0,0.0,-1,-1,0.0,0,0,0.0,0
1,230,13801,0,8355.0693359375,20,11622,1.001548171043396,1.1297467947006226,1.0,8355.0693359375,7395.52392578125,0.0,0.0,-1,-1,0.0,0,0,0.0,0
1,231,13801,0,14159.9697265625,20,9703,1.0034852027893066,1.0625163316726685,1.0,14159.9697265625,13326.8251953125,1.1190835237503052,10215.908203125,20,7488,1.0044670104980469,0,0,0.0,0
1,232,13801,0,7788.88623046875,20,2204,1.0006886720657349,1.1380730867385864,1.0,7788.88623046875,6843.9248046875,0.0,0.0,-1,-1,0.0,0,0,0.0,0
1,233,13801,0,8490.6171875,20,7498,1.0015000104904175,1.1176167726516724,1.0,8490.6171875,7597.07421875,0.0,0.0,-1,-1,0.0,0,0,0.0,0
1,234,13801,0,8050.14599609375,20,8322,1.0022022724151611,1.140146255493164,1.0,8050.14599609375,7063.88720703125,0.0,0.0,-1,-1,0.0,0,0,0.0,0
1,235,13801,0,7916.37890625,20,7497,1.002091646194458,1.1295127868652344,1.0,7916.37890625,7008.6669921875,0.0,0.0,-1,-1,0.0,0,0,0.0,0
1,236,13801,0,8624.6494140625,20,2207,1.001339316368103,1.1300783157348633,1.0,8624.6494140625,7641.2919921875,0.0,0.0,-1,-1,0.0,0,0,0.0,0
1,237,13801,0,8521.3212890625,20,7498,1.0014656782150269,1.1174612045288086,1.0,8521.3212890625,7625.69677734375,0.0,0.0,-1,-1,0.0,0,0,0.0,0
1,238,13801,0,7878.587890625,20,9700,1.0019415616989136,1.1322108507156372,1.0,7878.587890625,6959.98193359375,0.0,0.0,-1,-1,0.0,0,0,0.0,0
1,239,13801,0,8557.29296875,20,7497,1.0010628700256348,1.11820650100708,1.0,8557.29296875,7663.9267578125,0.0,0.0,-1,-1,0.0,0,0,0.0,0
1,240,13801,0,9953.330078125,20,7499,1.0020772218704224,1.0970501899719238,1.0,9953.330078125,9072.8115234375,0.0,0.0,-1,-1,0.0,0,0,0.0,0
1,241,13801,0,8319.955078125,20,2206,1.001326084136963,1.1335314512252808,1.0,8319.955078125,7352.3662109375,0.0,0.0,-1,-1,0.0,0,0,0.0,0
1,242,13801,0,8788.7841796875,20,2506,1.0018367767333984,1.1189093589782715,1.0,8788.7841796875,7855.9990234375,0.0,0.0,-1,-1,0.0,0,0,0.0,0
1,243,13801,0,66628.171875,13,4748,66628.171875,261.0013732910156,3.8586244583129883,17267.337890625,66628.171875,261.0013732910156,66628.171875,13,4748,66628.171875,2,1,66628.171875,0
1,244,13801,0,8002.630859375,20,9699,1.0020103454589844,1.132672905921936,1.0,8002.630859375,7065.26220703125,0.0,0.0,-1,-1,0.0,0,0,0.0,0
1,245,13801,0,7884.72705078125,20,2205,1.0012575387954712,1.1379579305648804,1.0,7884.72705078125,6928.8388671875,0.0,0.0,-1,-1,0.0,0,0,0.0,0
1,246,13801,0,10374.8935546875,20,7499,1.0023044347763062,1.092832326889038,1.0,10374.8935546875,9493.58203125,1.1070144176483154,10006.7314453125,20,7494,1.0005664825439453,0,0,0.0,0
1,247,13801,0,9071.0234375,20,7498,1.0009033679962158,1.110587239265442,1.0,9071.0234375,8172.68115234375,0.0,0.0,-1,-1,0.0,0,0,0.0,0
1,248,13801,0,8347.900390625,20,11766,1.0016248226165771,1.1307693719863892,1.0,8347.900390625,7382.49609375,0.0,0.0,-1,-1,0.0,0,0,0.0,0
1,249,13801,0,9439.21484375,20,7498,1.0007573366165161,1.1041314601898193,1.0,9439.21484375,8560.626953125,0.0,0.0,-1,-1,0.0,0,0,0.0,0
1,250,13801,0,10435.0478515625,20,9702,1.002102017402649,1.090957760810852,1.0,10435.0478515625,9565.0341796875,1.1014628410339355,10111.25,20,9698,1.0008389949798584,0,0,0.0,0
1,251,13801,0,8091.4072265625,20,9699,1.0020509958267212,1.1325461864471436,1.0,8091.4072265625,7148.759765625,0.0,0.0,-1,-1,0.0,0,0,0.0,0
1,252,13801,0,10356.177734375,20,7499,1.0017802715301514,1.091806173324585,1.0,10356.177734375,9485.36328125,1.104894757270813,10011.4775390625,20,7494,1.0014954805374146,0,0,0.0,0
1,253,13801,0,14351.9638671875,20,9703,1.0031967163085938,1.0606768131256104,1.0,14351.9638671875,14235.212890625,20.695409774780273,14235.212890625,13,9753,75.18830108642578,1,0,14235.212890625,0
1,254,13801,0,9101.974609375,20,2506,1.0023086071014404,1.1152184009552002,1.0,9101.974609375,8171.91796875,0.0,0.0,-1,-1,0.0,0,0,0.0,0
1,255,13801,0,8257.9697265625,20,7497,1.0007997751235962,1.1237754821777344,1.0,8257.9697265625,7364.5810546875,0.0,0.0,-1,-1,0.0,0,0,0.0,0
1,256,13801,0,9057.8662109375,20,7498,1.0018280744552612,1.1102710962295532,1.0,9057.8662109375,8158.2470703125,0.0,0.0,-1,-1,0.0,0,0,0.0,0
1,257,13801,0,8929.623046875,20,7498,1.0011907815933228,1.1113888025283813,1.0,8929.623046875,8038.29296875,0.0,0.0,-1,-1,0.0,0,0,0.0,0
1,258,13801,0,8426.3828125,20,7498,1.0018807649612427,1.1201027631759644,1.0,8426.3828125,7522.8662109375,0.0,0.0,-1,-1,0.0,0,0,0.0,0
1,259,13801,0,8050.89306640625,20,9699,1.0016098022460938,1.132551908493042,1.0,8050.89306640625,7108.630859375,0.0,0.0,-1,-1,0.0,0,0,0.0,0
1,260,13801,0,9045.763671875,20,7499,1.001879096031189,1.1076477766036987,1.0,9045.763671875,8166.64306640625,0.0,0.0,-1,-1,0.0,0,0,0.0,0
1,261,13801,0,8234.474609375,20,7498,1.001952052116394,1.1226541996002197,1.0,8234.474609375,7334.8271484375,0.0,0.0,-1,-1,0.0,0,0,0.0,0
1,262,13801,0,8979.556640625,20,7498,1.0008487701416016,1.1100044250488281,1.0,8979.556640625,8093.47314453125,0.0,0.0,-1,-1,0.0,0,0,0.0,0
1,263,13801,0,8037.7587890625,20,9700,1.0021319389343262,1.131630778312683,1.0,8037.7587890625,7102.81005859375,0.0,0.0,-1,-1,0.0,0,0,0.0,0
1,264,13801,0,9957.888671875,20,7498,1.0018839836120605,1.0990056991577148,1.0,9957.888671875,9070.1201171875,0.0,0.0,-1,-1,0.0,0,0,0.0,0
1,265,13801,0,10971.359375,20,7499,1.00166654586792,1.0864372253417969,1.0,10971.359375,10098.4755859375,1.1084519624710083,10173.8828125,20,7492,1.000344157218933,0,0,0.0,0
1,266,13801,0,8683.0234375,20,7498,1.0015592575073242,1.1157091856002808,1.0,8683.0234375,7782.51513671875,0.0,0.0,-1,-1,0.0,0,0,0.0,0
1,267,13801,0,9959.28125,20,7499,1.0020742416381836,1.095911979675293,1.0,9959.28125,9087.6650390625,0.0,0.0,-1,-1,0.0,0,0,0.0,0
1,268,13801,0,9700.9853515625,20,9702,1.001971960067749,1.0984219312667847,1.0,9700.9853515625,8831.748046875,0.0,0.0,-1,-1,0.0,0,0,0.0,0
1,269,13801,0,8077.85400390625,20,7497,1.0009700059890747,1.1261037588119507,1.0,8077.85400390625,7173.70703125,0.0,0.0,-1,-1,0.0,0,0,0.0,0
1,270,13801,0,9089.0703125,20,11623,1.0020533800125122,1.1173877716064453,1.0,9089.0703125,8134.212890625,0.0,0.0,-1,-1,0.0,0,0,0.0,0
1,271,13801,0,9968.9501953125,20,2507,1.0022947788238525,1.1035879850387573,1.0,9968.9501953125,9033.2177734375,0.0,0.0,-1,-1,0.0,0,0,0.0,0
1,272,13801,0,10035.34765625,20,2506,1.0024007558822632,1.1048237085342407,1.0,10035.34765625,9093.21484375,1.1078076362609863,10000.6103515625,20,2505,1.0024644136428833,0,0,0.0,0
1,273,13801,0,8408.56640625,20,7498,1.0008729696273804,1.1199243068695068,1.0,8408.56640625,7508.15576171875,0.0,0.0,-1,-1,0.0,0,0,0.0,0
1,274,13801,0,9493.873046875,20,7498,1.0018621683120728,1.104775071144104,1.0,9493.873046875,8593.4892578125,0.0,0.0,-1,-1,0.0,0,0,0.0,0
1,275,13801,0,8033.0087890625,20,2204,1.0009671449661255,1.137335181236267,1.0,8033.0087890625,7084.6748046875,0.0,0.0,-1,-1,0.0,0,0,0.0,0
1,276,13801,0,8239.7685546875,20,2205,1.0019519329071045,1.1330819129943848,1.0,8239.7685546875,7275.77392578125,0.0,0.0,-1,-1,0.0,0,0,0.0,0
1,277,13801,0,9008.98046875,20,2208,1.0017201900482178,1.1239537000656128,1.0,9008.98046875,8027.0087890625,0.0,0.0,-1,-1,0.0,0,0,0.0,0
1,278,13801,0,9328.619140625,20,7498,1.0019830465316772,1.1069598197937012,1.0,9328.619140625,8428.587890625,0.0,0.0,-1,-1,0.0,0,0,0.0,0
1,279,13801,0,10607.4501953125,20,7499,1.0016206502914429,1.0902513265609741,1.0,10607.4501953125,9729.3623046875,1.1083979606628418,10035.048828125,20,7493,1.0012518167495728,0,0,0.0,0
1,280,13801,0,10354.982421875,20,7499,1.0021849870681763,1.0929489135742188,1.0,10354.982421875,9474.3515625,1.1035135984420776,10125.431640625,20,7495,1.001664161682129,0,0,0.0,0
1,281,13801,0,8165.2421875,20,2205,1.000877857208252,1.136862874031067,1.0,8165.2421875,7203.11181640625,0.0,0.0,-1,-1,0.0,0,0,0.0,0
1,282,13801,0,8293.1171875,20,11766,1.0014262199401855,1.131134033203125,1.0,8293.1171875,7331.68408203125,0.0,0.0,-1,-1,0.0,0,0,0.0,0
1,283,13801,0,8030.47021484375,20,2205,1.001293659210205,1.1374993324279785,1.0,8030.47021484375,7059.7578125,0.0,0.0,-1,-1,0.0,0,0,0.0,0
1,284,13801,0,9401.140625,20,2506,1.0025638341903687,1.1122173070907593,1.0,9401.140625,8468.51953125,0.0,0.0,-1,-1,0.0,0,0,0.0,0
1,285,13801,0,8766.4326171875,20,7497,1.001686930656433,1.115099549293518,1.0,8766.4326171875,7881.73291015625,0.0,0.0,-1,-1,0.0,0,0,0.0,0
1,286,13801,0,9621.7490234375,20,11622,1.002427101135254,1.1138569116592407,1.0,9621.7490234375,8657.5693359375,0.0,0.0,-1,-1,0.0,0,0,0.0,0
1,287,13801,0,8541.865234375,20,11766,1.0011640787124634,1.1288912296295166,1.0,8541.865234375,7574.57080078125,0.0,0.0,-1,-1,0.0,0,0,0.0,0
1,288,13801,0,10976.0517578125,20,7499,1.0022313594818115,1.0853861570358276,1.0,10976.0517578125,10112.578125,1.1102962493896484,10008.8837890625,20,7491,1.0004185438156128,0,0,0.0,0
1,289,13801,0,9995.85546875,20,7498,1.0020509958267212,1.097491979598999,1.0,9995.85546875,9117.2529296875,0.0,0.0,-1,-1,0.0,0,0,0.0,0
1,290,13801,0,11835.9833984375,20,9702,1.0033352375030518,1.0811214447021484,1.0,11835.9833984375,10956.9873046875,1.1149684190750122,10137.4306640625,20,7490,1.0011489391326904,0,0,0.0,0
1,291,13801,0,10336.138671875,20,7499,1.0021865367889404,1.0917778015136719,1.0,10336.138671875,9467.2548828125,1.104407548904419,10007.6201171875,20,7494,1.0006800889968872,0,0,0.0,0
1,292,13801,0,12455.20703125,20,7499,1.0023090839385986,1.0757017135620117,1.0,12455.20703125,11578.681640625,1.1243730783462524,10286.7646484375,20,7485,1.109604835510254,0,0,0.0,0
1,293,13801,0,9112.7353515625,20,7498,1.001500129699707,1.1098712682724,1.0,9112.7353515625,8213.3466796875,0.0,0.0,-1,-1,0.0,0,0,0.0,0
1,294,13801,0,9728.2197265625,20,2507,1.0028598308563232,1.1071337461471558,1.0,9728.2197265625,8786.8515625,0.0,0.0,-1,-1,0.0,0,0,0.0,0
1,295,13801,0,8582.47265625,20,7498,1.001461386680603,1.1165988445281982,1.0,8582.47265625,7686.26318359375,0.0,0.0,-1,-1,0.0,0,0,0.0,0
1,296,13801,0,8040.15185546875,20,10783,1.0012375116348267,1.1376240253448486,1.0,8040.15185546875,7079.23779296875,0.0,0.0,-1,-1,0.0,0,0,0.0,0
1,297,13801,0,10697.759765625,20,7499,1.0018013715744019,1.0893691778182983,1.0,10697.759765625,9820.1416015625,1.1076353788375854,10111.3876953125,20,7493,1.0011402368545532,0,0,0.0,0
1,298,13801,0,46522.76171875,1,12730,46522.76171875,6.039337635040283,4.194690704345703,11090.8681640625,46522.76171875,10.073450088500977,11664.017578125,1,12734,11664.017578125,3,0,46522.76171875,0
1,299,13801,0,8026.89599609375,20,7497,1.000402808189392,1.1275250911712646,1.0,8026.89599609375,7121.8671875,0.0,0.0,-1,-1,0.0,0,0,0.0,0
1,300,13801,0,10760.71875,20,2506,1.0036025047302246,1.0987337827682495,1.0,10760.71875,9809.12890625,1.1198313236236572,10047.193359375,20,4897,1.0028789043426514,0,0,0.0,0
3,1,13801,0,9924.8837890625,20,11757,1.0016103982925415,1.1105976104736328,1.0,9924.8837890625,8938.0341796875,0.0,0.0,-1,-1,0.0,0,0,0.0,0
3,2,13801,0,13494.748046875,20,7492,1.002820611000061,1.072718620300293,1.0,13494.748046875,12579.951171875,1.1198421716690063,10071.978515625,20,11609,1.000767469406128,0,0,0.0,0
3,3,13801,0,10093.328125,20,7491,1.0013298988342285,1.0992263555526733,1.0,10093.328125,9182.2109375,1.1031417846679688,10018.609375,20,7488,1.0003217458724976,0,0,0.0,0
3,4,13801,0,10758.5302734375,20,7491,1.001816749572754,1.0949798822402954,1.0,10758.5302734375,9825.3427734375,1.114554524421692,10011.4111328125,20,11610,1.0023874044418335,0,0,0.0,0
3,5,13801,0,17702.86328125,20,9696,1.0035983324050903,1.0511963367462158,1.0,17702.86328125,16840.681640625,1.1246775388717651,10022.2890625,20,11611,0.9988579750061035,0,0,0.0,0
3,6,13801,0,10725.3046875,20,7491,1.00150728225708,1.0937671661376953,1.0,10725.3046875,9812.2626953125,1.1095964908599854,10052.8935546875,20,2493,1.000976800918579,0,0,0.0,0
3,7,13801,0,12732.880859375,20,7492,1.0026071071624756,1.0782405138015747,1.0,12732.880859375,11808.943359375,1.1190335750579834,10042.9541015625,20,7477,1.0026133060455322,0,0,0.0,0
3,8,13801,0,9536.361328125,20,7489,1.001371145248413,1.108090877532959,1.0,9536.361328125,8606.1181640625,0.0,0.0,-1,-1,0.0,0,0,0.0,0
3,9,13801,0,28406.517578125,0,720,25.627830505371094,1.0444262027740479,2.319291591644287,12247.9287109375,27198.203125,1.107883334159851,10098.91796875,20,7480,0.9991177320480347,0,0,0.0,0
3,10,13801,0,10856.8427734375,20,7492,1.0017917156219482,1.0915151834487915,1.0,10856.8427734375,9946.580078125,1.1109626293182373,10041.87890625,20,2493,0.9997829794883728,0,0,0.0,0
3,11,13801,0,9684.1552734375,20,7490,1.0006994009017944,1.1058553457260132,1.0,9684.1552734375,8757.1630859375,0.0,0.0,-1,-1,0.0,0,0,0.0,0
3,12,13801,0,9546.6669921875,20,7489,1.0015983581542969,1.1080904006958008,1.0,9546.6669921875,8615.4228515625,0.0,0.0,-1,-1,0.0,0,0,0.0,0
3,13,13801,0,12992.6748046875,20,7492,1.0021823644638062,1.0763190984725952,1.0,12992.6748046875,12071.396484375,1.119760513305664,10025.6064453125,20,11608,1.0026252269744873,0,0,0.0,0
3,14,13801,0,10190.0966796875,20,7490,1.001358151435852,1.1017862558364868,1.0,10190.0966796875,9260.1767578125,1.1102548837661743,10009.728515625,20,2495,1.0012145042419434,0,0,0.0,0
3,15,13801,0,11587.8935546875,20,8316,1.007568359375,1.104453444480896,1.0,11587.8935546875,10491.970703125,1.122947096824646,10300.55859375,20,8310,1.0047755241394043,0,0,0.0,0
3,16,13801,0,12528.884765625,20,7492,1.0019502639770508,1.0785143375396729,1.0,12528.884765625,11616.7998046875,1.1175850629806519,10031.3095703125,20,2429,1.003282070159912,0,0,0.0,0
3,17,13801,0,10006.6220703125,20,7491,1.0009026527404785,1.1001129150390625,1.0,10006.6220703125,9095.9951171875,1.101242184638977,10002.4287109375,20,7490,1.0013447999954224,0,0,0.0,0
3,18,13801,0,10007.48828125,20,7490,1.0008548498153687,1.1037482023239136,1.0,10007.48828125,9073.4951171875,1.1037482023239136,10007.48828125,20,7490,1.0008548498153687,0,0,0.0,0
3,19,13801,0,10592.9443359375,20,7491,1.0017017126083374,1.0949161052703857,1.0,10592.9443359375,9678.423828125,1.1088786125183105,10012.9130859375,20,7483,1.0003629922866821,0,0,0.0,0
3,20,13801,0,9705.2109375,20,10774,1.001518726348877,1.1131409406661987,1.0,9705.2109375,8719.662109375,0.0,0.0,-1,-1,0.0,0,0,0.0,0
3,21,13801,0,13863.2421875,20,7492,1.0028095245361328,1.0693622827529907,1.0,13863.2421875,12964.02734375,1.1194219589233398,10021.779296875,20,7476,1.0017846822738647,0,0,0.0,0
3,22,13801,0,10958.0869140625,20,7492,1.002229928970337,1.0915682315826416,1.0,10958.0869140625,10038.84765625,1.115756630897522,10017.7275390625,20,2490,0.9998157024383545,0,0,0.0,0
3,23,13801,0,12193.2822265625,20,7492,1.0019638538360596,1.0820585489273071,1.0,12193.2822265625,11268.59765625,1.118712067604065,10001.6787109375,20,7478,1.0020959377288818,0,0,0.0,0
3,24,13801,0,12924.1015625,20,2499,1.003481388092041,1.0837713479995728,1.0,12924.1015625,11929.4931640625,1.1250629425048828,10023.03125,20,2427,1.0018442869186401,0,0,0.0,0
3,25,13801,0,9638.3369140625,20,2496,1.0008952617645264,1.1093134880065918,1.0,9638.3369140625,8700.0400390625,0.0,0.0,-1,-1,0.0,0,0,0.0,0
3,26,13801,0,9871.189453125,20,10774,1.001636266708374,1.1125009059906006,1.0,9871.189453125,8887.7734375,0.0,0.0,-1,-1,0.0,0,0,0.0,0
3,27,13801,0,9836.365234375,20,10776,1.0021276473999023,1.109851598739624,1.0,9836.365234375,8862.775390625,0.0,0.0,-1,-1,0.0,0,0,0.0,0
3,28,13801,0,10400.44140625,20,7491,1.001866340637207,1.0980948209762573,1.0,10400.44140625,9471.3505859375,1.1111066341400146,10032.892578125,20,2494,1.0010840892791748,0,0,0.0,0
3,29,13801,0,12701.5283203125,20,7492,1.0019537210464478,1.0762020349502563,1.0,12701.5283203125,11802.1787109375,1.1160470247268677,10017.5859375,20,11610,1.0016324520111084,0,0,0.0,0
3,30,13801,0,12830.5615234375,20,7492,1.0028184652328491,1.0775421857833862,1.0,12830.5615234375,11907.248046875,1.1197282075881958,10164.26953125,20,2426,1.0020211935043335,0,0,0.0,0
3,31,13801,0,10133.9140625,20,7491,1.0005089044570923,1.1002999544143677,1.0,10133.9140625,9216.005859375,1.1063250303268433,10004.3232421875,20,7487,0.9994233250617981,0,0,0.0,0
3,32,13801,0,16347.767578125,20,2499,1.0072047710418701,1.0706578493118286,1.0,16347.767578125,15302.841796875,1.1384201049804688,10197.22265625,20,2489,0.9827017784118652,0,0,0.0,0
3,33,13801,0,11311.212890625,20,7492,1.0023032426834106,1.088647484779358,1.0,11311.212890625,10390.15234375,1.1161503791809082,10048.2900390625,20,2490,0.9991071820259094,0,0,0.0,0
3,34,13801,0,11163.7119140625,20,7491,1.0014299154281616,1.091992974281311,1.0,11163.7119140625,10239.6240234375,1.1167640686035156,10079.4853515625,20,2489,1.0024605989456177,0,0,0.0,0
3,35,13801,0,13557.48828125,20,7492,1.0028260946273804,1.0740092992782593,1.0,13557.48828125,12623.5986328125,1.1230617761611938,10018.046875,20,7477,0.9979082942008972,0,0,0.0,0
3,36,13801,0,14060.404296875,20,7492,1.0031901597976685,1.071029543876648,1.0,14060.404296875,13127.93359375,1.1267527341842651,10161.474609375,20,2488,1.002058744430542,0,0,0.0,0
3,37,13801,0,10245.1630859375,20,7491,1.0018986463546753,1.0999536514282227,1.0,10245.1630859375,9314.1767578125,1.1124272346496582,10004.7890625,20,11755,0.9999909996986389,0,0,0.0,0
3,38,13801,0,9977.2080078125,20,10776,1.0021388530731201,1.1093415021896362,1.0,9977.2080078125,8993.8115234375,0.0,0.0,-1,-1,0.0,0,0,0.0,0
3,39,13801,0,10954.0830078125,20,4895,1.0020716190338135,1.0970947742462158,1.0,10954.0830078125,9984.6279296875,1.1172194480895996,10005.8818359375,20,11606,1.0024467706680298,0,0,0.0,0
3,40,13801,0,10400.697265625,20,7491,1.0019458532333374,1.0987313985824585,1.0,10400.697265625,9466.0966796875,1.1141334772109985,10003.666015625,20,11610,1.000015377998352,0,0,0.0,0
3,41,13801,0,9953.1767578125,20,7491,1.0010592937469482,1.1004382371902466,1.0,9953.1767578125,9044.7392578125,0.0,0.0,-1,-1,0.0,0,0,0.0,0
3,42,13801,0,10943.0712890625,20,7491,1.0019903182983398,1.0934972763061523,1.0,10943.0712890625,10007.9169921875,1.1154239177703857,10041.0361328125,20,11609,1.0013487339019775,0,0,0.0,0
3,43,13801,0,12657.943359375,20,7492,1.0026583671569824,1.0786956548690796,1.0,12657.943359375,11734.490234375,1.1192318201065063,10025.14453125,20,7477,1.002465844154358,0,0,0.0,0
3,44,13801,0,13233.14453125,20,11617,1.004233956336975,1.0823266506195068,1.0,13233.14453125,12226.5712890625,1.1241345405578613,10334.3896484375,20,11605,1.0038533210754395,0,0,0.0,0
3,45,13801,0,9611.3349609375,20,11755,1.0008429288864136,1.1133755445480347,1.0,9611.3349609375,8651.744140625,0.0,0.0,-1,-1,0.0,0,0,0.0,0
3,46,13801,0,16279.279296875,20,7492,1.0034431219100952,1.0616755485534668,1.0,16279.279296875,15333.5732421875,1.1278437376022339,10003.05859375,20,9188,1.0025714635849,0,0,0.0,0
3,47,13801,0,9980.6201171875,20,11616,1.001447319984436,1.1062763929367065,1.0,9980.6201171875,9021.814453125,0.0,0.0,-1,-1,0.0,0,0,0.0,0
3,48,13801,0,10085.78125,20,7491,1.0013700723648071,1.1007314920425415,1.0,10085.78125,9162.798828125,1.1048928499221802,10022.7900390625,20,7488,1.0010268688201904,0,0,0.0,0
3,49,13801,0,12206.9677734375,20,7492,1.002374291419983,1.0803256034851074,1.0,12206.9677734375,11299.341796875,1.1157677173614502,10030.3876953125,20,11611,1.001574993133545,0,0,0.0,0
3,50,13801,0,11399.0341796875,20,7492,1.0014005899429321,1.086885929107666,1.0,11399.0341796875,10487.79296875,1.1145864725112915,10004.7216796875,20,11610,1.0012640953063965,0,0,0.0,0
3,51,13801,0,9795.4248046875,20,10776,1.0013397932052612,1.1108241081237793,1.0,9795.4248046875,8818.16015625,0.0,0.0,-1,-1,0.0,0,0,0.0,0
3,52,13801,0,13209.1806640625,20,7492,1.002985954284668,1.0758098363876343,1.0,13209.1806640625,12278.3603515625,1.1251766681671143,10000.537109375,20,2488,1.0021058320999146,0,0,0.0,0
3,53,13801,0,10595.98828125,20,7492,1.0017049312591553,1.0931460857391357,1.0,10595.98828125,9693.1123046875,1.1076315641403198,10011.19921875,20,9688,1.0006223917007446,0,0,0.0,0
3,54,13801,0,10079.5390625,20,7490,1.0011917352676392,1.1027400493621826,1.0,10079.5390625,9151.18359375,1.1084226369857788,10023.474609375,20,2496,1.000260829925537,0,0,0.0,0
3,55,13801,0,9800.357421875,20,7490,1.000389814376831,1.1051019430160522,1.0,9800.357421875,8872.09375,0.0,0.0,-1,-1,0.0,0,0,0.0,0
3,56,13801,0,10063.58984375,20,7491,1.0018773078918457,1.1012893915176392,1.0,10063.58984375,9138.0068359375,1.1076761484146118,10025.005859375,20,2496,1.0018662214279175,0,0,0.0,0
3,57,13801,0,10951.8330078125,20,7491,1.0012346506118774,1.0923341512680054,1.0,10951.8330078125,10039.720703125,1.1123600006103516,10039.1357421875,20,2492,1.000362515449524,0,0,0.0,0
3,58,13801,0,12186.9560546875,20,7492,1.0024603605270386,1.081355094909668,1.0,12186.9560546875,11270.078125,1.1173757314682007,10025.4365234375,20,2429,1.0029265880584717,0,0,0.0,0
3,59,13801,0,9755.7138671875,20,7489,1.0017043352127075,1.1065943241119385,1.0,9755.7138671875,8826.6845703125,0.0,0.0,-1,-1,0.0,0,0,0.0,0
3,60,13801,0,10965.0830078125,20,7492,1.0021127462387085,1.0909675359725952,1.0,10965.0830078125,10050.7880859375,1.1132420301437378,10024.2470703125,20,2492,0.9995673298835754,0,0,0.0,0
3,61,13801,0,11678.3525390625,20,7492,1.0019781589508057,1.0861321687698364,1.0,11678.3525390625,10752.2392578125,1.1173840761184692,10117.962890625,20,2490,1.0008991956710815,0,0,0.0,0
3,62,13801,0,10014.2119140625,20,2497,1.0019938945770264,1.1070592403411865,1.0,10014.2119140625,9045.77734375,1.1070592403411865,10014.2119140625,20,2497,1.0019938945770264,0,0,0.0,0
3,63,13801,0,10240.1884765625,20,7491,1.0015206336975098,1.0980117321014404,1.0,10240.1884765625,9326.119140625,1.1054655313491821,10027.0029296875,20,7486,1.0008907318115234,0,0,0.0,0
3,64,13801,0,12005.876953125,20,7492,1.0024174451828003,1.0824581384658813,1.0,12005.876953125,11091.30859375,1.1169341802597046,10016.1904296875,20,11608,1.0016350746154785,0,0,0.0,0
3,65,13801,0,10311.470703125,20,7491,1.001639723777771,1.098987102508545,1.0,10311.470703125,9382.7041015625,1.1120645999908447,10010.169921875,20,2493,1.0008023977279663,0,0,0.0,0
3,66,13801,0,10424.94140625,20,7491,1.0018534660339355,1.0976208448410034,1.0,10424.94140625,9497.986328125,1.109609842300415,10025.126953125,20,2495,1.0000629425048828,0,0,0.0,0
3,67,13801,0,9886.1396484375,20,11616,1.0006077289581299,1.1077873706817627,1.0,9886.1396484375,8924.373046875,0.0,0.0,-1,-1,0.0,0,0,0.0,0
3,68,13801,0,13894.087890625,20,7492,1.003086805343628,1.0718584060668945,1.0,13894.087890625,12962.615234375,1.1214849948883057,10084.546875,20,2427,1.0033442974090576,0,0,0.0,0
3,69,13801,0,10999.96875,20,1783,1.0004591941833496,1.0874003171920776,1.0,10999.96875,10121.7158203125,1.1025928258895874,10010.0146484375,20,7486,1.0006465911865234,0,0,0.0,0
3,70,13801,0,9411.67578125,20,11755,1.000771164894104,1.1135989427566528,1.0,9411.67578125,8451.5849609375,0.0,0.0,-1,-1,0.0,0,0,0.0,0
3,71,13801,0,10585.388671875,20,7491,1.0008176565170288,1.0943459272384644,1.0,10585.388671875,9683.4765625,1.1067373752593994,10091.5126953125,20,7484,1.000016689300537,0,0,0.0,0
3,72,13801,0,11329.7353515625,20,7491,1.0017659664154053,1.0890206098556519,1.0,11329.7353515625,10417.34765625,1.1141834259033203,10010.5146484375,20,11610,1.0012693405151367,0,0,0.0,0
3,73,13801,0,10536.958984375,20,7491,1.001721739768982,1.0971217155456543,1.0,10536.958984375,9604.1845703125,1.114671230316162,10000.921875,20,11609,1.0031933784484863,0,0,0.0,0
3,74,13801,0,9837.9775390625,20,7491,1.0009071826934814,1.1013437509536743,1.0,9837.9775390625,8932.7041015625,0.0,0.0,-1,-1,0.0,0,0,0.0,0
3,75,13801,0,10228.486328125,20,7491,1.0010249614715576,1.0999085903167725,1.0,10228.486328125,9299.5390625,1.1111546754837036,10014.255859375,20,2494,1.0011253356933594,0,0,0.0,0
3,76,13801,0,15002.2802734375,20,7492,1.0028432607650757,1.0664899349212646,1.0,15002.2802734375,14088.142578125,1.1249370574951172,10094.7197265625,20,7476,1.004686713218689,0,0,0.0,0
3,77,13801,0,12669.2431640625,20,11617,1.0032663345336914,1.0858361721038818,1.0,12669.2431640625,11667.73046875,1.1235309839248657,10218.150390625,20,11605,1.0025696754455566,0,0,0.0,0
3,78,13801,0,11300.9873046875,20,2499,1.0024851560592651,1.0937364101409912,1.0,11300.9873046875,10340.1337890625,1.1173721551895142,10062.3486328125,20,2428,1.0030605792999268,0,0,0.0,0
3,79,13801,0,10183.3720703125,20,7491,1.00142502784729,1.0991804599761963,1.0,10183.3720703125,9264.513671875,1.1048693656921387,10054.23046875,20,7487,1.0004366636276245,0,0,0.0,0
3,80,13801,0,9389.1416015625,20,11755,1.001422643661499,1.113932728767395,1.0,9389.1416015625,8428.8232421875,0.0,0.0,-1,-1,0.0,0,0,0.0,0
3,81,13801,0,9470.97265625,20,7490,1.0010477304458618,1.1069295406341553,1.0,9470.97265625,8556.0751953125,0.0,0.0,-1,-1,0.0,0,0,0.0,0
3,82,13801,0,17548.25390625,20,9696,1.003759741783142,1.0525721311569214,1.0,17548.25390625,16671.783203125,1.1283390522003174,10265.951171875,20,10465,0.898547351360321,0,0,0.0,0
3,83,13801,0,10302.3359375,20,7491,1.0010557174682617,1.0985448360443115,1.0,10302.3359375,9378.166015625,1.1094443798065186,10051.6806640625,20,2494,1.0006663799285889,0,0,0.0,0
3,84,13801,0,11074.515625,20,7492,1.002058982849121,1.0897780656814575,1.0,11074.515625,10162.1748046875,1.11305832862854,10021.783203125,20,2492,0.999859094619751,0,0,0.0,0
3,85,13801,0,9746.0595703125,20,11757,1.0009092092514038,1.109935998916626,1.0,9746.0595703125,8802.29296875,0.0,0.0,-1,-1,0.0,0,0,0.0,0
3,86,13801,0,10273.044921875,20,10776,1.0020787715911865,1.1094719171524048,1.0,10273.044921875,9259.400390625,1.1147172451019287,10077.5439453125,20,10772,1.0031310319900513,0,0,0.0,0
3,87,13801,0,11156.166015625,20,7492,1.0020002126693726,1.0892552137374878,1.0,11156.166015625,10242.0126953125,1.1145250797271729,10009.99609375,20,11610,1.0013788938522339,0,0,0.0,0
3,88,13801,0,10594.07421875,20,7492,1.0016001462936401,1.0933536291122437,1.0,10594.07421875,9689.5224609375,1.1078870296478271,10009.869140625,20,9688,1.000684380531311,0,0,0.0,0
3,89,13801,0,9645.6103515625,20,11755,1.0009788274765015,1.1133021116256714,1.0,9645.6103515625,8676.1640625,0.0,0.0,-1,-1,0.0,0,0,0.0,0
3,90,13801,0,10100.353515625,20,7491,1.0016412734985352,1.10099458694458,1.0,10100.353515625,9173.8447265625,1.1078604459762573,10031.1005859375,20,2496,1.0014740228652954,0,0,0.0,0
3,91,13801,0,9809.1103515625,20,10775,1.0012452602386475,1.1101752519607544,1.0,9809.1103515625,8835.6416015625,0.0,0.0,-1,-1,0.0,0,0,0.0,0
3,92,13801,0,10143.677734375,20,7490,1.0012001991271973,1.101621150970459,1.0,10143.677734375,9226.7041015625,1.1064293384552002,10013.6337890625,20,7487,0.9994310736656189,0,0,0.0,0
3,93,13801,0,10486.1708984375,20,7491,1.0015333890914917,1.0970770120620728,1.0,10486.1708984375,9558.28125,1.1118316650390625,10014.6298828125,20,2493,1.000810980796814,0,0,0.0,0
3,94,13801,0,12128.6513671875,20,7492,1.0025057792663574,1.0820889472961426,1.0,12128.6513671875,11208.552734375,1.1175487041473389,10016.8486328125,20,2428,1.001867651939392,0,0,0.0,0
3,95,13801,0,14744.5703125,20,7492,1.0029280185699463,1.0679326057434082,1.0,14744.5703125,13828.1962890625,1.1233752965927124,10083.6640625,20,2427,1.0021791458129883,0,0,0.0,0
3,96,13801,0,10125.8330078125,20,11615,1.0013960599899292,1.1063814163208008,1.0,10125.8330078125,9171.1904296875,1.1122167110443115,10013.6513671875,20,11755,0.9995563626289368,0,0,0.0,0
3,97,13801,0,12294.40625,20,7492,1.0020447969436646,1.0815515518188477,1.0,12294.40625,11367.37890625,1.1190428733825684,10017.677734375,20,7478,1.0010948181152344,0,0,0.0,0
3,98,13801,0,9660.533203125,20,11615,1.001162052154541,1.109887957572937,1.0,9660.533203125,8704.0615234375,0.0,0.0,-1,-1,0.0,0,0,0.0,0
3,99,13801,0,10301.5830078125,20,11758,1.001225471496582,1.1073411703109741,1.0,10301.5830078125,9325.400390625,1.1145814657211304,10040.7353515625,20,11752,1.0034836530685425,0,0,0.0,0
3,100,13801,0,16987.59765625,20,9696,1.0035687685012817,1.0537357330322266,1.0,16987.59765625,16121.306640625,1.1251009702682495,10005.0693359375,20,7475,0.9965975284576416,0,0,0.0,0
3,101,13801,0,10580.40625,20,7491,1.0017153024673462,1.0966742038726807,1.0,10580.40625,9647.720703125,1.1143020391464233,10004.8681640625,20,11610,1.0003724098205566,0,0,0.0,0
3,102,13801,0,9451.6904296875,20,2495,1.0003890991210938,1.1120493412017822,1.0,9451.6904296875,8513.0185546875,0.0,0.0,-1,-1,0.0,0,0,0.0,0
3,103,13801,0,9811.001953125,20,10776,1.0022873878479004,1.1104134321212769,1.0,9811.001953125,8835.44921875,0.0,0.0,-1,-1,0.0,0,0,0.0,0
3,104,13801,0,9476.6669921875,20,2495,1.000745177268982,1.1122194528579712,1.0,9476.6669921875,8520.5009765625,0.0,0.0,-1,-1,0.0,0,0,0.0,0
3,105,13801,0,13101.4287109375,20,7492,1.0026627779006958,1.0766823291778564,1.0,13101.4287109375,12168.33203125,1.1215484142303467,10046.8515625,20,2489,1.000437617301941,0,0,0.0,0
3,106,13801,0,11006.1806640625,20,7491,1.001741886138916,1.0904799699783325,1.0,11006.1806640625,10103.4541015625,1.1090922355651855,10017.4306640625,20,9686,1.000256896018982,0,0,0.0,0
3,107,13801,0,9794.0634765625,20,11757,1.001837134361267,1.1105033159255981,1.0,9794.0634765625,8819.4814453125,0.0,0.0,-1,-1,0.0,0,0,0.0,0
3,108,13801,0,11552.1630859375,20,9695,1.0020185708999634,1.0832713842391968,1.0,11552.1630859375,10664.14453125,1.1102067232131958,10068.197265625,20,7480,0.9995198845863342,0,0,0.0,0
3,109,13801,0,11703.9697265625,20,7492,1.0016496181488037,1.084763765335083,1.0,11703.9697265625,10789.41796875,1.1161171197891235,10026.79296875,20,11609,1.0013313293457031,0,0,0.0,0
3,110,13801,0,16543.3203125,20,9696,1.0032551288604736,1.0543462038040161,1.0,16543.3203125,15690.595703125,1.122471570968628,10190.953125,20,2430,1.0012762546539307,0,0,0.0,0
3,111,13801,0,13998.005859375,20,7492,1.0027344226837158,1.0703881978988647,1.0,13998.005859375,13085.232421875,1.1211556196212769,10106.8232421875,20,11609,1.0024168491363525,0,0,0.0,0
3,112,13801,0,12136.6357421875,20,7492,1.0016969442367554,1.080628514289856,1.0,12136.6357421875,11231.08984375,1.1150747537612915,10043.0478515625,20,11610,1.0033448934555054,0,0,0.0,0
3,113,13801,0,11649.7861328125,20,7492,1.001922607421875,1.0834461450576782,1.0,11649.7861328125,10752.529296875,1.111801028251648,10067.8818359375,20,7480,0.9998520016670227,0,0,0.0,0
3,114,13801,0,16512.91796875,20,9696,1.0033994913101196,1.0551420450210571,1.0,16512.91796875,15649.947265625,1.1233501434326172,10052.2890625,20,2429,1.0004678964614868,0,0,0.0,0
3,115,13801,0,10115.15625,20,7491,1.0014373064041138,1.099636197090149,1.0,10115.15625,9198.638671875,1.1037777662277222,10042.40625,20,7488,1.0006366968154907,0,0,0.0,0
3,116,13801,0,11279.6904296875,20,11759,1.0034124851226807,1.0983643531799316,1.0,11279.6904296875,10284.001953125,1.1185603141784668,10206.85546875,20,11750,1.0034044981002808,0,0,0.0,0
3,117,13801,0,10702.1328125,20,7491,1.0016872882843018,1.0945565700531006,1.0,10702.1328125,9777.5966796875,1.1105526685714722,10006.3916015625,20,2494,1.0001492500305176,0,0,0.0,0
3,118,13801,0,10151.189453125,20,7491,1.0017958879470825,1.1000776290893555,1.0,10151.189453125,9227.703125,1.1059972047805786,10022.3212890625,20,7487,1.00092351436615,0,0,0.0,0
3,119,13801,0,12914.9287109375,20,9695,1.0028109550476074,1.073752999305725,1.0,12914.9287109375,12027.83984375,1.115060567855835,10062.5283203125,20,7478,0.9974228143692017,0,0,0.0,0
3,120,13801,0,10019.0595703125,20,11757,1.0013905763626099,1.1103951930999756,1.0,10019.0595703125,9030.0078125,1.1103951930999756,10019.0595703125,20,11757,1.0013905763626099,0,0,0.0,0
3,121,13801,0,10081.9833984375,20,7491,1.0017073154449463,1.1005223989486694,1.0,10081.9833984375,9161.0888671875,1.1046730279922485,10016.099609375,20,7488,1.000767707824707,0,0,0.0,0
3,122,13801,0,11400.0888671875,20,9695,1.0018829107284546,1.0843212604522705,1.0,11400.0888671875,10513.5712890625,1.1098837852478027,10011.830078125,20,7480,1.0005784034729004,0,0,0.0,0
3,123,13801,0,10000.251953125,20,10775,1.0012156963348389,1.1095038652420044,1.0,10000.251953125,9013.2646484375,1.1095038652420044,10000.251953125,20,10775,1.0012156963348389,0,0,0.0,0
3,124,13801,0,11161.396484375,20,7492,1.0021541118621826,1.0892306566238403,1.0,11161.396484375,10247.0458984375,1.1137419939041138,10041.0537109375,20,2492,0.9984129667282104,0,0,0.0,0
3,125,13801,0,10438.283203125,20,7491,1.001532793045044,1.0977256298065186,1.0,10438.283203125,9509.009765625,1.1117514371871948,10046.2861328125,20,2493,1.0008434057235718,0,0,0.0,0
3,126,13801,0,11759.125,20,11617,1.0032891035079956,1.0903605222702026,1.0,11759.125,10784.62109375,1.1210523843765259,10083.86328125,20,11605,1.001235842704773,0,0,0.0,0
3,127,13801,0,9908.3525390625,20,11757,1.0013662576675415,1.1107916831970215,1.0,9908.3525390625,8935.24609375,0.0,0.0,-1,-1,0.0,0,0,0.0,0
3,128,13801,0,10501.97265625,20,10776,1.0023428201675415,1.1091006994247437,1.0,10501.97265625,9468.908203125,1.117197871208191,10127.9736328125,20,8312,1.0034600496292114,0,0,0.0,0
3,129,13801,0,73211.6796875,11,5625,73211.6796875,85.93878173828125,4.341545581817627,16863.044921875,73211.6796875,85.93878173828125,73211.6796875,11,5625,73211.6796875,1,1,73211.6796875,0
3,130,13801,0,9649.822265625,20,11615,1.0011621713638306,1.1099114418029785,1.0,9649.822265625,8694.2275390625,0.0,0.0,-1,-1,0.0,0,0,0.0,0
3,131,13801,0,12391.1796875,20,7492,1.00212562084198,1.080966591835022,1.0,12391.1796875,11463.0546875,1.1193153858184814,10073.1943359375,20,2428,1.001888632774353,0,0,0.0,0
3,132,13801,0,14237.6162109375,20,7492,1.0026440620422363,1.0675499439239502,1.0,14237.6162109375,13336.720703125,1.1197023391723633,10103.197265625,20,2429,1.0025023221969604,0,0,0.0,0
3,133,13801,0,11624.6572265625,20,7492,1.0015995502471924,1.0856542587280273,1.0,11624.6572265625,10707.513671875,1.1158405542373657,10015.4150390625,20,2489,1.0012221336364746,0,0,0.0,0
3,134,13801,0,12633.3896484375,20,7492,1.00300133228302,1.0797781944274902,1.0,12633.3896484375,11699.9853515625,1.1224035024642944,10113.0537109375,20,2427,1.0012168884277344,0,0,0.0,0
3,135,13801,0,14363.6015625,20,7492,1.0026624202728271,1.0666967630386353,1.0,14363.6015625,13467.6181640625,1.1203746795654297,10065.3388671875,20,2430,1.0020368099212646,0,0,0.0,0
3,136,13801,0,11845.0908203125,20,9695,1.0021597146987915,1.0812715291976929,1.0,11845.0908203125,10954.779296875,1.110771894454956,10152.51953125,20,7480,0.9991123080253601,0,0,0.0,0
3,137,13801,0,14065.552734375,20,7492,1.0034904479980469,1.0720070600509644,1.0,14065.552734375,13120.765625,1.126351237297058,10246.544921875,20,2427,1.0042884349822998,0,0,0.0,0
3,138,13801,0,9482.0576171875,20,11755,1.0006428956985474,1.1131945848464966,1.0,9482.0576171875,8527.8203125,0.0,0.0,-1,-1,0.0,0,0,0.0,0
3,139,13801,0,11293.6396484375,20,4895,1.0015426874160767,1.0946259498596191,1.0,11293.6396484375,10331.826171875,1.1179530620574951,10063.4931640625,20,11606,1.0024622678756714,0,0,0.0,0
3,140,13801,0,9739.091796875,20,11757,1.0012937784194946,1.1110159158706665,1.0,9739.091796875,8766.6845703125,0.0,0.0,-1,-1,0.0,0,0,0.0,0
3,141,13801,0,9832.0361328125,20,7490,1.0004889965057373,1.1047459840774536,1.0,9832.0361328125,8904.0849609375,0.0,0.0,-1,-1,0.0,0,0,0.0,0
3,142,13801,0,14171.296875,20,7492,1.0030086040496826,1.0702335834503174,1.0,14171.296875,13253.0478515625,1.1225411891937256,10100.9775390625,20,7477,0.9999138712882996,0,0,0.0,0
3,143,13801,0,11247.26953125,20,7491,1.0020263195037842,1.089815616607666,1.0,11247.26953125,10335.7578125,1.1129356622695923,10030.11328125,20,7481,0.9990638494491577,0,0,0.0,0
3,144,13801,0,9869.529296875,20,7491,1.0007904767990112,1.1021262407302856,1.0,9869.529296875,8955.3779296875,0.0,0.0,-1,-1,0.0,0,0,0.0,0
3,145,13801,0,10189.341796875,20,7491,1.0008902549743652,1.0994689464569092,1.0,10189.341796875,9270.7138671875,1.1056973934173584,10049.57421875,20,7487,0.9995425939559937,0,0,0.0,0
3,146,13801,0,10778.8095703125,20,7492,1.00182044506073,1.0918041467666626,1.0,10778.8095703125,9872.4755859375,1.1093472242355347,10088.6162109375,20,7483,1.0011062622070312,0,0,0.0,0
3,147,13801,0,11018.75,20,7492,1.0020709037780762,1.0903241634368896,1.0,11018.75,10105.939453125,1.1122201681137085,10040.2431640625,20,7482,0.9986867904663086,0,0,0.0,0
3,148,13801,0,13522.2421875,20,7492,1.0027495622634888,1.0747326612472534,1.0,13522.2421875,12581.958984375,1.1241674423217773,10242.5791015625,20,2427,1.002663493156433,0,0,0.0,0
3,149,13801,0,17204.64453125,20,11617,1.0081708431243896,1.0692636966705322,1.0,17204.64453125,16109.6318359375,1.1440495252609253,10125.568359375,20,11605,1.0135160684585571,0,0,0.0,0
3,150,13801,0,10328.5615234375,20,2497,1.0022531747817993,1.1050658226013184,1.0,10328.5615234375,9375.4189453125,1.1135444641113281,10005.458984375,20,11754,1.000593900680542,0,0,0.0,0
3,151,13801,0,10120.78125,20,11615,1.001363754272461,1.106249213218689,1.0,10120.78125,9162.564453125,1.1131768226623535,10022.8515625,20,11754,1.0010651350021362,0,0,0.0,0
3,152,13801,0,17330.87109375,20,7492,1.0042481422424316,1.0605626106262207,1.0,17330.87109375,16358.6171875,1.141268014907837,10119.1181640625,20,2488,1.0029557943344116,0,0,0.0,0
3,153,13801,0,12217.1767578125,20,7492,1.0026628971099854,1.0824090242385864,1.0,12217.1767578125,11287.0244140625,1.1205884218215942,10077.28515625,20,2428,1.000978946685791,0,0,0.0,0
3,154,13801,0,11563.416015625,20,7491,1.0023211240768433,1.0885090827941895,1.0,11563.416015625,10638.220703125,1.1174201965332031,10030.2177734375,20,2488,1.0022860765457153,0,0,0.0,0
3,155,13801,0,13759.29296875,20,7492,1.0029546022415161,1.0721290111541748,1.0,13759.29296875,12833.6162109375,1.1217725276947021,10036.1708984375,20,7476,1.0019749402999878,0,0,0.0,0
3,156,13801,0,10716.61328125,20,7491,1.001778483390808,1.0943396091461182,1.0,10716.61328125,9792.767578125,1.1105722188949585,10000.0703125,20,2494,0.9999855756759644,0,0,0.0,0
3,157,13801,0,9934.837890625,20,7490,1.000905156135559,1.103164792060852,1.0,9934.837890625,9019.7724609375,0.0,0.0,-1,-1,0.0,0,0,0.0,0
3,158,13801,0,12092.4013671875,20,7492,1.0020545721054077,1.0802764892578125,1.0,12092.4013671875,11193.802734375,1.1132646799087524,10074.9912109375,20,7479,0.9989321231842041,0,0,0.0,0
3,159,13801,0,11683.5390625,20,7492,1.0016378164291382,1.0849826335906982,1.0,11683.5390625,10768.4111328125,1.1159088611602783,10047.4921875,20,11609,1.0010833740234375,0,0,0.0,0
3,160,13801,0,10599.2431640625,20,7491,1.0007244348526,1.0956758260726929,1.0,10599.2431640625,9685.779296875,1.1112110614776611,10031.724609375,20,2493,1.0000464916229248,0,0,0.0,0
3,161,13801,0,9911.65234375,20,2497,1.0019495487213135,1.1074469089508057,1.0,9911.65234375,8976.8974609375,0.0,0.0,-1,-1,0.0,0,0,0.0,0
3,162,13801,0,11488.8046875,20,7492,1.0023787021636963,1.0871517658233643,1.0,11488.8046875,10567.8017578125,1.1166095733642578,10007.0302734375,20,2489,1.0028942823410034,0,0,0.0,0
3,163,13801,0,12871.833984375,20,7492,1.0030155181884766,1.0781673192977905,1.0,12871.833984375,11938.6240234375,1.1252448558807373,10005.1083984375,20,2488,1.0017154216766357,0,0,0.0,0
3,164,13801,0,478955.15625,8,673,478955.15625,12.436610221862793,29.01299285888672,16508.298828125,478955.15625,34.28551483154297,77829.078125,11,673,482.49188232421875,4,3,478955.15625,0
3,165,13801,0,13818.9150390625,20,7492,1.002716302871704,1.0710190534591675,1.0,13818.9150390625,12906.095703125,1.1213037967681885,10030.9013671875,20,11609,1.0023812055587769,0,0,0.0,0
3,166,13801,0,10750.4345703125,20,11759,1.002529263496399,1.1022440195083618,1.0,10750.4345703125,9764.88671875,1.1160787343978882,10144.9814453125,20,11751,1.0014370679855347,0,0,0.0,0
3,167,13801,0,9767.7255859375,20,7490,1.0008100271224976,1.1039892435073853,1.0,9767.7255859375,8859.5078125,0.0,0.0,-1,-1,0.0,0,0,0.0,0
3,168,13801,0,10885.9443359375,20,7491,1.0020360946655273,1.0940734148025513,1.0,10885.9443359375,9949.9208984375,1.1152596473693848,10073.205078125,20,2491,0.9994184374809265,0,0,0.0,0
3,169,13801,0,12933.677734375,20,7492,1.003104567527771,1.0784294605255127,1.0,12933.677734375,11993.0673828125,1.1240876913070679,10107.4462890625,20,2427,1.0020703077316284,0,0,0.0,0
3,170,13801,0,12707.669921875,20,7492,1.0020159482955933,1.078080654144287,1.0,12707.669921875,11787.30859375,1.1184179782867432,10047.619140625,20,7477,1.0021908283233643,0,0,0.0,0
3,171,13801,0,10988.2109375,20,9694,1.001761555671692,1.088742971420288,1.0,10988.2109375,10099.3271484375,1.1076092720031738,10038.8515625,20,7482,1.0001267194747925,0,0,0.0,0
3,172,13801,0,9973.6337890625,20,7490,1.0010911226272583,1.1035999059677124,1.0,9973.6337890625,9039.94140625,0.0,0.0,-1,-1,0.0,0,0,0.0,0
3,173,13801,0,10469.962890625,20,7491,1.0016288757324219,1.0974667072296143,1.0,10469.962890625,9540.119140625,1.112053394317627,10043.87109375,20,2493,1.0006873607635498,0,0,0.0,0
3,174,13801,0,10698.470703125,20,11759,1.0024787187576294,1.1030466556549072,1.0,10698.470703125,9726.4521484375,1.1163514852523804,10082.974609375,20,11751,1.0014381408691406,0,0,0.0,0
3,175,13801,0,9863.9921875,20,9694,1.0011345148086548,1.100611925125122,1.0,9863.9921875,8962.2802734375,0.0,0.0,-1,-1,0.0,0,0,0.0,0
3,176,13801,0,9846.900390625,20,11615,1.0010435581207275,1.109302282333374,1.0,9846.900390625,8883.216796875,0.0,0.0,-1,-1,0.0,0,0,0.0,0
3,177,13801,0,10072.060546875,20,2497,1.0015946626663208,1.1063385009765625,1.0,10072.060546875,9103.958984375,1.1096290349960327,10017.3828125,20,2495,0.999868631362915,0,0,0.0,0
3,178,13801,0,11098.9677734375,20,9695,1.0016647577285767,1.0864464044570923,1.0,11098.9677734375,10215.8447265625,1.1080013513565063,10002.91796875,20,7481,0.999782145023346,0,0,0.0,0
3,179,13801,0,10727.990234375,20,7491,1.0006694793701172,1.0953702926635742,1.0,10727.990234375,9806.13671875,1.1145719289779663,10021.7548828125,20,2490,0.9994229674339294,0,0,0.0,0
3,180,13801,0,10657.3251953125,20,7491,1.0013208389282227,1.0936857461929321,1.0,10657.3251953125,9752.533203125,1.1083043813705444,10028.8603515625,20,7483,0.9996088147163391,0,0,0.0,0
3,181,13801,0,10783.564453125,20,7491,1.0018283128738403,1.0944669246673584,1.0,10783.564453125,9852.80078125,1.1138590574264526,10004.0869140625,20,2492,0.9987838864326477,0,0,0.0,0
3,182,13801,0,10317.0107421875,20,7491,1.0010939836502075,1.0978726148605347,1.0,10317.0107421875,9397.2744140625,1.107356309890747,10005.5576171875,20,7485,0.9991050958633423,0,0,0.0,0
3,183,13801,0,15076.232421875,20,9695,1.002936840057373,1.0620067119598389,1.0,15076.232421875,14211.837890625,1.120627760887146,10044.625,20,2429,1.0021110773086548,0,0,0.0,0
3,184,13801,0,12588.583984375,20,7492,1.0028966665267944,1.079466462135315,1.0,12588.583984375,11661.857421875,1.1212007999420166,10084.04296875,20,2427,1.0029754638671875,0,0,0.0,0
3,185,13801,0,9938.287109375,20,11757,1.0014429092407227,1.110659122467041,1.0,9938.287109375,8962.7646484375,0.0,0.0,-1,-1,0.0,0,0,0.0,0
3,186,13801,0,10125.2119140625,20,7491,1.000618577003479,1.1007486581802368,1.0,10125.2119140625,9201.572265625,1.108359694480896,10000.7763671875,20,2496,1.0004793405532837,0,0,0.0,0
3,187,13801,0,10187.2666015625,20,7491,1.0011181831359863,1.0989720821380615,1.0,10187.2666015625,9269.8134765625,1.1047325134277344,10054.5234375,20,7487,1.0009171962738037,0,0,0.0,0
3,188,13801,0,10853.9140625,20,4895,1.002232313156128,1.0979331731796265,1.0,10853.9140625,9885.76953125,1.1161918640136719,10110.625,20,11607,1.0023330450057983,0,0,0.0,0
3,189,13801,0,11368.2568359375,20,7492,1.001306176185608,1.0862482786178589,1.0,11368.2568359375,10465.615234375,1.1114026308059692,10078.365234375,20,7481,0.9997477531433105,0,0,0.0,0
3,190,13801,0,12953.1396484375,20,7492,1.0027246475219727,1.077140212059021,1.0,12953.1396484375,12025.490234375,1.1211466789245605,10020.3154296875,20,2427,1.0026434659957886,0,0,0.0,0
3,191,13801,0,11107.9521484375,20,4895,1.0016963481903076,1.0956634283065796,1.0,11107.9521484375,10143.8369140625,1.1168731451034546,10083.9140625,20,11606,1.001283884048462,0,0,0.0,0
3,192,13801,0,10072.2880859375,20,11758,1.0008035898208618,1.1084034442901611,1.0,10072.2880859375,9087.2041015625,1.11240553855896,10011.5302734375,20,11755,0.9999408721923828,0,0,0.0,0
3,193,13801,0,12370.849609375,20,7492,1.0025864839553833,1.0808416604995728,1.0,12370.849609375,11445.5703125,1.1188874244689941,10002.8603515625,20,7477,1.0020017623901367,0,0,0.0,0
3,194,13801,0,12106.6689453125,20,7492,1.001814365386963,1.0802783966064453,1.0,12106.6689453125,11206.9892578125,1.1136988401412964,10057.90234375,20,7479,0.9984440803527832,0,0,0.0,0
3,195,13801,0,12269.76171875,20,7492,1.0025484561920166,1.0802081823349,1.0,12269.76171875,11358.701171875,1.1172200441360474,10014.9921875,20,11610,1.0017472505569458,0,0,0.0,0
3,196,13801,0,11831.8701171875,20,9695,1.0015655755996704,1.0806986093521118,1.0,11831.8701171875,10948.353515625,1.1106698513031006,10039.564453125,20,7479,0.9995895624160767,0,0,0.0,0
3,197,13801,0,9658.96484375,20,11757,1.0014433860778809,1.1108206510543823,1.0,9658.96484375,8695.341796875,0.0,0.0,-1,-1,0.0,0,0,0.0,0
3,198,13801,0,13127.71484375,20,7492,1.0020134449005127,1.0734041929244995,1.0,13127.71484375,12229.9833984375,1.1168574094772339,10001.20703125,20,2432,1.0034658908843994,0,0,0.0,0
3,199,13801,0,10826.951171875,20,7491,1.0018117427825928,1.092274785041809,1.0,10826.951171875,9920.9951171875,1.1098328828811646,10014.5556640625,20,7482,1.0008416175842285,0,0,0.0,0
3,200,13801,0,11362.544921875,20,7492,1.0020920038223267,1.0883402824401855,1.0,11362.544921875,10440.25,1.116538166999817,10028.2841796875,20,11609,1.0023916959762573,0,0,0.0,0
3,201,13801,0,12522.37890625,20,11617,1.0043621063232422,1.0868037939071655,1.0,12522.37890625,11522.2080078125,1.1265515089035034,10004.9248046875,20,11605,1.002884030342102,0,0,0.0,0
3,202,13801,0,12560.6640625,20,7492,1.0021822452545166,1.0776922702789307,1.0,12560.6640625,11655.1494140625,1.1164402961730957,10014.5009765625,20,2431,1.0017715692520142,0,0,0.0,0
3,203,13801,0,10034.564453125,20,10776,1.0022647380828857,1.1098427772521973,1.0,10034.564453125,9041.4287109375,1.1124309301376343,10002.173828125,20,10774,1.0011199712753296,0,0,0.0,0
3,204,13801,0,12683.76171875,20,7492,1.0025545358657837,1.0777490139007568,1.0,12683.76171875,11768.7529296875,1.1171414852142334,10070.474609375,20,7478,0.9979949593544006,0,0,0.0,0
3,205,13801,0,10472.7509765625,20,7491,1.000941514968872,1.096850037574768,1.0,10472.7509765625,9552.51171875,1.109681248664856,10061.677734375,20,2494,0.9998709559440613,0,0,0.0,0
3,206,13801,0,9860.623046875,20,11757,1.001942753791809,1.1101363897323608,1.0,9860.623046875,8882.3525390625,0.0,0.0,-1,-1,0.0,0,0,0.0,0
3,207,13801,0,12949.376953125,20,7492,1.0028460025787354,1.0773131847381592,1.0,12949.376953125,12020.0673828125,1.1208240985870361,10017.95703125,20,7477,1.0013593435287476,0,0,0.0,0
3,208,13801,0,9779.201171875,20,7490,1.0004152059555054,1.104979157447815,1.0,9779.201171875,8853.8447265625,0.0,0.0,-1,-1,0.0,0,0,0.0,0
3,209,13801,0,10059.51171875,20,11757,1.0012508630752563,1.1101830005645752,1.0,10059.51171875,9061.12890625,1.1133477687835693,10019.4130859375,20,11754,1.0010164976119995,0,0,0.0,0
3,210,13801,0,10763.9189453125,20,7491,1.0017783641815186,1.0931779146194458,1.0,10763.9189453125,9853.525390625,1.1091631650924683,10001.421875,20,2494,1.0012589693069458,0,0,0.0,0
3,211,13801,0,11344.380859375,20,7491,1.0021272897720337,1.0897136926651,1.0,11344.380859375,10422.3193359375,1.115653157234192,10045.841796875,20,2489,1.000910758972168,0,0,0.0,0
3,212,13801,0,13687.0361328125,20,7492,1.0023659467697144,1.0712493658065796,1.0,13687.0361328125,12776.7041015625,1.1198443174362183,10043.9716796875,20,7476,1.0002903938293457,0,0,0.0,0
3,213,13801,0,10099.126953125,20,7491,1.001757025718689,1.100502610206604,1.0,10099.126953125,9176.8310546875,1.1046888828277588,10030.3525390625,20,7488,1.0005565881729126,0,0,0.0,0
3,214,13801,0,12750.8466796875,20,9695,1.0022581815719604,1.0743204355239868,1.0,12750.8466796875,11868.755859375,1.1136833429336548,10053.8212890625,20,7478,0.9986554384231567,0,0,0.0,0
3,215,13801,0,12680.421875,20,7492,1.0026638507843018,1.07832932472229,1.0,12680.421875,11759.322265625,1.1182419061660767,10076.98046875,20,2429,1.0007554292678833,0,0,0.0,0
3,216,13801,0,10882.9951171875,20,2498,1.0013253688812256,1.0990735292434692,1.0,10882.9951171875,9916.1357421875,1.116708755493164,10044.9345703125,20,2489,1.0021119117736816,0,0,0.0,0
3,217,13801,0,11061.26953125,20,7492,1.0020475387573242,1.0900882482528687,1.0,11061.26953125,10147.1318359375,1.1128368377685547,10077.080078125,20,2492,0.9999426603317261,0,0,0.0,0
3,218,13801,0,15338.142578125,20,7492,1.0030914545059204,1.0650506019592285,1.0,15338.142578125,14401.3271484375,1.1255375146865845,10148.912109375,20,2426,1.0020827054977417,0,0,0.0,0
3,219,13801,0,11359.0439453125,20,7491,1.0019782781600952,1.0895389318466187,1.0,11359.0439453125,10437.6083984375,1.1154764890670776,10037.1005859375,20,2489,1.0005439519882202,0,0,0.0,0
3,220,13801,0,12528.3642578125,20,2499,1.0033056735992432,1.0857843160629272,1.0,12528.3642578125,11538.5390625,1.1227620840072632,10058.029296875,20,2427,1.0015007257461548,0,0,0.0,0
3,221,13801,0,10578.0869140625,20,2498,1.0009983777999878,1.1009933948516846,1.0,10578.0869140625,9610.6923828125,1.1151901483535767,10003.6640625,20,11608,1.0026333332061768,0,0,0.0,0
3,222,13801,0,9835.6630859375,20,7490,1.0005558729171753,1.1044821739196777,1.0,9835.6630859375,8909.7373046875,0.0,0.0,-1,-1,0.0,0,0,0.0,0
3,223,13801,0,10297.2568359375,20,11758,1.0005719661712646,1.1076862812042236,1.0,10297.2568359375,9308.048828125,1.1155387163162231,10032.251953125,20,11752,1.0007413625717163,0,0,0.0,0
3,224,13801,0,11346.423828125,20,7491,1.00191330909729,1.0893539190292358,1.0,11346.423828125,10429.9931640625,1.1151530742645264,10014.6982421875,20,11608,1.0024467706680298,0,0,0.0,0
3,225,13801,0,10327.8740234375,20,7491,1.001696228981018,1.0986353158950806,1.0,10327.8740234375,9400.638671875,1.109371304512024,10045.0048828125,20,2495,0.9997800588607788,0,0,0.0,0
3,226,13801,0,12655.6416015625,20,7492,1.0029376745224,1.0793510675430298,1.0,12655.6416015625,11725.232421875,1.1213274002075195,10167.826171875,20,2427,1.0022523403167725,0,0,0.0,0
3,227,13801,0,14409.126953125,20,7492,1.0028115510940552,1.069153070449829,1.0,14409.126953125,13495.2978515625,1.12277352809906,10009.4423828125,20,2427,1.0018938779830933,0,0,0.0,0
3,228,13801,0,12291.146484375,20,7492,1.0024107694625854,1.081621766090393,1.0,12291.146484375,11363.626953125,1.1207427978515625,10088.1396484375,20,2427,1.0027389526367188,0,0,0.0,0
3,229,13801,0,9482.6435546875,20,11757,1.0006330013275146,1.1117100715637207,1.0,9482.6435546875,8529.78125,0.0,0.0,-1,-1,0.0,0,0,0.0,0
3,230,13801,0,11142.8095703125,20,7491,1.0019055604934692,1.0917741060256958,1.0,11142.8095703125,10216.8896484375,1.1161023378372192,10003.6416015625,20,11609,1.0019804239273071,0,0,0.0,0
3,231,13801,0,9858.3076171875,20,7490,1.0008033514022827,1.1031162738800049,1.0,9858.3076171875,8951.1376953125,0.0,0.0,-1,-1,0.0,0,0,0.0,0
3,232,13801,0,9697.12109375,20,2497,1.001563549041748,1.1086496114730835,1.0,9697.12109375,8746.8671875,0.0,0.0,-1,-1,0.0,0,0,0.0,0
3,233,13801,0,12279.017578125,20,7492,1.001883864402771,1.080897331237793,1.0,12279.017578125,11360.0224609375,1.117315649986267,10051.8203125,20,2427,1.0029243230819702,0,0,0.0,0
3,234,13801,0,9531.5859375,20,7490,1.0009934902191162,1.1067478656768799,1.0,9531.5859375,8612.2470703125,0.0,0.0,-1,-1,0.0,0,0,0.0,0
3,235,13801,0,12819.9091796875,20,7492,1.0022921562194824,1.0754486322402954,1.0,12819.9091796875,11920.5224609375,1.1169345378875732,10013.5322265625,20,11610,1.0015255212783813,0,0,0.0,0
3,236,13801,0,11666.9697265625,20,7492,1.002012848854065,1.0831960439682007,1.0,11666.9697265625,10770.875,1.1118855476379395,10062.380859375,20,7480,0.9997894167900085,0,0,0.0,0
3,237,13801,0,10228.8935546875,20,7491,1.0010968446731567,1.0997167825698853,1.0,10228.8935546875,9302.5341796875,1.109770655632019,10003.318359375,20,2495,1.000137209892273,0,0,0.0,0
3,238,13801,0,10745.3671875,20,7491,1.000974178314209,1.0950289964675903,1.0,10745.3671875,9824.4482421875,1.1144381761550903,10029.6484375,20,11609,1.001568078994751,0,0,0.0,0
3,239,13801,0,15202.7470703125,20,7493,1.003034234046936,1.063431739807129,1.0,15202.7470703125,14295.9306640625,1.1258119344711304,10037.8583984375,20,7476,1.0074474811553955,0,0,0.0,0
3,240,13801,0,9685.8623046875,20,10774,1.0010697841644287,1.1129463911056519,1.0,9685.8623046875,8704.8447265625,0.0,0.0,-1,-1,0.0,0,0,0.0,0
3,241,13801,0,10232.83984375,20,7491,1.0013132095336914,1.1000806093215942,1.0,10232.83984375,9301.900390625,1.1125849485397339,10006.119140625,20,2493,1.0002485513687134,0,0,0.0,0
3,242,13801,0,10566.6552734375,20,7491,1.001835584640503,1.0963048934936523,1.0,10566.6552734375,9638.427734375,1.111438512802124,10061.8515625,20,2493,1.0006862878799438,0,0,0.0,0
3,243,13801,0,13032.515625,20,2499,1.0031530857086182,1.0824285745620728,1.0,13032.515625,12060.6474609375,1.1219748258590698,10157.5791015625,20,2426,1.002972960472107,0,0,0.0,0
3,244,13801,0,10686.8095703125,20,11616,1.0025919675827026,1.1008591651916504,1.0,10686.8095703125,9713.6923828125,1.1156790256500244,10040.9208984375,20,11752,1.0017988681793213,0,0,0.0,0
3,245,13801,0,11067.40234375,20,7491,1.001922607421875,1.0913504362106323,1.0,11067.40234375,10154.2998046875,1.1119399070739746,10087.3779296875,20,2492,1.0003166198730469,0,0,0.0,0
3,246,13801,0,9907.19921875,20,7491,1.00154447555542,1.1020578145980835,1.0,9907.19921875,8989.7275390625,0.0,0.0,-1,-1,0.0,0,0,0.0,0
3,247,13801,0,12349.6181640625,20,9695,1.0022245645523071,1.0769824981689453,1.0,12349.6181640625,11466.8701171875,1.11089026927948,10144.1103515625,20,7479,0.9986271858215332,0,0,0.0,0
3,248,13801,0,9662.986328125,20,10775,1.0000964403152466,1.111829161643982,1.0,9662.986328125,8699.0556640625,0.0,0.0,-1,-1,0.0,0,0,0.0,0
3,249,13801,0,9927.8388671875,20,11757,1.0016989707946777,1.1098209619522095,1.0,9927.8388671875,8945.44140625,0.0,0.0,-1,-1,0.0,0,0,0.0,0
3,250,13801,0,13040.0537109375,20,7492,1.0026766061782837,1.0766422748565674,1.0,13040.0537109375,12111.779296875,1.120294213294983,10048.67578125,20,11608,1.0008128881454468,0,0,0.0,0
3,251,13801,0,12864.8046875,20,7492,1.0023770332336426,1.0769087076187134,1.0,12864.8046875,11946.0498046875,1.1183080673217773,10077.5751953125,20,7477,1.0018601417541504,0,0,0.0,0
3,252,13801,0,15170.138671875,20,7492,1.0029836893081665,1.0648635625839233,1.0,15170.138671875,14264.7607421875,1.123813271522522,10113.376953125,20,10461,0.9991990923881531,0,0,0.0,0
3,253,13801,0,11434.43359375,20,7491,1.0022810697555542,1.0895183086395264,1.0,11434.43359375,10505.8330078125,1.117033839225769,10063.0947265625,20,2488,1.0030745267868042,0,0,0.0,0
3,254,13801,0,11581.4599609375,20,11617,1.004016637802124,1.0930174589157104,1.0,11581.4599609375,10595.8603515625,1.1234060525894165,10069.2119140625,20,11751,1.0041897296905518,0,0,0.0,0
3,255,13801,0,9365.7421875,20,2495,1.0006122589111328,1.1125770807266235,1.0,9365.7421875,8418.0615234375,0.0,0.0,-1,-1,0.0,0,0,0.0,0
3,256,13801,0,10563.7763671875,20,7491,1.0019893646240234,1.0967775583267212,1.0,10563.7763671875,9631.68359375,1.1130796670913696,10016.05078125,20,2493,0.9992097020149231,0,0,0.0,0
3,257,13801,0,11231.4541015625,20,7491,1.0020695924758911,1.0905343294143677,1.0,11231.4541015625,10312.30078125,1.1151875257492065,10029.53125,20,11608,1.0030767917633057,0,0,0.0,0
3,258,13801,0,12571.2548828125,20,7492,1.0021436214447021,1.0785259008407593,1.0,12571.2548828125,11655.9599609375,1.1173609495162964,10054.490234375,20,7478,0.9982962012290955,0,0,0.0,0
3,259,13801,0,12182.6357421875,20,7492,1.0021140575408936,1.0821350812911987,1.0,12182.6357421875,11257.9619140625,1.1187511682510376,10053.033203125,20,2488,1.0020086765289307,0,0,0.0,0
3,260,13801,0,10002.3642578125,20,10776,1.002085566520691,1.1098629236221313,1.0,10002.3642578125,9012.251953125,1.1098629236221313,10002.3642578125,20,10776,1.002085566520691,0,0,0.0,0
3,261,13801,0,9588.939453125,20,10774,1.0006664991378784,1.1126772165298462,1.0,9588.939453125,8622.2587890625,0.0,0.0,-1,-1,0.0,0,0,0.0,0
3,262,13801,0,10847.3603515625,20,7491,1.0007927417755127,1.0941669940948486,1.0,10847.3603515625,9928.685546875,1.115418553352356,10007.201171875,20,2490,0.9998729825019836,0,0,0.0,0
3,263,13801,0,9594.6396484375,20,7489,1.0007182359695435,1.1074535846710205,1.0,9594.6396484375,8671.0439453125,0.0,0.0,-1,-1,0.0,0,0,0.0,0
3,264,13801,0,13304.1484375,20,7492,1.0028927326202393,1.07391357421875,1.0,13304.1484375,12388.4716796875,1.1188180446624756,10098.6552734375,20,7477,1.0012539625167847,0,0,0.0,0
3,265,13801,0,13126.2060546875,20,7492,1.0027010440826416,1.074280858039856,1.0,13126.2060546875,12218.59765625,1.1184054613113403,10037.193359375,20,7477,1.0022001266479492,0,0,0.0,0
3,266,13801,0,13054.736328125,20,7492,1.0024696588516235,1.075569987297058,1.0,13054.736328125,12137.505859375,1.1186739206314087,10031.3798828125,20,7476,1.0012348890304565,0,0,0.0,0
3,267,13801,0,10292.912109375,20,11758,1.0012823343276978,1.10734224319458,1.0,10292.912109375,9324.1982421875,1.1145563125610352,10022.666015625,20,11752,1.003312110900879,0,0,0.0,0
3,268,13801,0,10721.015625,20,7491,1.0018377304077148,1.0956294536590576,1.0,10721.015625,9790.50390625,1.114846110343933,10037.5146484375,20,11610,1.0018284320831299,0,0,0.0,0
3,269,13801,0,10218.4521484375,20,2497,1.0021867752075195,1.105995774269104,1.0,10218.4521484375,9249.068359375,1.113029956817627,10006.125,20,11755,1.0013086795806885,0,0,0.0,0
3,270,13801,0,11813.2607421875,20,7492,1.002142071723938,1.082827091217041,1.0,11813.2607421875,10909.646484375,1.112902283668518,10049.2421875,20,2491,0.9993823170661926,0,0,0.0,0
3,271,13801,0,10166.5703125,20,7491,1.0011591911315918,1.0989395380020142,1.0,10166.5703125,9251.255859375,1.1046581268310547,10037.431640625,20,7487,1.0011574029922485,0,0,0.0,0
3,272,13801,0,10504.9912109375,20,2498,1.0005548000335693,1.1012599468231201,1.0,10504.9912109375,9545.748046875,1.1146705150604248,10003.05859375,20,11608,1.0030628442764282,0,0,0.0,0
3,273,13801,0,11344.4560546875,20,11616,1.0019299983978271,1.0952937602996826,1.0,11344.4560546875,10373.44140625,1.1184171438217163,10063.5263671875,20,11605,1.0022916793823242,0,0,0.0,0
3,274,13801,0,10317.8564453125,20,7491,1.0003890991210938,1.099188208580017,1.0,10317.8564453125,9394.2353515625,1.1116554737091064,10025.791015625,20,2494,1.0007034540176392,0,0,0.0,0
3,275,13801,0,10702.78515625,20,7491,1.0015350580215454,1.0928233861923218,1.0,10702.78515625,9799.455078125,1.107702374458313,10057.7333984375,20,7483,0.999846875667572,0,0,0.0,0
3,276,13801,0,10364.640625,20,7491,1.0014374256134033,1.0984493494033813,1.0,10364.640625,9435.7021484375,1.1115221977233887,10064.2275390625,20,2493,1.0007270574569702,0,0,0.0,0
3,277,13801,0,11780.3623046875,20,7492,1.002243995666504,1.0834993124008179,1.0,11780.3623046875,10872.5146484375,1.114798665046692,10000.771484375,20,11611,1.0025471448898315,0,0,0.0,0
3,278,13801,0,10089.205078125,20,11757,1.0011934041976929,1.110079050064087,1.0,10089.205078125,9094.6669921875,1.1133427619934082,10035.060546875,20,11754,1.0007957220077515,0,0,0.0,0
3,279,13801,0,9675.7255859375,20,2496,1.0010393857955933,1.109584927558899,1.0,9675.7255859375,8739.3408203125,0.0,0.0,-1,-1,0.0,0,0,0.0,0
3,280,13801,0,10664.251953125,20,7491,1.0017707347869873,1.095928430557251,1.0,10664.251953125,9735.6767578125,1.1142182350158691,10000.6845703125,20,11611,0.9999845027923584,0,0,0.0,0
3,281,13801,0,9902.5263671875,20,7491,1.0015994310379028,1.1023198366165161,1.0,9902.5263671875,8983.3515625,0.0,0.0,-1,-1,0.0,0,0,0.0,0
3,282,13801,0,9770.71875,20,11757,1.001621961593628,1.110737681388855,1.0,9770.71875,8796.603515625,0.0,0.0,-1,-1,0.0,0,0,0.0,0
3,283,13801,0,10690.1748046875,20,7491,1.0011277198791504,1.0951135158538818,1.0,10690.1748046875,9771.74609375,1.1126846075057983,10013.7587890625,20,2492,1.0002882480621338,0,0,0.0,0
3,284,13801,0,11583.0712890625,20,7492,1.0015442371368408,1.0857268571853638,1.0,11583.0712890625,10668.4951171875,1.1159558296203613,10009.6669921875,20,11609,1.0010402202606201,0,0,0.0,0
3,285,13801,0,11672.7099609375,20,7492,1.0017672777175903,1.084863305091858,1.0,11672.7099609375,10759.61328125,1.1154130697250366,10036.8232421875,20,11609,1.0027209520339966,0,0,0.0,0
3,286,13801,0,10552.5615234375,20,7491,1.0016907453536987,1.0970423221588135,1.0,10552.5615234375,9619.1015625,1.1146578788757324,10005.3076171875,20,2491,0.9989725947380066,0,0,0.0,0
3,287,13801,0,11662.1318359375,20,7492,1.001365065574646,1.0836267471313477,1.0,11662.1318359375,10762.1298828125,1.1112732887268066,10054.6611328125,20,2491,0.9996915459632874,0,0,0.0,0
3,288,13801,0,10227.2470703125,20,7491,1.0013070106506348,1.0987313985824585,1.0,10227.2470703125,9308.232421875,1.106271505355835,10018.53125,20,7486,1.0004711151123047,0,0,0.0,0
3,289,13801,0,10366.9638671875,20,7491,1.0016281604766846,1.0981966257095337,1.0,10366.9638671875,9441.1142578125,1.110814094543457,10001.8466796875,20,2494,1.0006078481674194,0,0,0.0,0
3,290,13801,0,9984.892578125,20,7490,1.0009515285491943,1.1032631397247314,1.0,9984.892578125,9054.6025390625,0.0,0.0,-1,-1,0.0,0,0,0.0,0
3,291,13801,0,9828.3369140625,20,11757,1.0018059015274048,1.1105847358703613,1.0,9828.3369140625,8849.6953125,0.0,0.0,-1,-1,0.0,0,0,0.0,0
3,292,13801,0,10110.4755859375,20,7491,1.0012644529342651,1.100400686264038,1.0,10110.4755859375,9187.994140625,1.104637861251831,10047.095703125,20,7488,1.0011513233184814,0,0,0.0,0
3,293,13801,0,9690.291015625,20,11755,1.0010324716567993,1.1131919622421265,1.0,9690.291015625,8723.548828125,0.0,0.0,-1,-1,0.0,0,0,0.0,0
3,294,13801,0,10491.8876953125,20,10776,1.0022094249725342,1.1089599132537842,1.0,10491.8876953125,9466.732421875,1.1166648864746094,10045.978515625,20,10771,1.0025275945663452,0,0,0.0,0
3,295,13801,0,9891.884765625,20,11757,1.0014574527740479,1.110723853111267,1.0,9891.884765625,8910.703125,0.0,0.0,-1,-1,0.0,0,0,0.0,0
3,296,13801,0,11341.1552734375,20,7492,1.0011826753616333,1.0856598615646362,1.0,11341.1552734375,10446.32421875,1.1105495691299438,10021.8779296875,20,7480,0.9996894598007202,0,0,0.0,0
3,297,13801,0,12149.44140625,20,4896,1.0029635429382324,1.0870745182037354,1.0,12149.44140625,11176.2724609375,1.121544599533081,10063.6982421875,20,4883,1.002102255821228,0,0,0.0,0
3,298,13801,0,12144.6240234375,20,7492,1.0022296905517578,1.0797780752182007,1.0,12144.6240234375,11247.333984375,1.1129438877105713,10091.939453125,20,7479,0.9989949464797974,0,0,0.0,0
3,299,13801,0,10121.9892578125,20,7491,1.0004953145980835,1.0983130931854248,1.0,10121.9892578125,9223.205078125,1.1031731367111206,10002.8212890625,20,7487,0.9994164109230042,0,0,0.0,0
3,300,13801,0,10538.1318359375,20,7491,1.001720666885376,1.097091555595398,1.0,10538.1318359375,9605.517578125,1.1142923831939697,10004.9365234375,20,11610,1.0005255937576294,0,0,0.0,0
4,1,13801,0,18227.181640625,20,2526,1.004573106765747,1.081889271736145,1.0,18227.181640625,16851.865234375,1.1843568086624146,10137.62890625,20,2567,0.9969012141227722,0,0,0.0,0
4,2,13801,0,533219.375,12,3876,23725.52734375,49.94508743286133,24.514162063598633,21751.482421875,533219.375,49.94508743286133,533219.375,12,3876,23725.52734375,1,1,533219.375,0
4,3,4680,0,13360.41796875,20,3644,1.0017274618148804,1.1137726306915283,1.0,13360.41796875,12008.2529296875,1.1490416526794434,10066.3408203125,20,2502,0.9959084987640381,0,0,0.0,0
4,4,13801,0,16995.30859375,20,7514,1.0020335912704468,1.0829201936721802,1.0,16995.30859375,15693.962890625,1.1822997331619263,10181.48828125,20,7559,1.0089095830917358,0,0,0.0,0
4,5,13801,0,15247.9638671875,20,3645,1.0026464462280273,1.0988398790359497,1.0,15247.9638671875,13876.4208984375,1.171758770942688,10001.3681640625,20,7556,1.025282621383667,0,0,0.0,0
4,6,13801,0,14037.7568359375,20,8328,1.0023027658462524,1.104346752166748,1.0,14037.7568359375,12711.3671875,1.1624504327774048,10109.3701171875,20,9760,1.016746163368225,0,0,0.0,0
4,7,13801,0,13013.2333984375,20,8327,1.0016310214996338,1.1143498420715332,1.0,13013.2333984375,11693.947265625,1.1445691585540771,10060.1220703125,20,7551,0.9959948658943176,0,0,0.0,0
4,8,13801,0,13345.2548828125,20,3644,1.0016982555389404,1.1142597198486328,1.0,13345.2548828125,11995.3017578125,1.1453670263290405,10109.3232421875,20,2501,0.9995777606964111,0,0,0.0,0
4,9,13801,0,13038.7119140625,20,8328,1.0019125938415527,1.1131643056869507,1.0,13038.7119140625,11713.1962890625,1.1467376947402954,10089.26953125,20,7552,0.9972307085990906,0,0,0.0,0
4,10,13801,0,14225.98828125,20,8328,1.001753330230713,1.102364182472229,1.0,14225.98828125,12910.6806640625,1.1525300741195679,10044.0224609375,20,7553,0.9962770342826843,0,0,0.0,0
4,11,13801,0,13335.1396484375,20,8328,1.0016882419586182,1.111385464668274,1.0,13335.1396484375,11998.6630859375,1.147479772567749,10060.1669921875,20,7552,0.999890148639679,0,0,0.0,0
4,12,13801,0,15057.28125,20,8329,1.0035978555679321,1.0989779233932495,1.0,15057.28125,13701.16796875,1.1640695333480835,10210.6181640625,20,7556,0.9972849488258362,0,0,0.0,0
4,13,13801,0,13489.1796875,20,8328,1.002086877822876,1.1083840131759644,1.0,13489.1796875,12170.1318359375,1.1568756103515625,10098.3408203125,20,7555,1.0024304389953613,0,0,0.0,0
4,14,13801,0,12841.7607421875,20,8327,1.0014439821243286,1.1158801317214966,1.0,12841.7607421875,11523.4541015625,1.1435762643814087,10118.7880859375,20,7551,1.0003745555877686,0,0,0.0,0
4,15,13801,0,13614.8212890625,20,8328,1.0021376609802246,1.1070939302444458,1.0,13614.8212890625,12297.80078125,1.1580193042755127,10223.7802734375,20,7556,0.9971099495887756,0,0,0.0,0
4,16,13801,0,13104.869140625,20,8327,1.0014466047286987,1.110996961593628,1.0,13104.869140625,11804.6826171875,1.1469978094100952,10114.421875,20,7552,1.000091791152954,0,0,0.0,0
4,17,13801,0,13503.408203125,20,8328,1.002441644668579,1.1112080812454224,1.0,13503.408203125,12152.0068359375,1.155588984489441,10167.64453125,20,7555,0.997695803642273,0,0,0.0,0
4,18,13801,0,12854.27734375,20,8327,1.0011805295944214,1.1177335977554321,1.0,12854.27734375,11513.0546875,1.1388204097747803,10385.3056640625,20,7551,0.9978510141372681,0,0,0.0,0
4,19,13801,0,12824.36328125,20,8328,1.0022882223129272,1.1158289909362793,1.0,12824.36328125,11493.1259765625,1.1418477296829224,10053.46875,20,7550,0.994378924369812,0,0,0.0,0
4,20,13801,0,13387.6748046875,20,8328,1.0018236637115479,1.1091443300247192,1.0,13387.6748046875,12070.2734375,1.1543762683868408,10041.71875,20,7554,0.9986628293991089,0,0,0.0,0
4,21,13801,0,16819.796875,20,8329,1.0037037134170532,1.0863769054412842,1.0,16819.796875,15482.4697265625,1.184134840965271,10018.5546875,20,9762,1.0290336608886719,0,0,0.0,0
4,22,13801,0,13441.1123046875,20,8328,1.0014041662216187,1.1095834970474243,1.0,13441.1123046875,12113.6552734375,1.1503105163574219,10277.9453125,20,7554,1.0009286403656006,0,0,0.0,0
4,23,13801,0,12387.986328125,20,8326,1.0012805461883545,1.121606707572937,1.0,12387.986328125,11049.42578125,1.132299542427063,10907.4072265625,20,2501,0.9995288252830505,0,0,0.0,0
4,24,13801,0,15648.267578125,20,8329,1.003006100654602,1.0917264223098755,1.0,15648.267578125,14333.5068359375,1.171956181526184,10258.5498046875,20,7558,0.9972264170646667,0,0,0.0,0
4,25,13801,0,12343.1748046875,20,8327,1.001316785812378,1.1190035343170166,1.0,12343.1748046875,11030.505859375,1.1403744220733643,10441.072265625,20,7552,0.9996468424797058,0,0,0.0,0
4,26,13801,0,13808.04296875,20,8901,1.001051902770996,1.1011897325515747,1.0,13808.04296875,12539.2041015625,1.165481448173523,10041.86328125,20,9761,0.9921103119850159,0,0,0.0,0
4,27,13801,0,15858.2353515625,20,7514,1.0019081830978394,1.0891238451004028,1.0,15858.2353515625,14560.5439453125,1.1736689805984497,10390.6953125,20,7559,1.0089025497436523,0,0,0.0,0
4,28,13801,0,12538.1357421875,20,8327,1.0003957748413086,1.1182008981704712,1.0,12538.1357421875,11224.8818359375,1.1391526460647583,10390.3857421875,20,7551,0.9959785342216492,0,0,0.0,0
4,29,13801,0,201034.34375,11,9764,201034.34375,563.8953857421875,8.957612037658691,22442.849609375,201034.34375,563.8953857421875,201034.34375,11,9764,201034.34375,1,1,201034.34375,0
4,30,13801,0,14966.44140625,20,8901,1.001340627670288,1.0925369262695312,1.0,14966.44140625,13713.25,1.1720082759857178,10196.3896484375,20,9763,0.998835027217865,0,0,0.0,0
4,31,13801,0,12234.8837890625,20,2275,1.0014580488204956,1.1247940063476562,1.0,12234.8837890625,10877.4443359375,1.1310991048812866,10972.5673828125,20,2501,0.9996147155761719,0,0,0.0,0
4,32,13801,0,15243.0517578125,20,8902,1.0011982917785645,1.0892579555511475,1.0,15243.0517578125,13993.978515625,1.1730234622955322,10121.076171875,20,7559,0.9954872727394104,0,0,0.0,0
4,33,13801,0,12685.0283203125,20,8327,1.001800298690796,1.1165193319320679,1.0,12685.0283203125,11364.396484375,1.1395444869995117,10508.8486328125,20,7552,0.9967961311340332,0,0,0.0,0
4,34,13801,0,16481.3671875,20,8329,1.0040600299835205,1.0883872509002686,1.0,16481.3671875,15142.92578125,1.1786786317825317,10269.5244140625,20,7559,1.003158450126648,0,0,0.0,0
4,35,13801,0,13490.7978515625,20,3644,1.0017831325531006,1.1129668951034546,1.0,13490.7978515625,12137.8720703125,1.1503010988235474,10097.689453125,20,7553,1.0006932020187378,0,0,0.0,0
4,36,13801,0,12225.7998046875,20,8326,1.0008169412612915,1.1210894584655762,1.0,12225.7998046875,10913.9384765625,1.1341766119003296,10715.6513671875,20,7551,0.9985985159873962,0,0,0.0,0
4,37,13801,0,15610.373046875,20,8329,1.0031721591949463,1.0931487083435059,1.0,15610.373046875,14280.19140625,1.178758144378662,10016.728515625,20,9762,1.0087480545043945,0,0,0.0,0
4,38,13801,0,16575.46484375,20,7514,1.0017220973968506,1.0853625535964966,1.0,16575.46484375,15271.8232421875,1.1747747659683228,10034.2783203125,20,9761,0.9942501187324524,0,0,0.0,0
4,39,13801,0,13586.13671875,20,8328,1.002510666847229,1.1102626323699951,1.0,13586.13671875,12236.8671875,1.1542216539382935,10261.8466796875,20,7555,1.0011889934539795,0,0,0.0,0
4,40,13801,0,12654.171875,20,10854,1.0008152723312378,1.1223007440567017,1.0,12654.171875,11277.3876953125,1.1323763132095337,10896.8466796875,20,10880,0.9995244145393372,0,0,0.0,0
4,41,13801,0,16270.0830078125,20,8901,1.001799464225769,1.085293173789978,1.0,16270.0830078125,15007.279296875,1.1781680583953857,10209.4580078125,20,7559,1.0006885528564453,0,0,0.0,0
4,42,13801,0,14068.4306640625,20,3702,1.0005860328674316,1.0970532894134521,1.0,14068.4306640625,12835.6943359375,1.1565159559249878,10147.3525390625,20,8104,0.9895434379577637,0,0,0.0,0
4,43,13801,0,13586.8759765625,20,8328,1.0026013851165771,1.111154317855835,1.0,13586.8759765625,12227.712890625,1.1520860195159912,10003.970703125,20,7553,1.0007482767105103,0,0,0.0,0
4,44,13801,0,12738.5419921875,20,8327,1.0012707710266113,1.1143630743026733,1.0,12738.5419921875,11431.2314453125,1.1482986211776733,10010.8935546875,20,7552,0.9936336278915405,0,0,0.0,0
4,45,13801,0,482132736.0,0,10229,482132736.0,12.304882049560547,3473.11865234375,138818.390625,39182232.0,274436.5625,274436.5625,11,2043,2523.717041015625,12,10,482132736.0,1
4,46,13801,0,15656.7041015625,20,8329,1.003673791885376,1.093026041984558,1.0,15656.7041015625,14324.1826171875,1.1689651012420654,10472.703125,20,9762,0.9905645251274109,0,0,0.0,0
4,47,13801,0,12998.283203125,20,2276,1.0015459060668945,1.1214712858200073,1.0,12998.283203125,11590.384765625,1.1381114721298218,10590.94140625,20,4954,1.0003615617752075,0,0,0.0,0
4,48,13801,0,14963.0263671875,20,3645,1.0023479461669922,1.1011791229248047,1.0,14963.0263671875,13597.07421875,1.1625151634216309,10215.7080078125,20,2505,0.9963719248771667,0,0,0.0,0
4,49,13801,0,13096.896484375,20,2277,1.0021111965179443,1.1206793785095215,1.0,13096.896484375,11686.568359375,1.1366437673568726,10465.1064453125,20,2264,0.9972444176673889,0,0,0.0,0
4,50,13801,0,12318.90234375,20,2275,1.0011621713638306,1.1246683597564697,1.0,12318.90234375,10953.3642578125,1.1303296089172363,11150.87890625,20,10880,0.9997054934501648,0,0,0.0,0
4,51,13801,0,13178.7138671875,20,8327,1.002248764038086,1.1156411170959473,1.0,13178.7138671875,11831.2724609375,1.143839955329895,10073.400390625,20,7551,1.00015127658844,0,0,0.0,0
4,52,13801,0,13212.9990234375,20,3644,1.0015134811401367,1.1147716045379639,1.0,13212.9990234375,11862.416015625,1.1428958177566528,10088.837890625,20,2500,0.9963273406028748,0,0,0.0,0
4,53,13801,0,15853.5615234375,20,8902,1.0010071992874146,1.0848833322525024,1.0,15853.5615234375,14613.1484375,1.1659457683563232,10083.1728515625,20,9760,0.9895867705345154,0,0,0.0,0
4,54,13801,0,12519.5810546875,20,2275,1.0015668869018555,1.1241973638534546,1.0,12519.5810546875,11142.8720703125,1.1324734687805176,10979.3583984375,20,4954,0.9997237324714661,0,0,0.0,0
4,55,13801,0,12285.833984375,20,8326,1.0009746551513672,1.119916558265686,1.0,12285.833984375,10988.818359375,1.135665774345398,10741.0859375,20,7552,0.9996699094772339,0,0,0.0,0
4,56,13801,0,20458.681640625,20,7514,1.0027433633804321,1.069514274597168,1.0,20458.681640625,19128.947265625,1.1841458082199097,10131.69140625,20,5362,1.0165249109268188,0,0,0.0,0
4,57,13801,0,15047.0576171875,20,8329,1.003378987312317,1.097374677658081,1.0,15047.0576171875,13711.8681640625,1.1639076471328735,10426.03515625,20,7557,1.0083917379379272,0,0,0.0,0
4,58,13801,0,12634.6181640625,20,2276,1.0016950368881226,1.1234471797943115,1.0,12634.6181640625,11248.984375,1.1342575550079346,10637.8984375,20,10879,0.997560977935791,0,0,0.0,0
4,59,13801,0,19283.43359375,20,7575,1.191170334815979,1.0851422548294067,1.0,19283.43359375,17770.419921875,1.1919323205947876,10203.59375,20,7560,1.0123875141143799,0,0,0.0,0
4,60,13801,0,12631.44140625,20,2276,1.0016649961471558,1.122994303703308,1.0,12631.44140625,11248.0009765625,1.1362347602844238,10518.912109375,20,2500,0.9969150424003601,0,0,0.0,0
4,61,13801,0,14405.8466796875,20,3645,1.0025529861450195,1.1043778657913208,1.0,14405.8466796875,13044.3095703125,1.161421537399292,10103.8984375,20,7555,0.99662846326828,0,0,0.0,0
4,62,13801,0,12718.3701171875,20,2276,1.0010699033737183,1.1224333047866821,1.0,12718.3701171875,11331.0703125,1.1344318389892578,10774.337890625,20,2501,0.9995076060295105,0,0,0.0,0
4,63,13801,0,12842.87890625,20,8328,1.0012825727462769,1.112876534461975,1.0,12842.87890625,11540.2548828125,1.1398506164550781,10371.7939453125,20,7551,0.9982492327690125,0,0,0.0,0
4,64,13801,0,20931.48828125,20,8902,1.0018680095672607,1.0627689361572266,1.0,20931.48828125,19705.685546875,1.1893340349197388,10422.9765625,20,9764,0.9927175045013428,0,0,0.0,0
4,65,13801,0,19281.8203125,20,8901,1.002166748046875,1.0719434022903442,1.0,19281.8203125,18015.619140625,1.189974069595337,10145.857421875,20,7559,1.0017460584640503,0,0,0.0,0
4,66,13801,0,14850.072265625,20,8329,1.0033304691314697,1.0983362197875977,1.0,14850.072265625,13520.515625,1.164263367652893,10348.82421875,20,7557,1.0094504356384277,0,0,0.0,0
4,67,13801,0,16948.55859375,20,7514,1.0021741390228271,1.083827257156372,1.0,16948.55859375,15637.6943359375,1.1741704940795898,10622.431640625,20,7559,1.009490728378296,0,0,0.0,0
4,68,13801,0,16669.634765625,20,3645,1.0035650730133057,1.0908123254776,1.0,16669.634765625,15287.4765625,1.1763087511062622,10043.5419921875,20,2506,0.9957410097122192,0,0,0.0,0
4,69,13801,0,15204.216796875,20,8329,1.00300931930542,1.0949335098266602,1.0,15204.216796875,13885.97265625,1.1750980615615845,10066.447265625,20,9762,1.0035752058029175,0,0,0.0,0
4,70,13801,0,14767.8974609375,20,8328,1.0033025741577148,1.1037781238555908,1.0,14767.8974609375,13437.1357421875,1.1676777601242065,10068.126953125,20,7556,1.01264488697052,0,0,0.0,0
4,71,13801,0,15276.3681640625,20,2279,1.0060970783233643,1.109085202217102,1.0,15276.3681640625,13773.845703125,1.1546742916107178,10449.6865234375,20,10883,0.9939932823181152,0,0,0.0,0
4,72,13801,0,19012.447265625,20,7514,1.0024449825286865,1.0747250318527222,1.0,19012.447265625,17690.521484375,28.110414505004883,14257.57421875,12,5356,202.08030700683594,1,0,14257.57421875,0
4,73,13801,0,18191.484375,20,2280,1.0055656433105469,1.0972099304199219,1.0,18191.484375,16579.765625,1.1720627546310425,10634.8857421875,20,2268,0.9999483227729797,0,0,0.0,0
4,74,13801,0,12342.7646484375,20,8327,1.0010052919387817,1.1189097166061401,1.0,12342.7646484375,11031.0634765625,1.1396129131317139,10255.349609375,20,7550,0.9954224824905396,0,0,0.0,0
4,75,13801,0,13460.171875,20,8328,1.0022883415222168,1.1081284284591675,1.0,13460.171875,12146.76171875,1.1591624021530151,10131.2744140625,20,7556,1.007432460784912,0,0,0.0,0
4,76,13801,0,12990.8701171875,20,8327,1.001605749130249,1.1165995597839355,1.0,12990.8701171875,11650.3828125,1.142494559288025,10002.3076171875,20,7550,0.9953210353851318,0,0,0.0,0
4,77,13801,0,12893.654296875,20,8328,1.002270221710205,1.115706205368042,1.0,12893.654296875,11556.49609375,1.1416293382644653,10058.9560546875,20,7550,0.9943789839744568,0,0,0.0,0
4,78,13801,0,13044.931640625,20,2276,1.0020421743392944,1.1215918064117432,1.0,13044.931640625,11642.6708984375,1.1404229402542114,10418.029296875,20,4954,0.9996214509010315,0,0,0.0,0
4,79,13801,0,398529.65625,2,2070,9797.4208984375,49.25568389892578,21.757217407226562,18317.125,398529.65625,49.25568389892578,398529.65625,2,2070,9797.4208984375,1,1,398529.65625,0
4,80,13801,0,15036.5283203125,20,8328,1.003017783164978,1.0983588695526123,1.0,15036.5283203125,13713.3857421875,1.1745147705078125,10020.0908203125,20,7558,0.987433135509491,0,0,0.0,0
4,81,13801,0,16219.5478515625,20,8329,1.003493070602417,1.0898767709732056,1.0,16219.5478515625,14882.0009765625,1.1742640733718872,10105.7099609375,20,7557,1.0121098756790161,0,0,0.0,0
4,82,13801,0,11977.9501953125,20,8326,1.0010415315628052,1.1215600967407227,1.0,11977.9501953125,10679.7216796875,1.132887840270996,10815.3330078125,20,7551,0.9989556670188904,0,0,0.0,0
4,83,13801,0,16358.6484375,20,8329,1.0042002201080322,1.0892764329910278,1.0,16358.6484375,15017.9033203125,1.1777836084365845,10271.78515625,20,9762,1.0219199657440186,0,0,0.0,0
4,84,13801,0,12385.447265625,20,8327,1.0014728307724,1.1202746629714966,1.0,12385.447265625,11055.7236328125,1.1353174448013306,10748.236328125,20,7552,0.9977655410766602,0,0,0.0,0
4,85,13801,0,13680.03125,20,2277,1.0025184154510498,1.118963360786438,1.0,13680.03125,12241.494140625,1.1420828104019165,10064.240234375,20,2264,0.9999052882194519,0,0,0.0,0
4,86,13801,0,13132.841796875,20,3644,1.0014814138412476,1.1152502298355103,1.0,13132.841796875,11781.908203125,1.1410787105560303,10218.3212890625,20,7551,0.9950115084648132,0,0,0.0,0
4,87,13801,0,12074.2548828125,20,2275,1.0009055137634277,1.1247928142547607,1.0,12074.2548828125,10734.6484375,1.1291687488555908,11102.0751953125,20,2501,0.9997926950454712,0,0,0.0,0
4,88,13801,0,15610.1171875,20,2279,1.0055114030838013,1.1079742908477783,1.0,15610.1171875,14088.8798828125,1.1560297012329102,10580.970703125,20,2267,1.0054012537002563,0,0,0.0,0
4,89,13801,0,18117.4453125,20,3702,1.001675009727478,1.0738269090652466,1.0,18117.4453125,16892.869140625,1.1770695447921753,10134.5390625,20,7558,1.0088999271392822,0,0,0.0,0
4,90,13801,0,12117.4931640625,20,8326,1.0003582239151,1.1210368871688843,1.0,12117.4931640625,10815.3662109375,1.1316834688186646,10894.7001953125,20,7551,0.9992941617965698,0,0,0.0,0
4,91,13801,0,13009.5048828125,20,8328,1.0022708177566528,1.1144484281539917,1.0,13009.5048828125,11673.4921875,1.1464722156524658,10088.2822265625,20,7552,0.9999486207962036,0,0,0.0,0
4,92,13801,0,12052.82421875,20,2275,1.0007805824279785,1.125180959701538,1.0,12052.82421875,10711.8984375,1.1292335987091064,11165.31640625,20,4954,1.0000603199005127,0,0,0.0,0
4,93,13801,0,13106.5146484375,20,8328,1.002046823501587,1.1133984327316284,1.0,13106.5146484375,11771.6298828125,1.1480475664138794,10006.9013671875,20,7552,0.9988833665847778,0,0,0.0,0
4,94,13801,0,12875.236328125,20,2276,1.0011378526687622,1.1223303079605103,1.0,12875.236328125,11475.748046875,1.1337504386901855,10708.0966796875,20,2264,0.9978848695755005,0,0,0.0,0
4,95,13801,0,13435.1611328125,20,8328,1.0021625757217407,1.1089966297149658,1.0,13435.1611328125,12114.69921875,1.150252342224121,10271.57421875,20,7554,1.0014526844024658,0,0,0.0,0
4,96,13801,0,15705.3076171875,20,8329,1.0034593343734741,1.0918405055999756,1.0,15705.3076171875,14384.25,1.1776585578918457,10051.8662109375,20,7558,1.0025519132614136,0,0,0.0,0
4,97,13801,0,14840.5712890625,20,8329,1.0030344724655151,1.0993744134902954,1.0,14840.5712890625,13499.10546875,1.1646119356155396,10334.1494140625,20,7557,1.01156747341156,0,0,0.0,0
4,98,13801,0,12013.423828125,20,2275,1.000982403755188,1.1252527236938477,1.0,12013.423828125,10676.2001953125,1.1295586824417114,11198.5576171875,20,4955,0.9997267723083496,0,0,0.0,0
4,99,13801,0,19293.673828125,11,9767,19293.673828125,8.445853233337402,1.0837013721466064,17803.49609375,19293.673828125,8.445853233337402,19293.673828125,11,9767,19293.673828125,1,0,19293.673828125,0
4,100,13801,0,14538.576171875,20,8328,1.0030680894851685,1.104378581047058,1.0,14538.576171875,13183.4990234375,1.161545991897583,10247.849609375,20,7556,0.998152494430542,0,0,0.0,0
4,101,13801,0,13721.2119140625,20,8328,1.0016677379608154,1.1090675592422485,1.0,13721.2119140625,12372.908203125,1.1539627313613892,10111.8583984375,20,7554,0.9985141754150391,0,0,0.0,0
4,102,13801,0,14253.9736328125,20,8328,1.0028194189071655,1.1048715114593506,1.0,14253.9736328125,12908.91015625,1.161262035369873,10002.376953125,20,7555,1.0025993585586548,0,0,0.0,0
4,103,13801,0,13239.44140625,20,8328,1.0023167133331299,1.1137317419052124,1.0,13239.44140625,11887.4599609375,1.1463006734848022,10104.0078125,20,7552,0.9970187544822693,0,0,0.0,0
4,104,13801,0,14133.119140625,20,8328,1.0026659965515137,1.105036973953247,1.0,14133.119140625,12794.384765625,1.1597070693969727,10062.046875,20,7555,1.0034533739089966,0,0,0.0,0
4,105,13801,0,16003.6474609375,20,8901,1.0015619993209839,1.0866237878799438,1.0,16003.6474609375,14749.212890625,1.1768968105316162,10299.6552734375,20,9764,0.9840013980865479,0,0,0.0,0
4,106,13801,0,13040.880859375,20,8327,1.002035140991211,1.1155908107757568,1.0,13040.880859375,11705.3740234375,1.143703579902649,10095.4501953125,20,7551,0.9995976686477661,0,0,0.0,0
4,107,13801,0,15868.052734375,20,8329,1.003677487373352,1.0926231145858765,1.0,15868.052734375,14522.896484375,1.175538420677185,10269.40234375,20,9762,1.0221682786941528,0,0,0.0,0
4,108,13801,0,12752.970703125,20,2276,1.00095796585083,1.1223124265670776,1.0,12752.970703125,11403.8515625,1.135501742362976,10707.4619140625,20,2501,0.999203622341156,0,0,0.0,0
4,109,13801,0,12325.412109375,20,8327,1.000875473022461,1.1185202598571777,1.0,12325.412109375,11021.0390625,1.1353265047073364,10650.205078125,20,7551,0.998197615146637,0,0,0.0,0
4,110,13801,0,14106.2958984375,20,8328,1.0028201341629028,1.107201099395752,1.0,14106.2958984375,12740.5,1.156604528427124,10035.7783203125,20,7554,0.9981790781021118,0,0,0.0,0
4,111,13801,0,12454.8251953125,20,8327,1.0009486675262451,1.1164000034332275,1.0,12454.8251953125,11156.2392578125,1.1394233703613281,10403.99609375,20,7551,0.9959186315536499,0,0,0.0,0
4,112,13801,0,12643.0166015625,20,8328,1.0019288063049316,1.115691065788269,1.0,12643.0166015625,11332.0048828125,1.1416491270065308,10107.7119140625,20,7550,0.995232343673706,0,0,0.0,0
4,113,13801,0,14759.611328125,20,3645,1.002651333808899,1.1028975248336792,1.0,14759.611328125,13387.1259765625,1.1612601280212402,10234.98046875,20,2505,0.996518075466156,0,0,0.0,0
4,114,13801,0,93598.7421875,1,10237,4819.70849609375,36.798030853271484,4.898356914520264,19108.19140625,93598.7421875,36.798030853271484,93598.7421875,1,10237,4819.70849609375,4,3,93598.7421875,0
4,115,13801,0,14878.935546875,20,11647,1.0029566287994385,1.1042309999465942,1.0,14878.935546875,13491.8935546875,1.1571263074874878,10415.6220703125,20,4957,0.9989579916000366,0,0,0.0,0
4,116,13801,0,12958.958984375,20,2277,1.0021162033081055,1.1211796998977661,1.0,12958.958984375,11558.3251953125,1.1355820894241333,10547.0927734375,20,2264,0.9972891807556152,0,0,0.0,0
4,117,13801,0,17433.009765625,20,8902,1.0017122030258179,1.077869176864624,1.0,17433.009765625,16173.5859375,1.1862159967422485,10061.365234375,20,7559,0.9954832792282104,0,0,0.0,0
4,118,13801,0,13100.173828125,20,11647,1.0013706684112549,1.1159595251083374,1.0,13100.173828125,11748.400390625,1.1381179094314575,10557.6064453125,20,2501,0.9985173344612122,0,0,0.0,0
4,119,13801,0,13141.1787109375,20,8328,1.001250982284546,1.1117738485336304,1.0,13141.1787109375,11820.0107421875,1.1475110054016113,10059.4765625,20,7552,0.9988619089126587,0,0,0.0,0
4,120,13801,0,13085.046875,20,2276,1.0019524097442627,1.1213245391845703,1.0,13085.046875,11697.7666015625,1.1408482789993286,10073.4462890625,20,11676,0.9956749081611633,0,0,0.0,0
4,121,13801,0,12313.21484375,20,2276,1.0018565654754639,1.124206781387329,1.0,12313.21484375,10952.802734375,1.131631851196289,11247.251953125,20,10881,0.9994754791259766,0,0,0.0,0
4,122,13801,0,15327.4072265625,20,8329,1.003560185432434,1.09687077999115,1.0,15327.4072265625,13984.2744140625,1.1707096099853516,10137.7099609375,20,9761,0.9789605140686035,0,0,0.0,0
4,123,13801,0,14293.068359375,20,3645,1.002403974533081,1.105033278465271,1.0,14293.068359375,12934.5146484375,1.1568206548690796,10318.162109375,20,7555,1.002821922302246,0,0,0.0,0
4,124,13801,0,15189.68359375,20,8329,1.003284215927124,1.0986719131469727,1.0,15189.68359375,13871.7041015625,1.1725391149520874,10044.208984375,20,7557,0.9937247037887573,0,0,0.0,0
4,125,13801,0,15234.3642578125,20,1863,1.003519892692566,1.1000866889953613,1.0,15234.3642578125,13848.3310546875,1.166632890701294,10015.501953125,20,2505,1.0003457069396973,0,0,0.0,0
4,126,13801,0,13047.6904296875,20,8328,1.0019382238388062,1.1138819456100464,1.0,13047.6904296875,11713.7099609375,1.1441023349761963,10070.3671875,20,7551,1.000321865081787,0,0,0.0,0
4,127,13801,0,16346.158203125,20,8902,1.0014985799789429,1.0824590921401978,1.0,16346.158203125,15100.947265625,1.1736828088760376,10403.4638671875,20,9763,0.9882469773292542,0,0,0.0,0
4,128,13801,0,12352.48828125,20,8327,1.001580834388733,1.1207600831985474,1.0,12352.48828125,11021.52734375,1.1349598169326782,10762.2734375,20,7552,0.9980874061584473,0,0,0.0,0
4,129,13801,0,13225.93359375,20,8328,1.002292513847351,1.1138206720352173,1.0,13225.93359375,11874.3828125,1.1464594602584839,10094.908203125,20,7552,0.9983038902282715,0,0,0.0,0
4,130,13801,0,13431.30859375,20,2277,1.001969814300537,1.1196235418319702,1.0,13431.30859375,11996.271484375,1.1394404172897339,10256.2900390625,20,2264,0.9967257976531982,0,0,0.0,0
4,131,13801,0,14221.587890625,20,8901,1.001197338104248,1.0978177785873413,1.0,14221.587890625,12957.0947265625,1.1638634204864502,10050.8974609375,20,9760,1.0068937540054321,0,0,0.0,0
4,132,13801,0,12715.6494140625,20,8327,1.0006818771362305,1.119099497795105,1.0,12715.6494140625,11371.392578125,1.1359390020370483,10677.2783203125,20,2501,0.9995999932289124,0,0,0.0,0
4,133,13801,0,12337212.0,7,9760,295604.75,59.362884521484375,38.12324142456055,323613.9375,12337212.0,4164.9189453125,1317280.5,11,7569,3066.29541015625,13,13,12337212.0,1
4,134,13801,0,14934.517578125,20,8329,1.0031278133392334,1.0988661050796509,1.0,14934.517578125,13590.84375,1.1719540357589722,10005.11328125,20,7557,0.9890239834785461,0,0,0.0,0
4,135,13801,0,22691.271484375,20,9783,1.5029170513153076,1.0623081922531128,1.0,22691.271484375,21360.345703125,1.2048718929290771,10211.392578125,20,9763,1.02873694896698,0,0,0.0,0
4,136,13801,0,15881.1357421875,20,8329,1.003536581993103,1.092725157737732,1.0,15881.1357421875,14544.78515625,1.1737693548202515,10412.6220703125,20,7559,1.0110278129577637,0,0,0.0,0
4,137,13801,0,20107.69921875,20,7514,1.0026782751083374,1.0708824396133423,1.0,20107.69921875,18776.7578125,1.195133090019226,10166.7880859375,20,7559,0.9985747933387756,0,0,0.0,0
4,138,13801,0,15744.369140625,20,7514,1.001777172088623,1.0898542404174805,1.0,15744.369140625,14446.306640625,1.1716654300689697,10338.8935546875,20,7558,0.9937912225723267,0,0,0.0,0
4,139,13801,0,15501.8828125,20,8329,1.0031688213348389,1.0942888259887695,1.0,15501.8828125,14166.1708984375,1.1709315776824951,10307.779296875,20,7558,0.9982008934020996,0,0,0.0,0
4,140,13801,0,13296.5322265625,20,8328,1.0018752813339233,1.1086692810058594,1.0,13296.5322265625,11993.236328125,1.155366063117981,10140.828125,20,7555,1.0017426013946533,0,0,0.0,0
4,141,13801,0,12094.927734375,20,8326,1.0005056858062744,1.1217442750930786,1.0,12094.927734375,10789.2001953125,1.1329554319381714,10796.892578125,20,7551,0.9986005425453186,0,0,0.0,0
4,142,13801,0,16299.779296875,20,7514,1.0020440816879272,1.0859798192977905,1.0,16299.779296875,15009.283203125,1.1759611368179321,10302.0009765625,20,9762,1.0218037366867065,0,0,0.0,0
4,143,13801,0,15273.7373046875,20,8328,1.0027529001235962,1.0971825122833252,1.0,15273.7373046875,13943.658203125,1.1558276414871216,10215.5146484375,20,7554,0.9980513453483582,0,0,0.0,0
4,144,13801,0,13149.2666015625,20,8328,1.002289056777954,1.1135245561599731,1.0,13149.2666015625,11808.6904296875,1.1438679695129395,10074.6630859375,20,7551,0.997722327709198,0,0,0.0,0
4,145,13801,0,13507.10546875,20,8328,1.0023325681686401,1.1109366416931152,1.0,13507.10546875,12158.3037109375,1.1513961553573608,10022.2490234375,20,7553,1.0011693239212036,0,0,0.0,0
4,146,13801,0,12815.548828125,20,8327,1.0016611814498901,1.1186796426773071,1.0,12815.548828125,11456.251953125,1.1453620195388794,10120.7138671875,20,7552,0.9999037384986877,0,0,0.0,0
4,147,13801,0,15484.3935546875,20,7513,1.0018547773361206,1.0939550399780273,1.0,15484.3935546875,14177.5390625,1.1733477115631104,10080.814453125,20,7557,0.9871519207954407,0,0,0.0,0
4,148,13801,0,12374.884765625,20,2276,1.0016802549362183,1.1238179206848145,1.0,12374.884765625,11011.4677734375,1.1314013004302979,11082.76953125,20,10880,0.9993805885314941,0,0,0.0,0
4,149,13801,0,16349.181640625,20,7514,1.0016802549362183,1.08677077293396,1.0,16349.181640625,15043.818359375,1.1779332160949707,10158.8330078125,20,7558,0.9920482039451599,0,0,0.0,0
4,150,13801,0,12536.5673828125,20,8327,1.0008726119995117,1.1195061206817627,1.0,12536.5673828125,11198.3017578125,1.136026382446289,10705.072265625,20,7552,0.9976107478141785,0,0,0.0,0
4,151,13801,0,13452.5712890625,20,8328,1.0023361444473267,1.109924554824829,1.0,13452.5712890625,12120.2568359375,1.1549410820007324,10198.1259765625,20,7555,1.0012484788894653,0,0,0.0,0
4,152,13801,0,13186.982421875,20,2277,1.0018848180770874,1.1196638345718384,1.0,13186.982421875,11791.33203125,1.1434893608093262,10197.0869140625,20,4954,0.9996988773345947,0,0,0.0,0
4,153,13801,0,13040.5224609375,20,8327,1.001747727394104,1.116808295249939,1.0,13040.5224609375,11692.4580078125,1.1417155265808105,10042.916015625,20,7550,0.9958314895629883,0,0,0.0,0
4,154,13801,0,12963.482421875,20,8327,1.001599907875061,1.1138640642166138,1.0,12963.482421875,11647.7080078125,1.144497275352478,10084.2099609375,20,7551,0.9947393536567688,0,0,0.0,0
4,155,13801,0,13443.46875,20,3702,1.0010665655136108,1.102434754371643,1.0,13443.46875,12194.34375,1.1524423360824585,10120.162109375,20,9758,1.001857042312622,0,0,0.0,0
4,156,13801,0,12343.0556640625,20,8327,1.0013500452041626,1.120234727859497,1.0,12343.0556640625,11018.2763671875,1.1370928287506104,10508.84765625,20,7551,0.9990647435188293,0,0,0.0,0
4,157,13801,0,13614.1689453125,20,3645,1.0011979341506958,1.110538125038147,1.0,13614.1689453125,12259.07421875,1.1502636671066284,10027.1064453125,20,2502,0.9944269061088562,0,0,0.0,0
4,158,13801,0,15041.287109375,20,1863,1.0033091306686401,1.1007407903671265,1.0,15041.287109375,13664.6943359375,1.1631497144699097,10007.5615234375,20,7555,1.0016206502914429,0,0,0.0,0
4,159,13801,0,13224.326171875,20,2277,1.0019018650054932,1.119899034500122,1.0,13224.326171875,11808.4990234375,1.1411874294281006,10035.2998046875,20,11676,0.9943587779998779,0,0,0.0,0
4,160,13801,0,12686.69921875,20,2276,1.0007264614105225,1.1225745677947998,1.0,12686.69921875,11301.431640625,1.133880853652954,11062.0048828125,20,4955,0.999529242515564,0,0,0.0,0
4,161,13801,0,16397.947265625,20,3645,1.003336787223816,1.0925180912017822,1.0,16397.947265625,15021.1328125,1.174781084060669,10268.5244140625,20,2507,0.989065945148468,0,0,0.0,0
4,162,13801,0,14073.7451171875,20,2278,1.0033705234527588,1.1162651777267456,1.0,14073.7451171875,12625.013671875,1.1480895280838013,10024.0107421875,20,2265,0.9986475706100464,0,0,0.0,0
4,163,13801,0,12243.794921875,20,8326,1.0008562803268433,1.121070384979248,1.0,12243.794921875,10930.0771484375,1.1341593265533447,10712.134765625,20,7551,0.9986729621887207,0,0,0.0,0
4,164,13801,0,77460008.0,12,8760,137310.25,5.025225639343262,262.84033203125,294703.65625,77460008.0,28326.814453125,28326.814453125,1,8770,28326.814453125,7,5,77460008.0,1
4,165,13801,0,14327.40625,20,11647,1.0027077198028564,1.1076074838638306,1.0,14327.40625,12941.201171875,1.1523061990737915,10077.6005859375,20,11678,0.9976794123649597,0,0,0.0,0
4,166,13801,0,12758.26171875,20,8327,1.0017870664596558,1.1160637140274048,1.0,12758.26171875,11438.6533203125,1.140581727027893,10305.5244140625,20,7551,0.9981480836868286,0,0,0.0,0
4,167,13801,0,15962.1484375,20,8329,1.0033456087112427,1.089368462562561,1.0,15962.1484375,14652.6630859375,1.1735668182373047,10328.470703125,20,9762,1.0036373138427734,0,0,0.0,0
4,168,13801,0,12355.5341796875,20,8326,1.001220941543579,1.1211304664611816,1.0,12355.5341796875,11026.9501953125,1.1336902379989624,10735.0302734375,20,7551,0.9986168742179871,0,0,0.0,0
4,169,13801,0,16126.0419921875,20,11648,1.0041818618774414,1.0960906744003296,1.0,16126.0419921875,14712.3251953125,1.16900634765625,10331.619140625,20,4958,1.0107637643814087,0,0,0.0,0
4,170,13801,0,13487.6083984375,20,8328,1.0012497901916504,1.1092636585235596,1.0,13487.6083984375,12160.1572265625,1.154949426651001,10024.408203125,20,7554,0.999920129776001,0,0,0.0,0
4,171,13801,0,13911.8251953125,20,8328,1.0021761655807495,1.1064915657043457,1.0,13911.8251953125,12572.916015625,1.1516493558883667,10065.0966796875,20,7553,0.9991283416748047,0,0,0.0,0
4,172,13801,0,15175.4306640625,20,7513,1.0016725063323975,1.0958988666534424,1.0,15175.4306640625,13866.783203125,1.1713957786560059,10144.6630859375,20,7557,0.9857686161994934,0,0,0.0,0
4,173,13801,0,12480.0146484375,20,8900,1.000267505645752,1.1130903959274292,1.0,12480.0146484375,11221.9736328125,1.1387089490890503,10466.65234375,20,9755,0.9981204271316528,0,0,0.0,0
4,174,13801,0,16386.369140625,20,8329,1.0038503408432007,1.0892046689987183,1.0,16386.369140625,15050.619140625,1.1804449558258057,10024.6357421875,20,7558,0.9886115193367004,0,0,0.0,0
4,175,13801,0,13749.2197265625,20,8901,1.0004839897155762,1.1012873649597168,1.0,13749.2197265625,12492.8291015625,1.1594727039337158,10171.8828125,20,9760,1.008702278137207,0,0,0.0,0
4,176,13801,0,14346.0458984375,20,8328,1.00279700756073,1.1036255359649658,1.0,14346.0458984375,13010.8046875,1.1683441400527954,10020.3291015625,20,7557,0.9870773553848267,0,0,0.0,0
4,177,13801,0,15380.7353515625,20,8902,1.0013198852539062,1.0881394147872925,1.0,15380.7353515625,14134.8935546875,1.1669992208480835,10165.8564453125,20,7557,0.9999201893806458,0,0,0.0,0
4,178,13801,0,13369.05859375,20,8328,1.0024670362472534,1.1128331422805786,1.0,13369.05859375,12013.533203125,1.1507487297058105,10052.4873046875,20,7553,0.999806821346283,0,0,0.0,0
4,179,13801,0,15465.2275390625,20,8329,1.0030409097671509,1.093986988067627,1.0,15465.2275390625,14136.5732421875,1.170756459236145,10371.4912109375,20,9762,1.0294504165649414,0,0,0.0,0
4,180,13801,0,14811.3369140625,20,8328,1.002673625946045,1.0985175371170044,1.0,14811.3369140625,13519.001953125,1.1737754344940186,10267.251953125,20,9764,0.9689616560935974,0,0,0.0,0
4,181,13801,0,15446.380859375,20,8329,1.0032320022583008,1.0945053100585938,1.0,15446.380859375,14112.66015625,1.1668537855148315,10112.3173828125,20,9760,1.0036473274230957,0,0,0.0,0
4,182,13801,0,16064.2802734375,20,7513,1.0020583868026733,1.0895191431045532,1.0,16064.2802734375,14768.755859375,1.1753863096237183,10060.7333984375,20,9761,1.0005552768707275,0,0,0.0,0
4,183,13801,0,14408.0048828125,20,8328,1.0025056600570679,1.1026138067245483,1.0,14408.0048828125,13077.2314453125,1.1648763418197632,10222.7783203125,20,7557,1.0043368339538574,0,0,0.0,0
4,184,13801,0,15148.1318359375,20,8329,1.0028657913208008,1.0956305265426636,1.0,15148.1318359375,13825.94921875,1.171426773071289,10065.6689453125,20,9761,0.9885983467102051,0,0,0.0,0
4,185,13801,0,13200.7353515625,20,11647,1.0017634630203247,1.115833044052124,1.0,13200.7353515625,11831.1728515625,1.1423349380493164,10279.7607421875,20,4954,1.000900387763977,0,0,0.0,0
4,186,13801,0,973901.9375,11,1950,973901.9375,3470.95703125,42.44350814819336,22945.83984375,973901.9375,3470.95703125,973901.9375,11,1950,973901.9375,1,1,973901.9375,0
4,187,13801,0,16719.28515625,20,8329,1.0042293071746826,1.0872197151184082,1.0,16719.28515625,15378.01953125,1.1827490329742432,10182.01171875,20,9762,1.0317593812942505,0,0,0.0,0
4,188,13801,0,13993.2880859375,20,8328,1.002516269683838,1.1048011779785156,1.0,13993.2880859375,12665.8876953125,1.1669949293136597,10051.986328125,20,9761,0.9929186105728149,0,0,0.0,0
4,189,13801,0,13469.3486328125,20,8328,1.00118088722229,1.1071420907974243,1.0,13469.3486328125,12165.8720703125,1.1547693014144897,10194.4853515625,20,7555,1.0032354593276978,0,0,0.0,0
4,190,13801,0,17885.171875,20,7514,1.0021840333938599,1.078355312347412,1.0,17885.171875,16585.6015625,1.1856482028961182,10163.2509765625,20,7559,0.9975430369377136,0,0,0.0,0
4,191,13801,0,14808.59375,20,2279,1.0043244361877441,1.1111232042312622,1.0,14808.59375,13327.5888671875,1.1534068584442139,10168.205078125,20,2266,0.9957231283187866,0,0,0.0,0
4,192,13801,0,14833.8583984375,20,8329,1.0032901763916016,1.0982247591018677,1.0,14833.8583984375,13507.1240234375,1.1663223505020142,10246.8427734375,20,7557,1.01140296459198,0,0,0.0,0
4,193,13801,0,13984.58203125,20,8328,1.0023832321166992,1.1082695722579956,1.0,13984.58203125,12625.736328125,1.1594001054763794,10051.21875,20,7555,0.9983095526695251,0,0,0.0,0
4,194,13801,0,12864.615234375,20,8328,1.0017982721328735,1.1143933534622192,1.0,12864.615234375,11544.0517578125,1.144329309463501,10068.5830078125,20,7551,1.0000609159469604,0,0,0.0,0
4,195,13801,0,24390.912109375,20,7582,1.377776861190796,1.0564473867416382,1.0,24390.912109375,23087.673828125,1.1967333555221558,10255.8701171875,20,7560,1.0253297090530396,0,0,0.0,0
4,196,13801,0,13629.546875,20,8328,1.0023205280303955,1.1077388525009155,1.0,13629.546875,12303.935546875,1.1556822061538696,10182.4658203125,20,7555,1.0032525062561035,0,0,0.0,0
4,197,13801,0,12047.25390625,20,8326,1.000257968902588,1.1221270561218262,1.0,12047.25390625,10743.271484375,1.1322081089019775,10846.890625,20,7551,0.9989733695983887,0,0,0.0,0
4,198,13801,0,13732.6162109375,20,8328,1.0017534494400024,1.1095826625823975,1.0,13732.6162109375,12376.8603515625,1.1521875858306885,10208.5244140625,20,7554,0.9995906352996826,0,0,0.0,0
4,199,13801,0,13386.6552734375,20,3645,1.002101182937622,1.1126008033752441,1.0,13386.6552734375,12031.8583984375,1.145437479019165,10076.728515625,20,4954,0.9998401403427124,0,0,0.0,0
4,200,13801,0,13255.646484375,20,8328,1.002286434173584,1.1132409572601318,1.0,13255.646484375,11907.2568359375,1.1462992429733276,10106.8603515625,20,7552,0.9972465634346008,0,0,0.0,0
4,201,13801,0,14868.7197265625,20,8328,1.00291109085083,1.0990513563156128,1.0,14868.7197265625,13545.462890625,1.1721752882003784,10095.9169921875,20,7558,1.0117719173431396,0,0,0.0,0
4,202,13801,0,13185.5615234375,20,8328,1.0022037029266357,1.1137272119522095,1.0,13185.5615234375,11839.1298828125,1.1457436084747314,10132.3720703125,20,7552,0.9972099661827087,0,0,0.0,0
4,203,13801,0,15192.271484375,20,8329,1.0035094022750854,1.0976312160491943,1.0,15192.271484375,13840.9619140625,1.1667945384979248,10089.353515625,20,7556,0.9975205659866333,0,0,0.0,0
4,204,13801,0,16367.080078125,20,8329,1.0042667388916016,1.0894520282745361,1.0,16367.080078125,15023.2216796875,1.1779472827911377,10277.0771484375,20,9762,1.0345337390899658,0,0,0.0,0
4,205,13801,0,13048.9033203125,20,8328,1.001930832862854,1.1131237745285034,1.0,13048.9033203125,11722.7783203125,1.1460589170455933,10129.8388671875,20,7552,0.998401403427124,0,0,0.0,0
4,206,13801,0,12658.046875,20,2275,1.0015352964401245,1.1236486434936523,1.0,12658.046875,11302.3203125,1.1344811916351318,10768.5048828125,20,2501,0.9990096092224121,0,0,0.0,0
4,207,13801,0,19342.986328125,20,2526,1.0036630630493164,1.0776880979537964,1.0,19342.986328125,17951.396484375,1.1878085136413574,10104.26171875,20,2567,0.9930970072746277,0,0,0.0,0
4,208,13801,0,16040.4580078125,20,1863,1.003713607788086,1.0956584215164185,1.0,16040.4580078125,14640.017578125,1.1654150485992432,10249.6318359375,20,2564,0.9891536831855774,0,0,0.0,0
4,209,13801,0,13113.189453125,20,8328,1.0022728443145752,1.1146053075790405,1.0,13113.189453125,11764.8720703125,1.144946813583374,10173.7861328125,20,7552,0.9967823028564453,0,0,0.0,0
4,210,13801,0,13247.6640625,20,8328,1.0017967224121094,1.1088155508041382,1.0,13247.6640625,11947.58203125,1.1517906188964844,10007.1552734375,20,7553,1.001907229423523,0,0,0.0,0
4,211,13801,0,13519.9521484375,20,8328,1.0024586915969849,1.109963059425354,1.0,13519.9521484375,12180.54296875,1.1535917520523071,10278.4951171875,20,7555,1.0029300451278687,0,0,0.0,0
4,212,13801,0,12287.0498046875,20,8327,1.001021385192871,1.1196731328964233,1.0,12287.0498046875,10973.783203125,1.1354917287826538,10747.939453125,20,7552,0.9988864064216614,0,0,0.0,0
4,213,13801,0,12841.27734375,20,8328,1.0022087097167969,1.1150074005126953,1.0,12841.27734375,11516.763671875,1.1449049711227417,10178.66015625,20,7552,0.9977489709854126,0,0,0.0,0
4,214,13801,0,17833.302734375,20,3702,1.0018279552459717,1.0757155418395996,1.0,17833.302734375,16584.716796875,1.1813095808029175,10212.5009765625,20,9763,0.9948484301567078,0,0,0.0,0
4,215,13801,0,12644.0791015625,20,8327,1.0004668235778809,1.117992639541626,1.0,12644.0791015625,11324.4462890625,1.1398215293884277,10338.533203125,20,7551,0.9965488910675049,0,0,0.0,0
4,216,13801,0,13967.46484375,20,11647,1.0015915632247925,1.110269546508789,1.0,13967.46484375,12598.73046875,1.1502400636672974,10394.5439453125,20,4956,1.0009045600891113,0,0,0.0,0
4,217,13801,0,16001.798828125,20,2526,1.0015720129013062,1.0913326740264893,1.0,16001.798828125,14662.623046875,1.1770002841949463,10117.94921875,20,7557,0.9897523522377014,0,0,0.0,0
4,218,13801,0,13965.845703125,20,2278,1.00192391872406,1.11604642868042,1.0,13965.845703125,12515.693359375,1.1495168209075928,10220.55078125,20,11679,0.9947246313095093,0,0,0.0,0
4,219,13801,0,12679.798828125,20,8327,1.0011746883392334,1.115268588066101,1.0,12679.798828125,11370.1279296875,1.1458394527435303,10280.6787109375,20,7553,0.9951422810554504,0,0,0.0,0
4,220,13801,0,12596.1328125,20,2276,1.0003612041473389,1.1227267980575562,1.0,12596.1328125,11224.11328125,1.1324522495269775,10987.857421875,20,4954,0.9999257326126099,0,0,0.0,0
4,221,13801,0,12714.404296875,20,8327,1.0013264417648315,1.1166313886642456,1.0,12714.404296875,11397.1884765625,1.1413685083389282,10255.9091796875,20,7551,0.9959125518798828,0,0,0.0,0
4,222,13801,0,16967.19140625,20,8902,1.0016095638275146,1.0797768831253052,1.0,16967.19140625,15713.609375,1.1836233139038086,10011.146484375,20,9762,0.9989544153213501,0,0,0.0,0
4,223,13801,0,11601.0791015625,20,2274,1.0003494024276733,1.1261191368103027,1.0,11601.0791015625,10301.822265625,1.1275157928466797,11300.2412109375,20,10881,1.0001777410507202,0,0,0.0,0
4,224,13801,0,13447.2861328125,20,8328,1.0020027160644531,1.1077604293823242,1.0,13447.2861328125,12139.1640625,1.1581820249557495,10170.3701171875,20,7556,0.9968686103820801,0,0,0.0,0
4,225,13801,0,12400.14453125,20,8327,1.0010061264038086,1.1177394390106201,1.0,12400.14453125,11096.16015625,1.1394721269607544,10390.0947265625,20,7551,0.9982789158821106,0,0,0.0,0
4,226,13801,0,16611.904296875,20,7513,1.002285361289978,1.0877816677093506,1.0,16611.904296875,15299.1328125,1.1702262163162231,10809.7607421875,20,7559,1.0281223058700562,0,0,0.0,0
4,227,13801,0,13718.5048828125,20,8328,1.001861572265625,1.1081417798995972,1.0,13718.5048828125,12379.73828125,1.1543405055999756,10090.279296875,20,7554,0.9992141723632812,0,0,0.0,0
4,228,13801,0,13896.009765625,20,11647,1.0023012161254883,1.1106889247894287,1.0,13896.009765625,12511.162109375,1.1512595415115356,10027.1416015625,20,11678,1.0011042356491089,0,0,0.0,0
4,229,13801,0,16277.6611328125,20,8329,1.003324031829834,1.0886715650558472,1.0,16277.6611328125,14951.857421875,1.1776961088180542,10200.3583984375,20,9762,1.0169918537139893,0,0,0.0,0
4,230,13801,0,12405.9970703125,20,8326,1.0011659860610962,1.1216152906417847,1.0,12405.9970703125,11068.66796875,1.132642149925232,10887.396484375,20,2501,0.9989319443702698,0,0,0.0,0
4,231,13801,0,13314.2216796875,20,11647,1.0016766786575317,1.1148439645767212,1.0,13314.2216796875,11942.6767578125,1.1441551446914673,10172.111328125,20,4954,1.0008941888809204,0,0,0.0,0
4,232,13801,0,12657.9345703125,20,2276,1.0005578994750977,1.1223887205123901,1.0,12657.9345703125,11302.3310546875,1.1329141855239868,10921.6162109375,20,4954,1.000098466873169,0,0,0.0,0
4,233,13801,0,14944.2255859375,20,8329,1.0034657716751099,1.0981673002243042,1.0,14944.2255859375,13608.3330078125,1.1651369333267212,10333.2744140625,20,7557,1.013987421989441,0,0,0.0,0
4,234,13801,0,13110.3115234375,20,8328,1.0021034479141235,1.1121448278427124,1.0,13110.3115234375,11788.3134765625,1.1491338014602661,10127.443359375,20,7553,0.9958703517913818,0,0,0.0,0
4,235,13801,0,13663.142578125,20,8328,1.0017417669296265,1.1095592975616455,1.0,13663.142578125,12314.7470703125,1.1532323360443115,10137.59375,20,7554,0.9983931183815002,0,0,0.0,0
4,236,13801,0,12356.630859375,20,8327,1.0015243291854858,1.1208372116088867,1.0,12356.630859375,11024.46484375,1.1331486701965332,10761.6005859375,20,7551,0.9988730549812317,0,0,0.0,0
4,237,13801,0,13792.998046875,20,8328,1.0021989345550537,1.1058586835861206,1.0,13792.998046875,12472.6591796875,1.1615514755249023,10080.8564453125,20,7556,0.9938235282897949,0,0,0.0,0
4,238,13801,0,14595.701171875,20,8328,1.00265634059906,1.1019558906555176,1.0,14595.701171875,13264.6865234375,1.1643036603927612,10292.6357421875,20,7557,1.0094400644302368,0,0,0.0,0
4,239,13801,0,107461.59375,11,6954,386.9673156738281,24.54142189025879,4.516120910644531,23795.109375,107461.59375,24.54142189025879,107461.59375,11,6954,386.9673156738281,2,1,107461.59375,0
4,240,13801,0,14189.6982421875,20,3645,1.002508282661438,1.1066805124282837,1.0,14189.6982421875,12821.8564453125,1.1559498310089111,10042.9248046875,20,7554,0.9961509108543396,0,0,0.0,0
4,241,13801,0,12591.9208984375,20,8327,1.0010108947753906,1.1198002099990845,1.0,12591.9208984375,11244.7919921875,1.135148048400879,10843.94140625,20,2502,0.9983227252960205,0,0,0.0,0
4,242,13801,0,12530.712890625,20,2276,1.0010603666305542,1.1239633560180664,1.0,12530.712890625,11152.791015625,1.1336276531219482,10831.06640625,20,10880,0.9979021549224854,0,0,0.0,0
4,243,13801,0,19967.2265625,20,8902,1.0018097162246704,1.0662808418273926,1.0,19967.2265625,18727.6484375,1.1878668069839478,10205.9423828125,20,7559,1.017530918121338,0,0,0.0,0
4,244,13801,0,14885.59375,20,8329,1.0034444332122803,1.1007238626480103,1.0,14885.59375,13523.458984375,1.1719361543655396,10016.48828125,20,7557,0.9874270558357239,0,0,0.0,0
4,245,13801,0,12352.8330078125,20,2276,1.0019265413284302,1.124117136001587,1.0,12352.8330078125,10988.919921875,1.1321992874145508,11030.46484375,20,10880,0.9992004632949829,0,0,0.0,0
4,246,13801,0,13949.478515625,20,8328,1.0021214485168457,1.1087913513183594,1.0,13949.478515625,12580.796875,1.1561310291290283,10274.369140625,20,7555,1.000856876373291,0,0,0.0,0
4,247,13801,0,15006.2412109375,20,8901,1.0012818574905396,1.0923930406570435,1.0,15006.2412109375,13753.76953125,1.172760248184204,10269.09765625,20,9764,0.9937493801116943,0,0,0.0,0
4,248,13801,0,12311.515625,20,2275,1.0011945962905884,1.1244057416915894,1.0,12311.515625,10949.353515625,1.130298376083374,11127.927734375,20,4954,0.9999578595161438,0,0,0.0,0
4,249,13801,0,13547.1884765625,20,8328,1.0014886856079102,1.1089662313461304,1.0,13547.1884765625,12217.787109375,1.1569888591766357,10102.9658203125,20,7555,1.0014389753341675,0,0,0.0,0
4,250,13801,0,13463.455078125,20,8328,1.002224326133728,1.1087805032730103,1.0,13463.455078125,12142.5791015625,1.151206135749817,10230.87890625,20,7554,1.000836730003357,0,0,0.0,0
4,251,13801,0,15803.724609375,20,8329,1.0035104751586914,1.0917640924453735,1.0,15803.724609375,14475.40234375,1.1707305908203125,10409.4931640625,20,9762,0.9945424795150757,0,0,0.0,0
4,252,13801,0,12472.66796875,20,8327,1.0009208917617798,1.1168582439422607,1.0,12472.66796875,11167.6376953125,1.137529730796814,10634.6748046875,20,7552,0.9990309476852417,0,0,0.0,0
4,253,13801,0,13113.4091796875,20,2277,1.0021129846572876,1.1199194192886353,1.0,13113.4091796875,11709.2431640625,1.141467571258545,10277.3408203125,20,11677,0.9992793798446655,0,0,0.0,0
4,254,13801,0,13487.06640625,20,8328,1.0013173818588257,1.1092973947525024,1.0,13487.06640625,12158.9365234375,1.1551103591918945,10197.236328125,20,7555,1.0022188425064087,0,0,0.0,0
4,255,13801,0,14267.8388671875,20,3702,1.0008679628372192,1.0958925485610962,1.0,14267.8388671875,13020.3154296875,1.1602869033813477,10239.0556640625,20,9761,0.9871569275856018,0,0,0.0,0
4,256,13801,0,14306.744140625,20,8328,1.0020772218704224,1.1028519868850708,1.0,14306.744140625,12985.4169921875,1.163106918334961,10120.7548828125,20,9760,1.0076879262924194,0,0,0.0,0
4,257,13801,0,13175.3173828125,20,8328,1.0020592212677002,1.1129112243652344,1.0,13175.3173828125,11838.60546875,1.1437982320785522,10079.166015625,20,7551,0.9947060346603394,0,0,0.0,0
4,258,13801,0,12409.5185546875,20,8327,1.00095796585083,1.1195299625396729,1.0,12409.5185546875,11084.5791015625,1.136064052581787,10708.85546875,20,7552,0.9979716539382935,0,0,0.0,0
4,259,13801,0,14021.6962890625,20,8328,1.0023632049560547,1.1045215129852295,1.0,14021.6962890625,12694.814453125,1.1659067869186401,10064.572265625,20,7557,0.9889806509017944,0,0,0.0,0
4,260,13801,0,14674.1083984375,20,8328,1.0028215646743774,1.1020153760910034,1.0,14674.1083984375,13338.1298828125,1.161645531654358,10447.125,20,7557,1.0066683292388916,0,0,0.0,0
4,261,13801,0,14804.099609375,20,8901,1.0013262033462524,1.0940452814102173,1.0,14804.099609375,13538.70703125,1.1728144884109497,10071.521484375,20,9762,1.0041142702102661,0,0,0.0,0
4,262,13801,0,13132.6435546875,20,8327,1.0020124912261963,1.115770697593689,1.0,13132.6435546875,11786.3740234375,1.1418118476867676,10195.958984375,20,7551,0.9968835115432739,0,0,0.0,0
4,263,13801,0,13598.587890625,20,11647,1.0018364191055298,1.1123390197753906,1.0,13598.587890625,12225.21875,1.1454895734786987,10061.7470703125,20,11677,0.9993017911911011,0,0,0.0,0
4,264,13801,0,13247.3056640625,20,8328,1.0015374422073364,1.110743761062622,1.0,13247.3056640625,11926.5185546875,1.1530715227127075,10093.935546875,20,7554,0.9997929930686951,0,0,0.0,0
4,265,13801,0,13777.6572265625,20,8328,1.001798152923584,1.1089025735855103,1.0,13777.6572265625,12426.4853515625,1.1505651473999023,10296.267578125,20,7554,1.000765085220337,0,0,0.0,0
4,266,13801,0,13937.6318359375,20,8328,1.0022592544555664,1.1051805019378662,1.0,13937.6318359375,12611.181640625,1.160456657409668,10155.078125,20,7556,0.9940282702445984,0,0,0.0,0
4,267,13801,0,15017.2998046875,20,3645,1.0024067163467407,1.100554347038269,1.0,15017.2998046875,13648.60546875,1.165999174118042,10014.763671875,20,2505,1.0007578134536743,0,0,0.0,0
4,268,13801,0,13295.9658203125,20,8328,1.001190423965454,1.1108076572418213,1.0,13295.9658203125,11969.638671875,1.1507362127304077,10054.7490234375,20,7553,0.9939360022544861,0,0,0.0,0
4,269,13801,0,12324.2236328125,20,8327,1.0006442070007324,1.119051456451416,1.0,12324.2236328125,11013.0986328125,1.1370333433151245,10534.4462890625,20,7551,0.9985398650169373,0,0,0.0,0
4,270,13801,0,87869600.0,10,2154,161666.75,1856.5694580078125,4092.04541015625,21473.271484375,87869600.0,1856.5694580078125,87869600.0,10,2154,161666.75,4,3,87869600.0,1
4,271,13801,0,14870.205078125,20,8329,1.0030357837677002,1.0982840061187744,1.0,14870.205078125,13539.490234375,1.1712234020233154,10020.908203125,20,9761,0.9850203394889832,0,0,0.0,0
4,272,13801,0,12224.3828125,20,8326,1.0010994672775269,1.120195746421814,1.0,12224.3828125,10921.443359375,1.1364415884017944,10689.8720703125,20,7552,0.9978342056274414,0,0,0.0,0
4,273,13801,0,13685.6123046875,20,8328,1.0020604133605957,1.1100181341171265,1.0,13685.6123046875,12329.1787109375,1.1535149812698364,10128.8095703125,20,7554,0.9972425699234009,0,0,0.0,0
4,274,13801,0,12752.5576171875,20,8327,1.0008395910263062,1.1184176206588745,1.0,12752.5576171875,11413.5126953125,1.1369084119796753,10653.73046875,20,7552,0.9977723956108093,0,0,0.0,0
4,275,13801,0,14984.99609375,20,3645,1.0024954080581665,1.1012334823608398,1.0,14984.99609375,13615.259765625,1.1666314601898193,10010.4931640625,20,2505,1.0008658170700073,0,0,0.0,0
4,276,13801,0,14946.3203125,20,8328,1.0025079250335693,1.0978184938430786,1.0,14946.3203125,13633.4970703125,1.1746021509170532,10059.2724609375,20,9762,0.9987708926200867,0,0,0.0,0
4,277,13801,0,14234.26953125,20,8328,1.002673864364624,1.1041030883789062,1.0,14234.26953125,12898.40234375,1.163541316986084,10072.1328125,20,7556,0.9955515265464783,0,0,0.0,0
4,278,13801,0,12993.5029296875,20,3644,1.0018852949142456,1.1163655519485474,1.0,12993.5029296875,11639.111328125,1.1410682201385498,10072.908203125,20,7550,0.9946035742759705,0,0,0.0,0
4,279,13801,0,12280.5703125,20,8326,1.0007117986679077,1.1176795959472656,1.0,12280.5703125,10996.330078125,1.1365759372711182,10594.265625,20,9755,0.9973228573799133,0,0,0.0,0
4,280,13801,0,12586.939453125,20,8327,1.0006535053253174,1.1185829639434814,1.0,12586.939453125,11259.484375,1.1387227773666382,10407.3974609375,20,7551,0.9960989356040955,0,0,0.0,0
4,281,13801,0,14385.087890625,20,8328,1.0026119947433472,1.1043215990066528,1.0,14385.087890625,13041.169921875,1.161864161491394,10383.8095703125,20,7557,1.0091801881790161,0,0,0.0,0
4,282,13801,0,12393.07421875,20,2275,1.0017518997192383,1.1242225170135498,1.0,12393.07421875,11043.138671875,1.1327482461929321,10875.6689453125,20,2501,0.9994560480117798,0,0,0.0,0
4,283,13801,0,12772.697265625,20,10854,1.0019409656524658,1.1224641799926758,1.0,12772.697265625,11379.158203125,1.1339699029922485,11065.384765625,20,10881,0.9988783001899719,0,0,0.0,0
4,284,13801,0,15424.0341796875,20,11647,1.003130316734314,1.1011435985565186,1.0,15424.0341796875,14026.919921875,1.1602798700332642,10234.4609375,20,4957,0.9983683228492737,0,0,0.0,0
4,285,13801,0,15267.4130859375,20,8329,1.0034633874893188,1.098306655883789,1.0,15267.4130859375,13961.5634765625,1.1670794486999512,10330.0615234375,20,7557,1.014495849609375,0,0,0.0,0
4,286,13801,0,12835.6826171875,20,8327,1.0015400648117065,1.1142364740371704,1.0,12835.6826171875,11521.1611328125,1.1444599628448486,10091.142578125,20,7551,1.0005831718444824,0,0,0.0,0
4,287,13801,0,13149.75,20,8328,1.0020442008972168,1.1129990816116333,1.0,13149.75,11814.69921875,1.148272156715393,10170.6298828125,20,7553,0.9962224960327148,0,0,0.0,0
4,288,13801,0,12081.3349609375,20,8326,1.0011142492294312,1.121407389640808,1.0,12081.3349609375,10773.3681640625,1.131888747215271,10971.384765625,20,7552,0.9995174407958984,0,0,0.0,0
4,289,13801,0,14603.533203125,20,8328,1.0032762289047241,1.1046195030212402,1.0,14603.533203125,13238.2646484375,1.163527250289917,10250.57421875,20,7556,1.006714940071106,0,0,0.0,0
4,290,13801,0,12985.3154296875,20,8327,1.0016379356384277,1.1145120859146118,1.0,12985.3154296875,11658.810546875,1.141620397567749,10393.2216796875,20,7552,0.996865451335907,0,0,0.0,0
4,291,13801,0,12492.5078125,20,2276,1.0018041133880615,1.1236284971237183,1.0,12492.5078125,11118.005859375,1.1320998668670654,11004.462890625,20,10880,0.9989442229270935,0,0,0.0,0
4,292,13801,0,12222.587890625,20,3700,1.000559687614441,1.1158411502838135,1.0,12222.587890625,10956.693359375,1.1360920667648315,10630.419921875,20,9755,0.9968171119689941,0,0,0.0,0
4,293,13801,0,14509.095703125,20,3645,1.002746820449829,1.1037330627441406,1.0,14509.095703125,13145.4755859375,1.1641294956207275,10203.24609375,20,7556,1.011152982711792,0,0,0.0,0
4,294,13801,0,12933.482421875,20,2276,1.0010496377944946,1.1220449209213257,1.0,12933.482421875,11535.861328125,1.1352524757385254,10633.349609375,20,11677,0.9986010193824768,0,0,0.0,0
4,295,13801,0,12677.48828125,20,2276,1.0019999742507935,1.123267412185669,1.0,12677.48828125,11286.2607421875,1.1335891485214233,10806.1318359375,20,10880,0.9988926649093628,0,0,0.0,0
4,296,13801,0,363070.25,11,9759,1121.7730712890625,5054.57666015625,16.95221519470215,21417.275390625,363070.25,5054.57666015625,363070.25,11,9759,1121.7730712890625,1,1,363070.25,0
4,297,13801,0,15219.392578125,20,8329,1.0030896663665771,1.0960452556610107,1.0,15219.392578125,13885.734375,1.1667838096618652,10098.6787109375,20,9760,1.0036349296569824,0,0,0.0,0
4,298,13801,0,12921.0107421875,20,8327,1.0014437437057495,1.1174243688583374,1.0,12921.0107421875,11576.3525390625,1.1391137838363647,10365.3076171875,20,7551,0.9975465536117554,0,0,0.0,0
4,299,13801,0,12963.970703125,20,2277,1.0023186206817627,1.1205908060073853,1.0,12963.970703125,11568.87109375,1.1396732330322266,10466.599609375,20,4954,0.9994816780090332,0,0,0.0,0
4,300,13801,0,17578.2421875,20,8329,1.0040372610092163,1.08176589012146,1.0,17578.2421875,16249.580078125,1.183634638786316,10192.1884765625,20,7559,0.984872579574585,0,0,0.0,0
5,1,13801,0,12174.2744140625,20,3652,1.0016032457351685,1.125052809715271,1.0,12174.2744140625,10822.20703125,1.1675726175308228,10258.076171875,20,4966,1.002160906791687,0,0,0.0,0
5,2,13801,0,11215.1337890625,20,10899,1.0022820234298706,1.1443930864334106,1.0,11215.1337890625,9800.0712890625,1.158038854598999,10066.2158203125,20,10891,1.0001658201217651,0,0,0.0,0
5,3,13801,0,14427.3017578125,20,7520,1.0023232698440552,1.0980671644210815,1.0,14427.3017578125,13138.8154296875,1.1818028688430786,10339.9365234375,20,7569,1.0095570087432861,0,0,0.0,0
5,4,13801,0,11575.5322265625,20,7519,1.001578688621521,1.1247780323028564,1.0,11575.5322265625,10291.392578125,1.162437915802002,10021.1923828125,20,9767,1.0004749298095703,0,0,0.0,0
5,5,13801,0,11900.36328125,20,11655,1.0024445056915283,1.129447340965271,1.0,11900.36328125,10561.3173828125,1.1648921966552734,10021.8134765625,20,2512,1.0008585453033447,0,0,0.0,0
5,6,13801,0,11383.939453125,20,7519,1.0013446807861328,1.1264448165893555,1.0,11383.939453125,10106.078125,1.163399577140808,10036.3984375,20,9768,1.0007960796356201,0,0,0.0,0
5,7,13801,0,10662.7724609375,20,2283,1.0012171268463135,1.145254135131836,1.0,10662.7724609375,9310.3984375,1.1520237922668457,10050.580078125,20,8892,1.0004147291183472,0,0,0.0,0
5,8,13801,0,13383.4580078125,20,11702,1.0044325590133667,1.1168586015701294,1.0,13383.4580078125,11983.126953125,1.1752525568008423,10129.9814453125,20,11688,1.0012452602386475,0,0,0.0,0
5,9,13801,0,12222.3310546875,20,8907,1.0011416673660278,1.1153849363327026,1.0,12222.3310546875,10963.44140625,1.1675422191619873,10110.5888671875,20,9771,1.0012909173965454,0,0,0.0,0
5,10,13801,0,10666.8984375,20,7519,1.0014909505844116,1.1362391710281372,1.0,10666.8984375,9387.8984375,1.1543954610824585,10101.5712890625,20,7563,1.0004069805145264,0,0,0.0,0
5,11,13801,0,11767.8251953125,20,7519,1.0005152225494385,1.12228524684906,1.0,11767.8251953125,10494.765625,1.1643078327178955,10108.2158203125,20,7564,1.0007632970809937,0,0,0.0,0
5,12,13801,0,13205.08984375,20,7520,1.0019564628601074,1.1076900959014893,1.0,13205.08984375,11921.28515625,1.1786015033721924,10074.794921875,20,7566,1.00406813621521,0,0,0.0,0
5,13,13801,0,13265.224609375,20,8907,1.0022854804992676,1.1079412698745728,1.0,13265.224609375,11972.8583984375,1.1789491176605225,10133.021484375,20,7569,0.9969950318336487,0,0,0.0,0
5,14,13801,0,13165.908203125,20,7520,1.0021382570266724,1.107469916343689,1.0,13165.908203125,11888.2763671875,1.1758816242218018,10078.8173828125,20,7565,1.0010840892791748,0,0,0.0,0
5,15,13801,0,10904.560546875,20,2284,1.0008862018585205,1.1429129838943481,1.0,10904.560546875,9542.1376953125,1.1527348756790161,10142.982421875,20,10890,1.000303030014038,0,0,0.0,0
5,16,13801,0,12912.28515625,20,7520,1.0022610425949097,1.1091113090515137,1.0,12912.28515625,11642.0107421875,1.1751856803894043,10144.296875,20,9770,0.9992773532867432,0,0,0.0,0
5,17,13801,0,12126.455078125,20,7519,1.0017549991607666,1.1212849617004395,1.0,12126.455078125,10832.896484375,1.167114496231079,10028.92578125,20,7563,1.000655174255371,0,0,0.0,0
5,18,13801,0,12173.9501953125,20,11654,1.002161979675293,1.1275216341018677,1.0,12173.9501953125,10802.83984375,1.1659462451934814,10324.0927734375,20,4966,1.001966953277588,0,0,0.0,0
5,19,13801,0,103025.5078125,13,7565,9949.8291015625,96.01032257080078,7.687556266784668,13401.59375,103025.5078125,96.01032257080078,103025.5078125,13,7565,9949.8291015625,1,1,103025.5078125,0
5,20,13801,0,11015.9521484375,20,11654,1.0015588998794556,1.1388704776763916,1.0,11015.9521484375,9672.69921875,1.1563869714736938,10007.986328125,20,9766,1.000515103340149,0,0,0.0,0
5,21,13801,0,11518.6630859375,20,7519,1.0015368461608887,1.1269749402999878,1.0,11518.6630859375,10230.4658203125,1.1609961986541748,10106.451171875,20,7563,1.0007325410842896,0,0,0.0,0
5,22,13801,0,63963.5078125,0,744,11.498452186584473,1.0481661558151245,3.762317180633545,17001.09375,61024.20703125,31124.1640625,31124.1640625,1,10224,31124.1640625,5,4,63963.5078125,0
5,23,13801,0,10664.84765625,20,2283,1.001231074333191,1.1451579332351685,1.0,10664.84765625,9312.9931640625,1.152144193649292,10019.1650390625,20,4964,1.0004138946533203,0,0,0.0,0
5,24,13801,0,11964.7314453125,20,3652,1.0026044845581055,1.1258478164672852,1.0,11964.7314453125,10627.3076171875,1.1628737449645996,10114.93359375,20,4965,1.0011953115463257,0,0,0.0,0
5,25,13801,0,11878.146484375,20,7519,1.0014761686325073,1.120540976524353,1.0,11878.146484375,10600.3681640625,1.1668463945388794,10112.1484375,20,7565,1.0005439519882202,0,0,0.0,0
5,26,13801,0,10888.0048828125,20,2284,1.0013247728347778,1.1422635316848755,1.0,10888.0048828125,9531.955078125,1.1524081230163574,10089.431640625,20,4964,1.0005258321762085,0,0,0.0,0
5,27,13801,0,10616.6171875,20,2283,1.001452922821045,1.1455446481704712,1.0,10616.6171875,9267.74609375,1.1520750522613525,10004.548828125,20,4964,1.0003753900527954,0,0,0.0,0
5,28,13801,0,11209.052734375,20,11654,1.0014694929122925,1.1372594833374023,1.0,11209.052734375,9867.138671875,1.1559044122695923,10022.3759765625,20,4964,1.0004383325576782,0,0,0.0,0
5,29,13801,0,11871.4580078125,20,2286,1.0019947290420532,1.13404381275177,1.0,11871.4580078125,10468.25390625,1.1608569622039795,10021.8564453125,20,10890,0.999828040599823,0,0,0.0,0
5,30,13801,0,10718.1826171875,20,11653,1.0008310079574585,1.1428909301757812,1.0,10718.1826171875,9379.529296875,1.1539981365203857,10014.0244140625,20,7562,1.0001760721206665,0,0,0.0,0
5,31,13801,0,2118385920.0,8,8975,379473.21875,30.756681442260742,51392.8671875,41219.453125,2118385920.0,991.4723510742188,282682.65625,5,8987,282682.65625,33,30,2118385920.0,1
5,32,13801,0,11045.361328125,20,2284,1.0008283853530884,1.1426187753677368,1.0,11045.361328125,9669.3818359375,1.155038595199585,10205.1298828125,20,4965,1.0007195472717285,0,0,0.0,0
5,33,13801,0,11137.0234375,20,2284,1.0009742975234985,1.1421791315078735,1.0,11137.0234375,9761.2265625,1.1553369760513306,10113.3095703125,20,10890,1.0002341270446777,0,0,0.0,0
5,34,13801,0,11595.1767578125,20,11655,1.0021963119506836,1.131774663925171,1.0,11595.1767578125,10266.0673828125,1.1629225015640259,10039.2607421875,20,7563,1.0004302263259888,0,0,0.0,0
5,35,13801,0,261047632.0,20,8928,218.42608642578125,3695.0966796875,1.0,261047632.0,94376560.0,30853.080078125,30853.080078125,5,8971,30853.080078125,23,18,261047632.0,1
5,36,13801,0,11472.880859375,20,7519,1.0014081001281738,1.1263209581375122,1.0,11472.880859375,10186.8857421875,1.165231466293335,10001.775390625,20,7564,1.000531792640686,0,0,0.0,0
5,37,13801,0,11286.892578125,20,7519,1.001396656036377,1.128387451171875,1.0,11286.892578125,10002.75,1.1579830646514893,10140.615234375,20,7563,1.000432014465332,0,0,0.0,0
5,38,13801,0,12932.6748046875,20,7519,1.001427412033081,1.109342336654663,1.0,12932.6748046875,11663.4619140625,1.1712177991867065,10172.359375,20,7565,1.0011539459228516,0,0,0.0,0
5,39,13801,0,10511.84375,20,11653,1.0003201961517334,1.1432123184204102,1.0,10511.84375,9199.5703125,1.1515913009643555,10019.8681640625,20,9766,1.0003278255462646,0,0,0.0,0
5,40,13801,0,11601.263671875,20,11655,1.0022622346878052,1.1320735216140747,1.0,11601.263671875,10295.1240234375,1.164119005203247,10116.9033203125,20,7564,1.0005826950073242,0,0,0.0,0
5,41,13801,0,11100.6376953125,20,7518,1.0008647441864014,1.1296570301055908,1.0,11100.6376953125,9826.5556640625,1.1572092771530151,10065.294921875,20,9767,1.0006463527679443,0,0,0.0,0
5,42,13801,0,10712.947265625,20,10898,1.0013818740844727,1.1460764408111572,1.0,10712.947265625,9347.498046875,1.1530790328979492,10005.7607421875,20,10890,1.0001362562179565,0,0,0.0,0
5,43,13801,0,11461.310546875,20,7519,1.00144362449646,1.1257647275924683,1.0,11461.310546875,10180.9111328125,1.16152024269104,10028.3720703125,20,7563,1.0006641149520874,0,0,0.0,0
5,44,13801,0,12352.787109375,20,7520,1.002052903175354,1.1157100200653076,1.0,12352.787109375,11071.6826171875,1.1692163944244385,10188.6025390625,20,7565,1.0013352632522583,0,0,0.0,0
5,45,13801,0,12375.2666015625,20,7520,1.0020662546157837,1.1156251430511475,1.0,12375.2666015625,11092.6748046875,1.1684832572937012,10225.091796875,20,7565,1.0012528896331787,0,0,0.0,0
5,46,13801,0,79417458688.0,20,1958,111297.796875,3666.907958984375,1.0,79417458688.0,1198073856.0,163344.09375,163344.09375,0,1963,107.34492492675781,32,27,79417458688.0,1
5,47,13801,0,10739.7099609375,20,2283,1.0003888607025146,1.1447166204452515,1.0,10739.7099609375,9398.0498046875,1.152896523475647,10008.240234375,20,4964,1.0003547668457031,0,0,0.0,0
5,48,13801,0,13979.3076171875,20,7520,1.0025614500045776,1.0994945764541626,1.0,13979.3076171875,12714.302734375,1.1835615634918213,10195.326171875,20,7569,0.9963484406471252,0,0,0.0,0
5,49,13801,0,11657.8095703125,20,11655,1.0013059377670288,1.1303706169128418,1.0,11657.8095703125,10313.2626953125,1.1589621305465698,10068.7119140625,20,7562,1.0005158185958862,0,0,0.0,0
5,50,13801,0,12507.0556640625,20,3652,1.0027976036071777,1.1217390298843384,1.0,12507.0556640625,11149.7021484375,1.1676061153411865,10002.91796875,20,7563,1.000667691230774,0,0,0.0,0
5,51,13801,0,10706.4423828125,20,2283,1.0006009340286255,1.1448038816452026,1.0,10706.4423828125,9356.40625,1.1521703004837036,10033.01171875,20,4964,1.0000642538070679,0,0,0.0,0
5,52,13801,0,12652.59765625,20,7519,1.0019924640655518,1.1141213178634644,1.0,12652.59765625,11371.474609375,1.1748895645141602,10009.5087890625,20,7565,1.001017689704895,0,0,0.0,0
5,53,13801,0,10896.3896484375,20,2283,1.0014609098434448,1.1447480916976929,1.0,10896.3896484375,9531.3427734375,1.153368353843689,10094.681640625,20,10890,1.0003546476364136,0,0,0.0,0
5,54,13801,0,11362.6240234375,20,2285,1.0018616914749146,1.137821078300476,1.0,11362.6240234375,9987.927734375,1.1566370725631714,10278.5322265625,20,4965,1.001201868057251,0,0,0.0,0
5,55,13801,0,12492.580078125,20,7520,1.0021508932113647,1.1153708696365356,1.0,12492.580078125,11200.3818359375,1.168290615081787,10176.8525390625,20,7564,1.0010621547698975,0,0,0.0,0
5,56,13801,0,11988.2373046875,20,8907,1.0017560720443726,1.11984121799469,1.0,11988.2373046875,10705.30078125,1.1695778369903564,10083.4287109375,20,7566,1.001259207725525,0,0,0.0,0
5,57,13801,0,14931.06640625,20,8907,1.0026404857635498,1.0948487520217896,1.0,14931.06640625,13660.9169921875,1.1858069896697998,10112.771484375,20,7568,1.00651216506958,0,0,0.0,0
5,58,13801,0,11190.37890625,20,7518,1.001372218132019,1.1293063163757324,1.0,11190.37890625,9916.36328125,1.1599977016448975,10005.0986328125,20,7563,1.0003925561904907,0,0,0.0,0
5,59,13801,0,10733.7314453125,20,2283,1.0004085302352905,1.1447504758834839,1.0,10733.7314453125,9383.0498046875,1.1521174907684326,10051.248046875,20,4964,1.0000911951065063,0,0,0.0,0
5,60,13801,0,11953.9677734375,20,7519,1.0006802082061768,1.1203079223632812,1.0,11953.9677734375,10681.4931640625,1.168555498123169,10084.6611328125,20,9769,1.0012657642364502,0,0,0.0,0
5,61,13801,0,10713.3466796875,20,11654,1.0013906955718994,1.140641212463379,1.0,10713.3466796875,9427.1162109375,1.1538251638412476,10046.9033203125,20,7562,1.0002208948135376,0,0,0.0,0
5,62,13801,0,10888.1650390625,20,2283,1.0016262531280518,1.1449116468429565,1.0,10888.1650390625,9519.94140625,1.1534749269485474,10064.0029296875,20,10890,1.0003081560134888,0,0,0.0,0
5,63,13801,0,10805.697265625,20,10898,1.0021333694458008,1.1454689502716064,1.0,10805.697265625,9433.4267578125,1.1530719995498657,10050.9140625,20,10890,1.0002927780151367,0,0,0.0,0
5,64,13801,0,11893.564453125,20,3651,1.0021417140960693,1.1287466287612915,1.0,11893.564453125,10554.7080078125,1.166407585144043,10144.5185546875,20,2513,1.001599669456482,0,0,0.0,0
5,65,13801,0,11945.2109375,20,2286,1.0016703605651855,1.1339584589004517,1.0,11945.2109375,10542.6943359375,1.161375880241394,10068.875,20,11688,1.000336766242981,0,0,0.0,0
5,66,13801,0,13671.1796875,20,8907,1.0017905235290527,1.1028591394424438,1.0,13671.1796875,12417.19140625,1.174996018409729,10238.4443359375,20,7571,0.9813206791877747,0,0,0.0,0
5,67,13801,0,10853.888671875,20,2283,1.0016734600067139,1.145080327987671,1.0,10853.888671875,9478.7138671875,1.153962254524231,10069.5458984375,20,10890,1.0001014471054077,0,0,0.0,0
5,68,13801,0,10671.060546875,20,10897,1.001199722290039,1.1463760137557983,1.0,10671.060546875,9308.5166015625,1.1513030529022217,10096.630859375,20,10890,1.0003904104232788,0,0,0.0,0
5,69,13801,0,11676.9443359375,20,11655,1.0023303031921387,1.1314316987991333,1.0,11676.9443359375,10320.5029296875,1.1630579233169556,10045.84375,20,7563,1.000476360321045,0,0,0.0,0
5,70,13801,0,11186.5859375,20,7519,1.0002254247665405,1.1299242973327637,1.0,11186.5859375,9911.701171875,1.1583141088485718,10111.6513671875,20,7563,1.0005522966384888,0,0,0.0,0
5,71,13801,0,12619.4658203125,20,7520,1.0020519495010376,1.1139025688171387,1.0,12619.4658203125,11329.056640625,1.168741226196289,10181.5693359375,20,7564,1.0010076761245728,0,0,0.0,0
5,72,13801,0,12716.470703125,20,8907,1.001349925994873,1.1112680435180664,1.0,12716.470703125,11446.4736328125,1.1705069541931152,10063.689453125,20,9769,1.001045823097229,0,0,0.0,0
5,73,13801,0,11129.44921875,20,11654,1.0011757612228394,1.1377153396606445,1.0,11129.44921875,9792.3525390625,1.1575980186462402,10125.4609375,20,7563,1.0005208253860474,0,0,0.0,0
5,74,13801,0,12150.0947265625,20,7519,1.0017458200454712,1.118418574333191,1.0,12150.0947265625,10867.6494140625,1.1689326763153076,10117.9833984375,20,7565,1.0012178421020508,0,0,0.0,0
5,75,13801,0,13437.7255859375,20,8907,1.0025147199630737,1.10667884349823,1.0,13437.7255859375,12142.3896484375,1.1829049587249756,10011.0986328125,20,7569,1.0008091926574707,0,0,0.0,0
5,76,13801,0,10934.4736328125,20,10898,1.0005247592926025,1.1460281610488892,1.0,10934.4736328125,9548.2353515625,1.154547929763794,10155.8271484375,20,10891,1.0006320476531982,0,0,0.0,0
5,77,13801,0,15581.7060546875,20,8907,1.002652883529663,1.090751051902771,1.0,15581.7060546875,14310.1552734375,1.1877573728561401,10112.3701171875,20,7568,1.0068415403366089,0,0,0.0,0
5,78,13801,0,12852.5947265625,20,8907,1.0015850067138672,1.1117254495620728,1.0,12852.5947265625,11560.943359375,1.1769541501998901,10053.193359375,20,7567,0.9972798228263855,0,0,0.0,0
5,79,13801,0,11184.1826171875,20,2284,1.0011905431747437,1.1414880752563477,1.0,11184.1826171875,9814.974609375,1.156834602355957,10009.3408203125,20,4964,1.0007603168487549,0,0,0.0,0
5,80,13801,0,11498.158203125,20,10899,1.0028132200241089,1.1418349742889404,1.0,11498.158203125,10120.2041015625,1.1612540483474731,10105.505859375,20,4965,1.0010037422180176,0,0,0.0,0
5,81,13801,0,11021.326171875,20,2284,1.000640869140625,1.1430790424346924,1.0,11021.326171875,9647.66796875,1.154695987701416,10087.3984375,20,10890,0.9997950196266174,0,0,0.0,0
5,82,13801,0,12126.3740234375,20,7520,1.001976728439331,1.117814540863037,1.0,12126.3740234375,10848.2880859375,1.1688530445098877,10026.80859375,20,7564,1.000643014907837,0,0,0.0,0
5,83,13801,0,10849.3828125,20,10898,1.0021809339523315,1.1454271078109741,1.0,10849.3828125,9471.91015625,1.1537237167358398,10032.064453125,20,10890,1.0001980066299438,0,0,0.0,0
5,84,13801,0,11129.236328125,20,7518,1.0008788108825684,1.1318433284759521,1.0,11129.236328125,9844.4765625,1.159659504890442,10032.7041015625,20,9767,1.0009137392044067,0,0,0.0,0
5,85,13801,0,11641.7353515625,20,2286,1.0019639730453491,1.1356364488601685,1.0,11641.7353515625,10251.287109375,1.1572505235671997,10241.9541015625,20,10891,1.0007587671279907,0,0,0.0,0
5,86,13801,0,11511.8515625,20,11655,1.002319097518921,1.1333537101745605,1.0,11511.8515625,10157.333984375,1.1607487201690674,10086.1328125,20,2512,1.0012800693511963,0,0,0.0,0
5,87,13801,0,13567.044921875,20,7520,1.0019842386245728,1.1036607027053833,1.0,13567.044921875,12292.7685546875,1.1739256381988525,10488.3515625,20,9772,1.028775691986084,0,0,0.0,0
5,88,13801,0,11230.0634765625,20,7518,1.0010234117507935,1.130557656288147,1.0,11230.0634765625,9954.974609375,1.1604254245758057,10029.3310546875,20,9767,1.0007652044296265,0,0,0.0,0
5,89,13801,0,13042.037109375,20,11654,1.0035818815231323,1.1194783449172974,1.0,13042.037109375,11650.1015625,1.1741185188293457,10162.1083984375,20,4966,1.0007723569869995,0,0,0.0,0
5,90,13801,0,10913.0986328125,20,7518,1.0007339715957642,1.13327956199646,1.0,10913.0986328125,9638.724609375,1.1558526754379272,10101.51953125,20,7563,1.0004677772521973,0,0,0.0,0
5,91,13801,0,13093.4765625,20,7520,1.00218665599823,1.1080174446105957,1.0,13093.4765625,11817.03125,1.1762906312942505,10218.548828125,20,7567,0.9941378831863403,0,0,0.0,0
5,92,13801,0,14203.09375,20,2530,1.0020195245742798,1.1056534051895142,1.0,14203.09375,12845.8828125,1.1815993785858154,10062.416015625,20,2572,0.9992246031761169,0,0,0.0,0
5,93,13801,0,11652.4931640625,20,11655,1.002305507659912,1.1314332485198975,1.0,11652.4931640625,10316.22265625,1.162258505821228,10205.7236328125,20,7564,1.0006730556488037,0,0,0.0,0
5,94,13801,0,12273.5439453125,20,8907,1.001751184463501,1.116894245147705,1.0,12273.5439453125,10988.994140625,1.1713776588439941,10080.4931640625,20,7566,1.0003526210784912,0,0,0.0,0
5,95,13801,0,10597.181640625,20,11653,1.0009984970092773,1.1433788537979126,1.0,10597.181640625,9268.302734375,1.1537619829177856,10092.6494140625,20,7563,1.0003410577774048,0,0,0.0,0
5,96,13801,0,13654.6806640625,20,7519,1.0022002458572388,1.1032549142837524,1.0,13654.6806640625,12383.2978515625,1.1781377792358398,10229.9736328125,20,7567,0.9949457049369812,0,0,0.0,0
5,97,13801,0,14978.5986328125,20,8908,1.0025019645690918,1.091513752937317,1.0,14978.5986328125,13722.7763671875,1.1863032579421997,10035.4111328125,20,7568,1.006822943687439,0,0,0.0,0
5,98,13801,0,11506.3466796875,20,7519,1.001312017440796,1.1264406442642212,1.0,11506.3466796875,10221.5966796875,1.1625984907150269,10009.8017578125,20,9767,1.0007007122039795,0,0,0.0,0
5,99,13801,0,10790.060546875,20,2283,1.001700758934021,1.1452373266220093,1.0,10790.060546875,9421.6806640625,1.1538017988204956,10000.3876953125,20,4964,1.0002702474594116,0,0,0.0,0
5,100,13801,0,11466.9208984375,20,2285,1.001052737236023,1.1381776332855225,1.0,11466.9208984375,10107.328125,1.1618074178695679,10061.046875,20,4965,1.0009253025054932,0,0,0.0,0
5,101,13801,0,11964.5810546875,20,7519,1.0016758441925049,1.1222666501998901,1.0,11964.5810546875,10675.0546875,1.1653693914413452,10154.142578125,20,7564,1.000606894493103,0,0,0.0,0
5,102,13801,0,11198.9267578125,20,2284,1.0010555982589722,1.141311526298523,1.0,11198.9267578125,9844.9990234375,1.1558878421783447,10228.212890625,20,4965,1.0010402202606201,0,0,0.0,0
5,103,13801,0,13129.3759765625,20,7520,1.0020815134048462,1.1074621677398682,1.0,13129.3759765625,11855.3720703125,1.1739822626113892,10153.283203125,20,9769,1.001917839050293,0,0,0.0,0
5,104,13801,0,10941.900390625,20,7518,1.0008440017700195,1.1331084966659546,1.0,10941.900390625,9664.6318359375,1.1569713354110718,10076.7041015625,20,7563,1.0004311800003052,0,0,0.0,0
5,105,13801,0,14760.5419921875,20,7520,1.0028187036514282,1.0942479372024536,1.0,14760.5419921875,13489.2109375,1.1891119480133057,10057.8896484375,20,9771,0.9989858865737915,0,0,0.0,0
5,106,13801,0,11899.9609375,20,3651,1.0023685693740845,1.1284302473068237,1.0,11899.9609375,10559.1103515625,1.1651297807693481,10199.8984375,20,2513,1.0011736154556274,0,0,0.0,0
5,107,13801,0,13313.908203125,20,7519,1.0022507905960083,1.1074028015136719,1.0,13313.908203125,12038.751953125,1.1808173656463623,10053.28515625,20,7567,0.984268069267273,0,0,0.0,0
5,108,13801,0,7809919.0,2,13415,22711.703125,12.09827709197998,160.54685974121094,48645.73046875,7809919.0,138.0579833984375,149297.421875,6,13414,54.98905944824219,3,3,7809919.0,1
5,109,13801,0,11920.76953125,20,11655,1.002432107925415,1.1292548179626465,1.0,11920.76953125,10556.314453125,1.1650607585906982,10053.9365234375,20,7563,1.000669002532959,0,0,0.0,0
5,110,13801,0,11065.0849609375,20,2284,1.0008699893951416,1.1423454284667969,1.0,11065.0849609375,9695.7197265625,1.1542842388153076,10129.5947265625,20,10890,1.0003327131271362,0,0,0.0,0
5,111,13801,0,11070.0009765625,20,11654,1.0016907453536987,1.1390244960784912,1.0,11070.0009765625,9718.84375,1.1555225849151611,10085.7392578125,20,8892,1.0005645751953125,0,0,0.0,0
5,112,13801,0,11580.3642578125,20,11655,1.0020121335983276,1.1326904296875,1.0,11580.3642578125,10223.7685546875,1.1631975173950195,10005.6689453125,20,7563,1.0005664825439453,0,0,0.0,0
5,113,13801,0,11285.2548828125,20,7519,1.0011013746261597,1.1276944875717163,1.0,11285.2548828125,10007.369140625,1.1602197885513306,10040.029296875,20,7563,1.0004338026046753,0,0,0.0,0
5,114,13801,0,12323.5380859375,20,7520,1.0021227598190308,1.1158733367919922,1.0,12323.5380859375,11043.8505859375,1.172857642173767,10012.4150390625,20,7565,1.000757098197937,0,0,0.0,0
5,115,13801,0,11415.529296875,20,2285,1.0018664598464966,1.1373451948165894,1.0,11415.529296875,10058.8232421875,1.1569560766220093,10277.134765625,20,4965,1.0011169910430908,0,0,0.0,0
5,116,13801,0,12668.70703125,20,8907,1.0010417699813843,1.1108454465866089,1.0,12668.70703125,11417.359375,1.1699246168136597,10045.3896484375,20,9770,1.0013411045074463,0,0,0.0,0
5,117,13801,0,12724.626953125,20,8907,1.0015103816986084,1.111572504043579,1.0,12724.626953125,11450.15234375,1.1748868227005005,10018.703125,20,7567,0.9982959628105164,0,0,0.0,0
5,118,13801,0,13738.861328125,20,7520,1.0025047063827515,1.1016005277633667,1.0,13738.861328125,12471.7275390625,1.184083104133606,10096.7412109375,20,9773,0.9899592399597168,0,0,0.0,0
5,119,13801,0,12641.0478515625,20,7520,1.0020662546157837,1.1126296520233154,1.0,12641.0478515625,11361.4150390625,1.1739188432693481,10148.1845703125,20,7566,1.0021636486053467,0,0,0.0,0
5,120,13801,0,11354.4384765625,20,11655,1.0022227764129639,1.1336379051208496,1.0,11354.4384765625,10030.6904296875,1.1595453023910522,10114.28125,20,7563,1.0004758834838867,0,0,0.0,0
5,121,13801,0,11915.658203125,20,11655,1.002455711364746,1.1288933753967285,1.0,11915.658203125,10622.306640625,1.1652426719665527,10035.8076171875,20,7563,1.0006906986236572,0,0,0.0,0
5,122,13801,0,10921.6806640625,20,11654,1.0011141300201416,1.1393897533416748,1.0,10921.6806640625,9585.552734375,1.1537508964538574,10047.857421875,20,2511,1.000475525856018,0,0,0.0,0
5,123,13801,0,11065.359375,20,8906,1.0013906955718994,1.1316604614257812,1.0,11065.359375,9777.9853515625,1.1609699726104736,10082.1318359375,20,9769,1.0007168054580688,0,0,0.0,0
5,124,13801,0,10703.6298828125,20,11653,1.0003275871276855,1.142604947090149,1.0,10703.6298828125,9378.8193359375,1.1525061130523682,10043.533203125,20,9766,1.0003867149353027,0,0,0.0,0
5,125,13801,0,12191.3291015625,20,7519,1.0017887353897095,1.1200509071350098,1.0,12191.3291015625,10899.4306640625,1.1673449277877808,10247.259765625,20,7565,1.000696063041687,0,0,0.0,0
5,126,13801,0,10927.62109375,20,8435,1.0026293992996216,1.1451587677001953,1.0,10927.62109375,9542.451171875,1.1528034210205078,10010.5966796875,20,8427,1.0003609657287598,0,0,0.0,0
5,127,13801,0,11708.6640625,20,7519,1.0016616582870483,1.1245441436767578,1.0,11708.6640625,10422.51171875,1.1645137071609497,10116.369140625,20,7564,1.0005720853805542,0,0,0.0,0
5,128,13801,0,16462.333984375,20,7578,1.30195152759552,1.1023658514022827,1.0,16462.333984375,15002.02734375,1.1928569078445435,10006.21484375,20,7567,0.9865821599960327,0,0,0.0,0
5,129,13801,0,11544.5888671875,20,8906,1.0011879205703735,1.1257450580596924,1.0,11544.5888671875,10265.6591796875,1.1654388904571533,10013.0771484375,20,7565,1.000575065612793,0,0,0.0,0
5,130,13801,0,14130.611328125,20,8907,1.0020439624786377,1.099314570426941,1.0,14130.611328125,12877.0166015625,1.175860047340393,10205.533203125,20,7567,0.9963285326957703,0,0,0.0,0
5,131,13801,0,11674.6982421875,20,7519,1.0016533136367798,1.1239575147628784,1.0,11674.6982421875,10387.134765625,1.163028359413147,10026.44921875,20,9767,1.0006662607192993,0,0,0.0,0
5,132,13801,0,12064.8583984375,20,11655,1.0021898746490479,1.1276909112930298,1.0,12064.8583984375,10726.533203125,1.164191484451294,10141.62109375,20,7563,1.000596046447754,0,0,0.0,0
5,133,13801,0,16373.0595703125,20,7520,1.0029826164245605,1.086100697517395,1.0,16373.0595703125,15075.083984375,23.33702850341797,12240.6689453125,13,7565,715.7867431640625,1,0,12240.6689453125,0
5,134,13801,0,13364.9169921875,20,7520,1.0019786357879639,1.1072368621826172,1.0,13364.9169921875,12070.513671875,1.1758404970169067,10271.919921875,20,7566,0.9987218976020813,0,0,0.0,0
5,135,13801,0,11631.2470703125,20,7519,1.001543402671814,1.1248964071273804,1.0,11631.2470703125,10346.54296875,1.1648643016815186,10073.9755859375,20,7564,1.0005477666854858,0,0,0.0,0
5,136,13801,0,13272.8447265625,20,7520,1.0023813247680664,1.1077160835266113,1.0,13272.8447265625,11982.171875,1.1760233640670776,10014.623046875,20,7564,1.0006475448608398,0,0,0.0,0
5,137,13801,0,11571.462890625,20,11655,1.0025200843811035,1.1327099800109863,1.0,11571.462890625,10215.7333984375,1.1616086959838867,10070.603515625,20,4965,1.0006099939346313,0,0,0.0,0
5,138,13801,0,10765.2626953125,20,2283,1.0003020763397217,1.1446255445480347,1.0,10765.2626953125,9427.95703125,1.153111219406128,10007.75390625,20,4964,1.0003818273544312,0,0,0.0,0
5,139,13801,0,11237.9658203125,20,2284,1.001096248626709,1.1411815881729126,1.0,11237.9658203125,9875.5478515625,1.1563644409179688,10235.26171875,20,4965,1.0007635354995728,0,0,0.0,0
5,140,13801,0,14207.390625,20,8907,1.0028246641159058,1.1019879579544067,1.0,14207.390625,12892.509765625,1.1878093481063843,10042.673828125,20,7568,1.0036214590072632,0,0,0.0,0
5,141,13801,0,10847.490234375,20,2283,1.0013893842697144,1.1449087858200073,1.0,10847.490234375,9476.265625,1.1535298824310303,10172.1748046875,20,4965,1.0009597539901733,0,0,0.0,0
5,142,13801,0,11671.8447265625,20,7519,1.0017551183700562,1.1247706413269043,1.0,11671.8447265625,10383.599609375,1.1654661893844604,10060.3369140625,20,7564,1.0005571842193604,0,0,0.0,0
5,143,13801,0,14531.14453125,20,7520,1.0022581815719604,1.0959033966064453,1.0,14531.14453125,13259.51171875,1.1874570846557617,10166.11328125,20,9773,0.9858177900314331,0,0,0.0,0
5,144,13801,0,11968.78125,20,7519,1.0007410049438477,1.1201199293136597,1.0,11968.78125,10693.443359375,1.1697697639465332,10037.5380859375,20,7565,1.000663161277771,0,0,0.0,0
5,145,13801,0,11847.90625,20,2286,1.0014326572418213,1.1347697973251343,1.0,11847.90625,10446.548828125,1.1618601083755493,10052.056640625,20,11688,1.0002020597457886,0,0,0.0,0
5,146,13801,0,11293.2548828125,20,11654,1.0010486841201782,1.1368955373764038,1.0,11293.2548828125,9951.033203125,1.1579958200454712,10128.8759765625,20,7563,1.0004843473434448,0,0,0.0,0
5,147,13801,0,12780.7412109375,20,7519,1.001810908317566,1.1115576028823853,1.0,12780.7412109375,11503.7138671875,1.1731678247451782,10176.8466796875,20,7566,1.001613736152649,0,0,0.0,0
5,148,13801,0,11633.6318359375,20,11655,1.0024101734161377,1.131903886795044,1.0,11633.6318359375,10277.9326171875,1.1620556116104126,10070.78125,20,7563,1.0003933906555176,0,0,0.0,0
5,149,13801,0,11866.1171875,20,11655,1.002450942993164,1.1299046277999878,1.0,11866.1171875,10501.875,1.1638050079345703,10222.779296875,20,7564,1.0006883144378662,0,0,0.0,0
5,150,13801,0,10997.546875,20,2283,1.0011740922927856,1.1443809270858765,1.0,10997.546875,9621.5908203125,1.155106782913208,10177.6923828125,20,4965,1.0007045269012451,0,0,0.0,0
5,151,13801,0,12966.68359375,20,7520,1.0019780397415161,1.110796332359314,1.0,12966.68359375,11673.322265625,1.17046058177948,10325.87890625,20,7565,1.001230239868164,0,0,0.0,0
5,152,13801,0,10689.5576171875,20,7518,1.00094735622406,1.1366113424301147,1.0,10689.5576171875,9404.7607421875,1.1535226106643677,10018.38671875,20,9766,1.0004569292068481,0,0,0.0,0
5,153,13801,0,11707.939453125,20,2286,1.0025628805160522,1.1334933042526245,1.0,11707.939453125,10343.0810546875,1.1629910469055176,10073.771484375,20,4965,1.0010663270950317,0,0,0.0,0
5,154,13801,0,12506.25390625,20,8907,1.0015935897827148,1.1121978759765625,1.0,12506.25390625,11250.7783203125,1.1704477071762085,10011.998046875,20,9771,1.0014935731887817,0,0,0.0,0
5,155,13801,0,13470.8974609375,20,7519,1.00178062915802,1.1057504415512085,1.0,13470.8974609375,12204.1201171875,1.1792559623718262,10095.2587890625,20,9770,0.9991846084594727,0,0,0.0,0
5,156,13801,0,10677.0693359375,20,7519,1.001242756843567,1.1360924243927002,1.0,10677.0693359375,9398.064453125,1.1548302173614502,10004.1181640625,20,7562,1.0001932382583618,0,0,0.0,0
5,157,13801,0,12000.5263671875,20,3652,1.0017744302749634,1.1265180110931396,1.0,12000.5263671875,10652.759765625,1.1656243801116943,10105.0361328125,20,4965,1.0010995864868164,0,0,0.0,0
5,158,13801,0,10895.8291015625,20,2283,1.0016433000564575,1.1448674201965332,1.0,10895.8291015625,9521.5751953125,1.1545432806015015,10008.220703125,20,4964,1.0005943775177002,0,0,0.0,0
5,159,13801,0,11805.240234375,20,11655,1.0025182962417603,1.1298483610153198,1.0,11805.240234375,10448.517578125,1.16032075881958,10197.2412109375,20,2512,1.000976324081421,0,0,0.0,0
5,160,13801,0,12190.365234375,20,7520,1.0014933347702026,1.1186431646347046,1.0,12190.365234375,10897.45703125,1.1686097383499146,10104.2216796875,20,7564,1.0006439685821533,0,0,0.0,0
5,161,13801,0,10656.955078125,20,10897,1.0004292726516724,1.1473315954208374,1.0,10656.955078125,9290.7490234375,1.1523008346557617,10154.099609375,20,10891,1.0005897283554077,0,0,0.0,0
5,162,13801,0,10720.6748046875,20,7518,1.0001221895217896,1.1359320878982544,1.0,10720.6748046875,9444.5087890625,1.1535100936889648,10021.7431640625,20,9766,1.0001134872436523,0,0,0.0,0
5,163,13801,0,11981.462890625,20,7519,1.0007158517837524,1.1204904317855835,1.0,11981.462890625,10709.13671875,1.1673284769058228,10036.7431640625,20,9768,1.000545859336853,0,0,0.0,0
5,164,13801,0,13226.61328125,20,2530,1.0016709566116333,1.1133661270141602,1.0,13226.61328125,11889.9287109375,1.1750489473342896,10279.7314453125,20,2514,1.002803087234497,0,0,0.0,0
5,165,13801,0,11414.1962890625,20,7519,1.0003783702850342,1.1274995803833008,1.0,11414.1962890625,10135.5595703125,1.1629382371902466,10097.234375,20,7564,1.0007143020629883,0,0,0.0,0
5,166,13801,0,10810.87109375,20,7518,1.000614047050476,1.1341863870620728,1.0,10810.87109375,9531.8291015625,1.1576470136642456,10000.0673828125,20,7563,1.00034499168396,0,0,0.0,0
5,167,13801,0,12611.8359375,20,7520,1.0019395351409912,1.1131762266159058,1.0,12611.8359375,11329.595703125,1.1720250844955444,10128.3876953125,20,7565,1.0017386674880981,0,0,0.0,0
5,168,13801,0,14814.271484375,20,8907,1.002455234527588,1.0978094339370728,1.0,14814.271484375,13518.7412109375,1.1917773485183716,10060.134765625,20,9771,0.9878076314926147,0,0,0.0,0
5,169,13801,0,12686.4306640625,20,7519,1.0013912916183472,1.112943410873413,1.0,12686.4306640625,11415.107421875,1.1707258224487305,10179.69921875,20,7565,1.001022458076477,0,0,0.0,0
5,170,13801,0,13391.7041015625,20,7519,1.0022774934768677,1.1067631244659424,1.0,13391.7041015625,12117.998046875,1.1810756921768188,10061.1494140625,20,7567,1.0029939413070679,0,0,0.0,0
5,171,13801,0,17426.947265625,20,8908,1.0029088258743286,1.0783460140228271,1.0,17426.947265625,16160.8115234375,1.193668007850647,10085.1005859375,20,7567,1.0032340288162231,0,0,0.0,0
5,172,13801,0,10643.5224609375,20,11653,1.0004165172576904,1.142412543296814,1.0,10643.5224609375,9326.40234375,1.1526439189910889,10035.064453125,20,9766,1.0003948211669922,0,0,0.0,0
5,173,13801,0,13520.6171875,20,2530,1.0023443698883057,1.1102180480957031,1.0,13520.6171875,12178.34375,1.1776018142700195,10118.126953125,20,2513,1.0000519752502441,0,0,0.0,0
5,174,13801,0,12916.646484375,20,2530,1.0018746852874756,1.1155071258544922,1.0,12916.646484375,11579.169921875,1.1762452125549316,10025.365234375,20,2513,0.999984622001648,0,0,0.0,0
5,175,13801,0,10847.466796875,20,7518,1.0015625953674316,1.1351076364517212,1.0,10847.466796875,9559.12109375,1.1573516130447388,10048.75390625,20,7563,1.0003981590270996,0,0,0.0,0
5,176,13801,0,10733.44921875,20,11653,1.0009068250656128,1.142507791519165,1.0,10733.44921875,9432.73828125,1.1557906866073608,10075.001953125,20,7563,1.0003688335418701,0,0,0.0,0
5,177,13801,0,12432.4287109375,20,7520,1.00202476978302,1.1151182651519775,1.0,12432.4287109375,11148.9775390625,1.1714071035385132,10002.998046875,20,7564,1.0009052753448486,0,0,0.0,0
5,178,13801,0,13955.5712890625,20,8907,1.0023030042648315,1.1024322509765625,1.0,13955.5712890625,12662.982421875,1.1854790449142456,10004.21875,20,7570,0.9865747690200806,0,0,0.0,0
5,179,13801,0,11042.345703125,20,8906,1.0010530948638916,1.1314711570739746,1.0,11042.345703125,9759.28125,1.1595582962036133,10035.755859375,20,9768,1.0003776550292969,0,0,0.0,0
5,180,13801,0,10647.2763671875,20,2283,1.0012760162353516,1.1455317735671997,1.0,10647.2763671875,9294.6142578125,1.1524649858474731,10041.3828125,20,8892,1.0003234148025513,0,0,0.0,0
5,181,13801,0,12347.560546875,20,7520,1.0020755529403687,1.1159294843673706,1.0,12347.560546875,11064.8212890625,1.1692169904708862,10188.693359375,20,7565,1.0012892484664917,0,0,0.0,0
5,182,13801,0,11735.5224609375,20,2286,1.0018850564956665,1.1350159645080566,1.0,11735.5224609375,10339.521484375,1.1602767705917358,10027.1064453125,20,10890,1.0000379085540771,0,0,0.0,0
5,183,13801,0,14454.3916015625,20,8907,1.0020562410354614,1.0983315706253052,1.0,14454.3916015625,13181.1796875,1.1842999458312988,10115.052734375,20,7569,1.003008484840393,0,0,0.0,0
5,184,13801,0,12560.4267578125,20,11654,1.0032786130905151,1.1234674453735352,1.0,12560.4267578125,11180.0537109375,1.1679574251174927,10335.7783203125,20,4966,1.0022796392440796,0,0,0.0,0
5,185,13801,0,11538.3994140625,20,11654,1.0024144649505615,1.1343034505844116,1.0,11538.3994140625,10173.767578125,1.1594845056533813,10197.91015625,20,4965,1.00120210647583,0,0,0.0,0
5,186,13801,0,11036.50390625,20,7519,1.0010640621185303,1.1305729150772095,1.0,11036.50390625,9761.8681640625,1.157625675201416,10072.9326171875,20,7563,1.0002425909042358,0,0,0.0,0
5,187,13801,0,10990.5126953125,20,10898,1.0008457899093628,1.1457910537719727,1.0,10990.5126953125,9596.4736328125,1.1547598838806152,10162.884765625,20,10891,1.0005543231964111,0,0,0.0,0
5,188,13801,0,12864.80859375,20,8908,1.0015956163406372,1.106618881225586,1.0,12864.80859375,11625.3291015625,1.1713274717330933,10048.806640625,20,9772,1.001603126525879,0,0,0.0,0
5,189,13801,0,10920.080078125,20,2283,1.0019302368164062,1.1450997591018677,1.0,10920.080078125,9539.67578125,1.15485680103302,10050.48046875,20,10890,1.0000202655792236,0,0,0.0,0
5,190,13801,0,12054.7099609375,20,7520,1.0019699335098267,1.119950294494629,1.0,12054.7099609375,10763.611328125,1.1679539680480957,10088.330078125,20,7564,1.0006351470947266,0,0,0.0,0
5,191,13801,0,11748.51171875,20,3651,1.0020912885665894,1.1304590702056885,1.0,11748.51171875,10408.8056640625,1.162616491317749,10102.4658203125,20,2512,1.0006535053253174,0,0,0.0,0
5,192,13801,0,13277.982421875,20,2530,1.0017220973968506,1.1123638153076172,1.0,13277.982421875,11936.7265625,1.1786571741104126,10015.3984375,20,2513,0.998709499835968,0,0,0.0,0
5,193,13801,0,10689.595703125,20,11653,1.000792145729065,1.1416170597076416,1.0,10689.595703125,9366.966796875,1.1513751745224,10002.6181640625,20,8891,1.0003069639205933,0,0,0.0,0
5,194,13801,0,2109362.0,4,10482,2216.48583984375,33.42311096191406,29.985261917114258,70346.625,2109362.0,33.42311096191406,2109362.0,4,10482,2216.48583984375,10,7,2109362.0,1
5,195,13801,0,12371.111328125,20,7519,1.0010637044906616,1.1153693199157715,1.0,12371.111328125,11100.443359375,1.169309377670288,10033.4033203125,20,9768,1.0009223222732544,0,0,0.0,0
5,196,13801,0,11675.3583984375,20,8907,1.0014796257019043,1.1221835613250732,1.0,11675.3583984375,10404.1435546875,1.1651259660720825,10039.9580078125,20,7565,1.0005769729614258,0,0,0.0,0
5,197,13801,0,821193024.0,12,8963,65093.7421875,1326.77783203125,12664.96484375,64839.7421875,821193024.0,116585.6171875,116585.6171875,1,8965,8.935636520385742,27,26,821193024.0,1
5,198,13801,0,13777.830078125,20,8907,1.0024513006210327,1.1027191877365112,1.0,13777.830078125,12495.251953125,1.178205966949463,10062.73046875,20,9770,0.9976828694343567,0,0,0.0,0
5,199,13801,0,10532.1826171875,20,10896,1.001248836517334,1.1480367183685303,1.0,10532.1826171875,9179.939453125,1.1519103050231934,10005.42578125,20,10890,1.000256896018982,0,0,0.0,0
5,200,13801,0,11779.5302734375,20,8907,1.000593662261963,1.1198033094406128,1.0,11779.5302734375,10526.853515625,1.1645900011062622,10051.5322265625,20,9770,1.0006732940673828,0,0,0.0,0
5,201,13801,0,14620.2744140625,20,8907,1.0022971630096436,1.0984257459640503,1.0,14620.2744140625,13311.60546875,1.1889257431030273,10077.390625,20,9773,0.9791057705879211,0,0,0.0,0
5,202,626,0,921545899769856.0,20,625,1.725456714630127,207631187968.0,1.0,921545899769856.0,49265692672.0,146630284148736.0,146630284148736.0,20,624,0.31169480085372925,1,1,3595713280.0,1
5,203,13801,0,11873.4560546875,20,11655,1.002578854560852,1.1293798685073853,1.0,11873.4560546875,10513.2529296875,1.1619069576263428,10159.630859375,20,2512,1.00100839138031,0,0,0.0,0
5,204,13801,0,11911.4501953125,20,7519,1.0016741752624512,1.1218186616897583,1.0,11911.4501953125,10623.3427734375,1.1702393293380737,10019.04296875,20,7565,1.0008060932159424,0,0,0.0,0
5,205,13801,0,13556.1064453125,20,11702,1.0050945281982422,1.1172668933868408,1.0,13556.1064453125,12133.9013671875,1.17891526222229,10117.201171875,20,11784,1.0010709762573242,0,0,0.0,0
5,206,13801,0,10619.3681640625,20,7518,1.0013774633407593,1.1375458240509033,1.0,10619.3681640625,9335.3701171875,1.1539452075958252,10012.5009765625,20,7562,1.0003958940505981,0,0,0.0,0
5,207,13801,0,15900.212890625,20,7520,1.0027621984481812,1.0887831449508667,1.0,15900.212890625,14603.654296875,1.1921875476837158,10115.6259765625,20,7567,0.9951953291893005,0,0,0.0,0
5,208,13801,0,10583.2890625,20,11653,1.0003024339675903,1.142930507659912,1.0,10583.2890625,9266.673828125,1.1523020267486572,10030.818359375,20,9766,1.0003647804260254,0,0,0.0,0
5,209,13801,0,11863.0595703125,20,7519,1.001605749130249,1.1228976249694824,1.0,11863.0595703125,10576.7880859375,1.1670958995819092,10048.0771484375,20,7564,1.0004273653030396,0,0,0.0,0
5,210,13801,0,13768.392578125,20,7520,1.0024832487106323,1.1015204191207886,1.0,13768.392578125,12499.4443359375,1.182094693183899,10057.5986328125,20,9770,1.0051476955413818,0,0,0.0,0
5,211,13801,0,16224.6787109375,20,8908,1.0024306774139404,1.083240032196045,1.0,16224.6787109375,14977.916015625,1.189111590385437,10096.2041015625,20,9772,1.0067569017410278,0,0,0.0,0
5,212,13801,0,11230.9013671875,20,11654,1.0008134841918945,1.1377660036087036,1.0,11230.9013671875,9888.0107421875,1.156668782234192,10184.5546875,20,4965,1.0006548166275024,0,0,0.0,0
5,213,13801,0,14701.015625,20,8907,1.002509355545044,1.0966793298721313,1.0,14701.015625,13418.8515625,1.1860268115997314,10054.5693359375,20,9772,1.0052294731140137,0,0,0.0,0
5,214,13801,0,11728.9853515625,20,7519,1.000476598739624,1.1233253479003906,1.0,11728.9853515625,10455.4052734375,1.1610559225082397,10135.9091796875,20,7563,1.000560998916626,0,0,0.0,0
5,215,13801,0,13657.46875,20,7520,1.0024855136871338,1.1038124561309814,1.0,13657.46875,12372.9970703125,1.1801774501800537,10161.7509765625,20,7567,0.9841346144676208,0,0,0.0,0
5,216,13801,0,11759.3388671875,20,2284,1.0017757415771484,1.1402952671051025,1.0,11759.3388671875,10351.7822265625,1.1612155437469482,10139.931640625,20,11783,1.001033067703247,0,0,0.0,0
5,217,13801,0,13582.4990234375,20,7519,1.002285361289978,1.1051976680755615,1.0,13582.4990234375,12311.4765625,1.1836354732513428,10008.4599609375,20,9771,1.0088480710983276,0,0,0.0,0
5,218,13801,0,11459.4482421875,20,11655,1.0022772550582886,1.133425235748291,1.0,11459.4482421875,10110.4580078125,1.1586123704910278,10157.4189453125,20,4965,1.0008331537246704,0,0,0.0,0
5,219,13801,0,12487.5263671875,20,3652,1.0027533769607544,1.1210219860076904,1.0,12487.5263671875,11140.2802734375,1.1689125299453735,10015.537109375,20,7563,1.000496506690979,0,0,0.0,0
5,220,13801,0,10878.7890625,20,2284,1.0008565187454224,1.1429136991500854,1.0,10878.7890625,9518.4697265625,1.1538033485412598,10024.4560546875,20,4964,1.000426173210144,0,0,0.0,0
5,221,13801,0,10906.3447265625,20,7518,1.0014739036560059,1.1319289207458496,1.0,10906.3447265625,9635.185546875,1.1563944816589355,10039.19140625,20,9767,1.0005905628204346,0,0,0.0,0
5,222,13801,0,12181.0224609375,20,7520,1.00193452835083,1.1170594692230225,1.0,12181.0224609375,10904.5419921875,1.1680452823638916,10077.5537109375,20,9768,1.0007002353668213,0,0,0.0,0
5,223,13801,0,12379.5390625,20,8907,1.0016676187515259,1.1158311367034912,1.0,12379.5390625,11094.455078125,1.173648715019226,10012.6572265625,20,7566,1.0018854141235352,0,0,0.0,0
5,224,13801,0,189003.984375,13,8111,390.51702880859375,117.10893249511719,7.167010307312012,26371.384765625,189003.984375,31638.45703125,31638.45703125,12,2576,401.81689453125,2,1,189003.984375,0
5,225,13801,0,14202.1591796875,20,7520,1.0026668310165405,1.0993632078170776,1.0,14202.1591796875,12918.5322265625,1.1815898418426514,10134.146484375,20,7566,1.0163180828094482,0,0,0.0,0
5,226,13801,0,10830.0361328125,20,7518,1.000434160232544,1.1347793340682983,1.0,10830.0361328125,9549.333984375,1.155663251876831,10005.05078125,20,7562,1.0002241134643555,0,0,0.0,0
5,227,13801,0,12054.5869140625,20,11654,1.0025464296340942,1.1291272640228271,1.0,12054.5869140625,10685.5009765625,1.1667735576629639,10079.0380859375,20,4965,1.0015753507614136,0,0,0.0,0
5,228,13801,0,11317.517578125,20,2284,1.0012010335922241,1.1420100927352905,1.0,11317.517578125,9938.56640625,1.1558666229248047,10230.58984375,20,10891,1.0008232593536377,0,0,0.0,0
5,229,13801,0,11785.80078125,20,7519,1.0015615224838257,1.1204867362976074,1.0,11785.80078125,10518.46484375,1.1644103527069092,10066.98828125,20,9768,1.0008999109268188,0,0,0.0,0
5,230,13801,0,14521.44140625,20,7520,1.0022913217544556,1.0958514213562012,1.0,14521.44140625,13251.2861328125,1.1886428594589233,10126.65234375,20,9773,0.9808838367462158,0,0,0.0,0
5,231,13801,0,15618.8798828125,20,7520,1.0030887126922607,1.0894386768341064,1.0,15618.8798828125,14336.630859375,1.1903201341629028,10085.5556640625,20,9771,0.9998643398284912,0,0,0.0,0
5,232,13801,0,103625.1484375,12,8957,5655.46826171875,443.2459716796875,6.012257099151611,17235.6484375,103625.1484375,443.2459716796875,103625.1484375,12,8957,5655.46826171875,3,1,103625.1484375,0
5,233,13801,0,12107.7939453125,20,7519,1.0014866590499878,1.1202871799468994,1.0,12107.7939453125,10824.087890625,1.16880464553833,10037.3017578125,20,7564,1.0005686283111572,0,0,0.0,0
5,234,13801,0,14954.5771484375,20,8908,1.0022839307785034,1.0913137197494507,1.0,14954.5771484375,13703.279296875,1.185680866241455,10028.1630859375,20,9773,1.0037789344787598,0,0,0.0,0
5,235,13801,0,18196.39453125,20,7582,1.3655768632888794,1.0854300260543823,1.0,18196.39453125,16900.59375,1.1979402303695679,10134.6005859375,20,9772,1.016822099685669,0,0,0.0,0
5,236,13801,0,12841.240234375,20,8907,1.001824975013733,1.1114375591278076,1.0,12841.240234375,11553.7216796875,1.175470232963562,10057.4423828125,20,7566,1.0016067028045654,0,0,0.0,0
5,237,13801,0,12196.8388671875,20,3652,1.0025708675384521,1.1226707696914673,1.0,12196.8388671875,10864.1279296875,1.1664212942123413,10080.3505859375,20,2512,1.0011024475097656,0,0,0.0,0
5,238,13801,0,12996.001953125,20,8907,1.0014727115631104,1.1075681447982788,1.0,12996.001953125,11748.306640625,1.172106385231018,10047.615234375,20,9771,1.001259684562683,0,0,0.0,0
5,239,13801,0,15420.0927734375,20,8907,1.0027985572814941,1.092138409614563,1.0,15420.0927734375,14139.8115234375,1.1873176097869873,10195.333984375,20,9772,1.0078251361846924,0,0,0.0,0
5,240,13801,0,11293.765625,20,2285,1.000701904296875,1.138800859451294,1.0,11293.765625,9929.2568359375,1.1572049856185913,10220.671875,20,4965,1.0007892847061157,0,0,0.0,0
5,241,13801,0,12564.068359375,20,7519,1.0018043518066406,1.115019679069519,1.0,12564.068359375,11283.412109375,1.1714447736740112,10014.1484375,20,7564,1.000810980796814,0,0,0.0,0
5,242,13801,0,11227.990234375,20,7519,1.000949740409851,1.1300221681594849,1.0,11227.990234375,9936.0791015625,1.1614224910736084,10005.6064453125,20,7563,1.000133752822876,0,0,0.0,0
5,243,13801,0,12498.376953125,20,2529,1.0018733739852905,1.120820164680481,1.0,12498.376953125,11171.0126953125,1.1697101593017578,10208.689453125,20,2513,1.0013424158096313,0,0,0.0,0
5,244,13801,0,12738.2802734375,20,7520,1.0022523403167725,1.1128703355789185,1.0,12738.2802734375,11446.3291015625,1.169127106666565,10313.2158203125,20,7565,1.0016363859176636,0,0,0.0,0
5,245,13801,0,12973.431640625,20,8907,1.0016491413116455,1.1103864908218384,1.0,12973.431640625,11683.7080078125,1.1774920225143433,10086.291015625,20,9772,1.0148727893829346,0,0,0.0,0
5,246,13801,0,12345.05078125,20,3652,1.0026273727416992,1.121782660484314,1.0,12345.05078125,11004.8505859375,1.167872428894043,10077.1494140625,20,2512,1.0013595819473267,0,0,0.0,0
5,247,13801,0,11281.1435546875,20,7519,1.0010586977005005,1.1276347637176514,1.0,11281.1435546875,10004.2529296875,1.160305380821228,10031.7724609375,20,7563,1.0004241466522217,0,0,0.0,0
5,248,13801,0,11818.3486328125,20,11655,1.0025177001953125,1.1297812461853027,1.0,11818.3486328125,10460.7412109375,1.1615973711013794,10008.7646484375,20,7562,1.0003809928894043,0,0,0.0,0
5,249,13801,0,12699.142578125,20,7519,1.0014584064483643,1.1131938695907593,1.0,12699.142578125,11426.359375,1.173863410949707,10047.8740234375,20,7565,1.0009745359420776,0,0,0.0,0
5,250,13801,0,12385.927734375,20,7520,1.0021082162857056,1.1149022579193115,1.0,12385.927734375,11109.4296875,1.1736135482788086,10000.01953125,20,9769,1.0016679763793945,0,0,0.0,0
5,251,13801,0,12821.5869140625,20,2285,1.0040478706359863,1.133371353149414,1.0,12821.5869140625,11312.78515625,1.1729999780654907,10048.1552734375,20,10892,1.0037983655929565,0,0,0.0,0
5,252,13801,0,14817.69140625,20,7520,1.0027590990066528,1.0957581996917725,1.0,14817.69140625,13522.7744140625,1.182306170463562,10270.7353515625,20,7566,1.0040072202682495,0,0,0.0,0
5,253,13801,0,12745.271484375,20,7520,1.001651406288147,1.1121010780334473,1.0,12745.271484375,11460.533203125,1.1681485176086426,10213.2626953125,20,7564,1.0007013082504272,0,0,0.0,0
5,254,13801,0,11189.1630859375,20,8906,1.0014188289642334,1.1298527717590332,1.0,11189.1630859375,9904.6328125,1.1593137979507446,10007.537109375,20,7563,1.0004422664642334,0,0,0.0,0
5,255,13801,0,11645.14453125,20,11655,1.002289891242981,1.131850242614746,1.0,11645.14453125,10288.5908203125,1.1609137058258057,10128.67578125,20,2512,1.000939130783081,0,0,0.0,0
5,256,13801,0,12973.2685546875,20,7520,1.0022741556167603,1.109033465385437,1.0,12973.2685546875,11697.8154296875,1.1743676662445068,10108.3515625,20,9769,1.0017790794372559,0,0,0.0,0
5,257,13801,0,10622.453125,20,10897,1.0009547472000122,1.1466526985168457,1.0,10622.453125,9266.4873046875,1.1514172554016113,10062.6552734375,20,10890,1.0003658533096313,0,0,0.0,0
5,258,13801,0,11613.4404296875,20,11654,1.0025967359542847,1.1335631608963013,1.0,11613.4404296875,10245.076171875,1.1628563404083252,10083.7314453125,20,4965,1.0010855197906494,0,0,0.0,0
5,259,13801,0,15891.345703125,20,9782,1.229834794998169,1.1071468591690063,1.0,15891.345703125,14387.6103515625,1.1905635595321655,10240.0341796875,20,9771,1.0082014799118042,0,0,0.0,0
5,260,13801,0,11537.8154296875,20,8906,1.0013723373413086,1.124862790107727,1.0,11537.8154296875,10270.7626953125,1.1610528230667114,10050.4833984375,20,7564,1.00051748752594,0,0,0.0,0
5,261,13801,0,12811.8056640625,20,7520,1.0016255378723145,1.1110986471176147,1.0,12811.8056640625,11530.75390625,1.1760026216506958,10005.2734375,20,7565,1.0015039443969727,0,0,0.0,0
5,262,619,0,1.3881031934974362e+17,15,618,2.0,10.229524612426758,24232.998046875,5728153108480.0,1.3881031934974362e+17,1808657280.0,5728153108480.0,20,617,4.614260196685791,1,1,2749042.5,1
5,263,13801,0,13996.3232421875,20,7520,1.0025442838668823,1.1012545824050903,1.0,13996.3232421875,12709.4345703125,1.1836614608764648,10152.248046875,20,7569,1.0002901554107666,0,0,0.0,0
5,264,13801,0,12678243.0,1,7555,12683.748046875,13.70437240600586,745.4044189453125,17008.54296875,12678243.0,2325240.25,2325240.25,0,7566,1024.537353515625,28,27,12678243.0,1
5,265,13801,0,12231.603515625,20,7519,1.0018112659454346,1.1170073747634888,1.0,12231.603515625,10951.3447265625,1.1702666282653809,10155.814453125,20,7566,1.0006083250045776,0,0,0.0,0
5,266,13801,0,11336.369140625,20,8906,1.001003384590149,1.1274528503417969,1.0,11336.369140625,10058.1171875,1.1572383642196655,10010.892578125,20,7562,1.0006352663040161,0,0,0.0,0
5,267,13801,0,10828.9150390625,20,8905,1.001143217086792,1.135994791984558,1.0,10828.9150390625,9542.259765625,1.1600711345672607,10009.7666015625,20,7565,1.0005667209625244,0,0,0.0,0
5,268,13801,0,11413.935546875,20,11655,1.0020333528518677,1.133431077003479,1.0,11413.935546875,10070.2509765625,1.1582056283950806,10001.685546875,20,2511,1.0006089210510254,0,0,0.0,0
5,269,13801,0,12399.40234375,20,7519,1.0018867254257202,1.115999698638916,1.0,12399.40234375,11118.3935546875,1.1716190576553345,10072.9951171875,20,7565,1.001259446144104,0,0,0.0,0
5,270,13801,0,14440.9892578125,20,7520,1.002266526222229,1.0977849960327148,1.0,14440.9892578125,13154.66015625,1.1867687702178955,10111.8330078125,20,7568,0.9964182376861572,0,0,0.0,0
5,271,13801,0,11170.3896484375,20,2284,1.0009346008300781,1.1423603296279907,1.0,11170.3896484375,9799.93359375,1.1585693359375,10086.99609375,20,4965,1.0009169578552246,0,0,0.0,0
5,272,13801,0,11147.669921875,20,11654,1.0011450052261353,1.137602686882019,1.0,11147.669921875,9840.87890625,1.159010410308838,10082.7001953125,20,7563,1.0004218816757202,0,0,0.0,0
5,273,13801,0,12301.84375,20,7520,1.00194251537323,1.1183372735977173,1.0,12301.84375,11000.119140625,1.1680465936660767,10195.8779296875,20,7564,1.0006376504898071,0,0,0.0,0
5,274,13801,0,11300.404296875,20,2285,1.0010865926742554,1.1384799480438232,1.0,11300.404296875,9957.8330078125,1.156396746635437,10238.68359375,20,4965,1.001050591468811,0,0,0.0,0
5,275,13801,0,15849.0751953125,20,8907,1.0028260946273804,1.0899527072906494,1.0,15849.0751953125,14557.6201171875,1.1903198957443237,10201.1123046875,20,9772,0.9957704544067383,0,0,0.0,0
5,276,13801,0,11140.896484375,20,11654,1.0013614892959595,1.1383155584335327,1.0,11140.896484375,9789.3515625,1.1599700450897217,10020.4599609375,20,7563,1.0004874467849731,0,0,0.0,0
5,277,13801,0,11165.05078125,20,7518,1.0009620189666748,1.128822922706604,1.0,11165.05078125,9890.87890625,1.1590012311935425,10017.78125,20,7563,1.0004576444625854,0,0,0.0,0
5,278,13801,0,10641.908203125,20,7517,1.001430869102478,1.1374152898788452,1.0,10641.908203125,9361.6552734375,1.1541966199874878,10062.3251953125,20,9767,1.0004971027374268,0,0,0.0,0
5,279,13801,0,13307.9140625,20,7519,1.0020760297775269,1.1069984436035156,1.0,13307.9140625,12034.9248046875,1.1798720359802246,10023.2880859375,20,9770,0.9988746047019958,0,0,0.0,0
5,280,13801,0,11329.373046875,20,11654,1.0017075538635254,1.1370728015899658,1.0,11329.373046875,9972.72265625,1.1596304178237915,10067.3916015625,20,7563,1.000732421875,0,0,0.0,0
5,281,13801,0,13150.2578125,20,7520,1.001846432685852,1.1086808443069458,1.0,13150.2578125,11861.17578125,1.1750547885894775,10221.3349609375,20,7566,1.0007001161575317,0,0,0.0,0
5,282,13801,0,11877.9873046875,20,7519,1.0006067752838135,1.1212472915649414,1.0,11877.9873046875,10605.986328125,1.1673568487167358,10011.2470703125,20,9768,1.0004576444625854,0,0,0.0,0
5,283,13801,0,13961.3251953125,20,8907,1.002266764640808,1.1023705005645752,1.0,13961.3251953125,12676.5400390625,1.1849445104599,10021.8466796875,20,7570,0.9866052865982056,0,0,0.0,0
5,284,13801,0,11274.71484375,20,2284,1.0011826753616333,1.142035722732544,1.0,11274.71484375,9893.90234375,1.156903624534607,10065.6728515625,20,10890,1.0000040531158447,0,0,0.0,0
5,285,13801,0,11279.6025390625,20,7519,1.0015597343444824,1.1282445192337036,1.0,11279.6025390625,9997.48046875,1.1598520278930664,10060.5361328125,20,7563,1.0004510879516602,0,0,0.0,0
5,286,13801,0,10497.966796875,20,11653,1.0004856586456299,1.1433055400848389,1.0,10497.966796875,9184.5029296875,1.1510156393051147,10017.2080078125,20,9766,1.0002669095993042,0,0,0.0,0
5,287,13801,0,14225.45703125,20,8907,1.0022591352462769,1.0990033149719238,1.0,14225.45703125,12963.2880859375,1.1817402839660645,10067.134765625,20,9773,0.9703523516654968,0,0,0.0,0
5,288,13801,0,11170.998046875,20,2284,1.0009205341339111,1.1425808668136597,1.0,11170.998046875,9787.470703125,1.1549004316329956,10229.0537109375,20,10891,1.0004438161849976,0,0,0.0,0
5,289,13801,0,13763.2998046875,20,8907,1.002362847328186,1.1045138835906982,1.0,13763.2998046875,12460.95703125,1.1845396757125854,10026.1171875,20,7569,0.9647252559661865,0,0,0.0,0
5,290,13801,0,13222.806640625,20,2530,1.0018242597579956,1.1125669479370117,1.0,13222.806640625,11884.953125,1.1762233972549438,10104.923828125,20,2513,1.0004769563674927,0,0,0.0,0
5,291,13801,0,14767.599609375,20,8907,1.0027234554290771,1.0962111949920654,1.0,14767.599609375,13484.0439453125,1.1850346326828003,10156.083984375,20,7570,0.9906407594680786,0,0,0.0,0
5,292,13801,0,10818.9658203125,20,2283,1.0017024278640747,1.1453113555908203,1.0,10818.9658203125,9446.681640625,1.153189778327942,10048.6591796875,20,10890,1.0002989768981934,0,0,0.0,0
5,293,13801,0,10806.568359375,20,2283,1.0018532276153564,1.1453971862792969,1.0,10806.568359375,9435.4736328125,1.1536704301834106,10058.5673828125,20,10890,1.0004249811172485,0,0,0.0,0
5,294,13801,0,11032.14453125,20,2283,1.001086711883545,1.1443876028060913,1.0,11032.14453125,9667.6533203125,1.157028317451477,10086.9755859375,20,4965,1.0008374452590942,0,0,0.0,0
5,295,13801,0,12040.43359375,20,8906,1.0016840696334839,1.1207191944122314,1.0,12040.43359375,10763.072265625,1.1677165031433105,10068.9404296875,20,9769,1.0010528564453125,0,0,0.0,0
5,296,13801,0,15266.6025390625,20,8907,1.002658486366272,1.0926395654678345,1.0,15266.6025390625,13999.9609375,1.1871389150619507,10122.564453125,20,9772,1.0085488557815552,0,0,0.0,0
5,297,13801,0,11381.5693359375,20,2285,1.0019090175628662,1.1374385356903076,1.0,11381.5693359375,10009.154296875,1.1572555303573608,10041.8740234375,20,4964,1.000407099723816,0,0,0.0,0
5,298,13801,0,10509.1748046875,20,11652,1.0010498762130737,1.1446257829666138,1.0,10509.1748046875,9210.3779296875,1.15314519405365,10011.4609375,20,7562,1.0002007484436035,0,0,0.0,0
5,299,13801,0,11967.0859375,20,3652,1.0013872385025024,1.1269664764404297,1.0,11967.0859375,10620.015625,1.1657618284225464,10084.40625,20,4965,1.00095534324646,0,0,0.0,0
5,300,13801,0,11432.890625,20,7519,1.0002410411834717,1.1273581981658936,1.0,11432.890625,10154.7734375,1.1644922494888306,10037.1748046875,20,7564,1.000508189201355,0,0,0.0,0
6,1,13801,0,3493.736083984375,20,8380,1.0020346641540527,1.3890429735183716,1.0,3493.736083984375,2525.7451171875,0.0,0.0,-1,-1,0.0,0,0,0.0,0
6,2,13801,0,3926.533935546875,20,7525,1.0020866394042969,1.2557696104049683,1.0,3926.533935546875,3140.262939453125,0.0,0.0,-1,-1,0.0,0,0,0.0,0
6,3,13801,0,4011.10888671875,20,7527,1.002533197402954,1.242540717124939,1.0,4011.10888671875,3228.15087890625,0.0,0.0,-1,-1,0.0,0,0,0.0,0
6,4,13801,0,4482.13818359375,20,7527,1.0022145509719849,1.205377221107483,1.0,4482.13818359375,3718.452880859375,0.0,0.0,-1,-1,0.0,0,0,0.0,0
6,5,13801,0,3509.55810546875,20,10844,1.002779245376587,1.3728044033050537,1.0,3509.55810546875,2580.52197265625,0.0,0.0,-1,-1,0.0,0,0,0.0,0
6,6,13801,0,3929.68994140625,20,7528,1.00361168384552,1.2505154609680176,1.0,3929.68994140625,3142.4560546875,0.0,0.0,-1,-1,0.0,0,0,0.0,0
6,7,13801,0,3463.635009765625,20,10843,1.0023638010025024,1.3814969062805176,1.0,3463.635009765625,2566.221923828125,0.0,0.0,-1,-1,0.0,0,0,0.0,0
6,8,13801,0,3500.595947265625,20,10843,1.0019240379333496,1.3801435232162476,1.0,3500.595947265625,2613.077880859375,0.0,0.0,-1,-1,0.0,0,0,0.0,0
6,9,13801,0,3456.47998046875,20,10844,1.0025395154953003,1.3795382976531982,1.0,3456.47998046875,2526.041015625,0.0,0.0,-1,-1,0.0,0,0,0.0,0
6,10,13801,0,4403.09814453125,20,7526,1.00121009349823,1.2110240459442139,1.0,4403.09814453125,3641.592041015625,0.0,0.0,-1,-1,0.0,0,0,0.0,0
6,11,13801,0,3388.56005859375,20,2413,1.0048364400863647,1.3534414768218994,1.0,3388.56005859375,2542.068115234375,0.0,0.0,-1,-1,0.0,0,0,0.0,0
6,12,13801,0,3952.654052734375,20,7525,1.0019526481628418,1.2547900676727295,1.0,3952.654052734375,3155.071044921875,0.0,0.0,-1,-1,0.0,0,0,0.0,0
6,13,13801,0,4603.4931640625,20,7526,1.0023701190948486,1.1959205865859985,1.0,4603.4931640625,3850.1259765625,0.0,0.0,-1,-1,0.0,0,0,0.0,0
6,14,13801,0,3337.162109375,20,10844,1.0037201642990112,1.398034691810608,1.0,3337.162109375,2387.0380859375,0.0,0.0,-1,-1,0.0,0,0,0.0,0
6,15,13801,0,4889.93701171875,20,9731,1.0026333332061768,1.1806612014770508,1.0,4889.93701171875,4141.69384765625,0.0,0.0,-1,-1,0.0,0,0,0.0,0
6,16,13801,0,3414.85693359375,20,8380,1.0003793239593506,1.399681806564331,1.0,3414.85693359375,2455.5830078125,0.0,0.0,-1,-1,0.0,0,0,0.0,0
6,17,13801,0,3613.501953125,20,10845,1.0023585557937622,1.3659712076187134,1.0,3613.501953125,2674.501953125,0.0,0.0,-1,-1,0.0,0,0,0.0,0
6,18,13801,0,4072.02392578125,20,7526,1.0030430555343628,1.2306492328643799,1.0,4072.02392578125,3308.842041015625,0.0,0.0,-1,-1,0.0,0,0,0.0,0
6,19,13801,0,3356.905029296875,20,10843,1.0032304525375366,1.399073600769043,1.0,3356.905029296875,2401.054931640625,0.0,0.0,-1,-1,0.0,0,0,0.0,0
6,20,13801,0,3990.345947265625,20,10845,1.0038031339645386,1.3135777711868286,1.0,3990.345947265625,3158.35888671875,0.0,0.0,-1,-1,0.0,0,0,0.0,0
6,21,13801,0,3721.85791015625,20,7526,1.0020499229431152,1.2850592136383057,1.0,3721.85791015625,2897.931884765625,0.0,0.0,-1,-1,0.0,0,0,0.0,0
6,22,13801,0,6770799.5,15,8305,306225.53125,218.7837677001953,8.95837116241455,755807.0,6770799.5,3038622.5,3038622.5,7,8985,15526.8623046875,17,14,6770799.5,1
6,23,13801,0,3977.889892578125,20,9731,1.0021741390228271,1.2592647075653076,1.0,3977.889892578125,3158.89892578125,0.0,0.0,-1,-1,0.0,0,0,0.0,0
6,24,13801,0,4714.93896484375,20,8076,1.0013636350631714,1.2077549695968628,1.0,4714.93896484375,3903.886962890625,0.0,0.0,-1,-1,0.0,0,0,0.0,0
6,25,13801,0,4733.9150390625,20,9731,1.002937912940979,1.1974239349365234,1.0,4733.9150390625,3953.416015625,0.0,0.0,-1,-1,0.0,0,0,0.0,0
6,26,13801,0,3738.93994140625,20,10845,1.002914547920227,1.3353633880615234,1.0,3738.93994140625,2809.262939453125,0.0,0.0,-1,-1,0.0,0,0,0.0,0
6,27,13801,0,3400.876953125,20,10842,1.0015034675598145,1.3982242345809937,1.0,3400.876953125,2464.281982421875,0.0,0.0,-1,-1,0.0,0,0,0.0,0
6,28,13801,0,3376.23291015625,20,10841,1.0015251636505127,1.4022984504699707,1.0,3376.23291015625,2436.93505859375,0.0,0.0,-1,-1,0.0,0,0,0.0,0
6,29,13801,0,3831.347900390625,20,7525,1.0017943382263184,1.2716208696365356,1.0,3831.347900390625,3012.964111328125,0.0,0.0,-1,-1,0.0,0,0,0.0,0
6,30,13801,0,3376.822021484375,20,10843,1.0037378072738647,1.3971278667449951,1.0,3376.822021484375,2445.4130859375,0.0,0.0,-1,-1,0.0,0,0,0.0,0
6,31,13801,0,6572.55419921875,20,9732,1.003138780593872,1.1245263814926147,1.0,6572.55419921875,5853.64599609375,0.0,0.0,-1,-1,0.0,0,0,0.0,0
6,32,13801,0,3740.034912109375,20,7526,1.003690481185913,1.2768346071243286,1.0,3740.034912109375,2930.59912109375,0.0,0.0,-1,-1,0.0,0,0,0.0,0
6,33,13801,0,3606.218017578125,20,7523,1.0027246475219727,1.307710886001587,1.0,3606.218017578125,2761.448974609375,0.0,0.0,-1,-1,0.0,0,0,0.0,0
6,34,13801,0,3658.8359375,20,2415,1.0040136575698853,1.3103535175323486,1.0,3658.8359375,2792.2509765625,0.0,0.0,-1,-1,0.0,0,0,0.0,0
6,35,13801,0,3481.337890625,20,7525,1.0043751001358032,1.312917709350586,1.0,3481.337890625,2651.60400390625,0.0,0.0,-1,-1,0.0,0,0,0.0,0
6,36,13801,0,3589.669921875,20,7524,1.0008330345153809,1.3068009614944458,1.0,3589.669921875,2753.2490234375,0.0,0.0,-1,-1,0.0,0,0,0.0,0
6,37,13801,0,6621.88916015625,20,9732,1.0036901235580444,1.1176848411560059,1.0,6621.88916015625,5931.0791015625,0.0,0.0,-1,-1,0.0,0,0,0.0,0
6,38,13801,0,3795.677978515625,20,7526,1.001175045967102,1.2688264846801758,1.0,3795.677978515625,2994.2041015625,0.0,0.0,-1,-1,0.0,0,0,0.0,0
6,39,13801,0,3426.2958984375,20,8381,1.0018168687820435,1.3898297548294067,1.0,3426.2958984375,2467.44091796875,0.0,0.0,-1,-1,0.0,0,0,0.0,0
6,40,13801,0,4854.76416015625,20,7527,1.0026010274887085,1.179571270942688,1.0,4854.76416015625,4117.5830078125,0.0,0.0,-1,-1,0.0,0,0,0.0,0
6,41,13801,0,3491.215087890625,20,10842,1.002266764640808,1.3820397853851318,1.0,3491.215087890625,2592.743896484375,0.0,0.0,-1,-1,0.0,0,0,0.0,0
6,42,13801,0,4666.02880859375,20,8075,1.000625491142273,1.212925910949707,1.0,4666.02880859375,3850.458984375,0.0,0.0,-1,-1,0.0,0,0,0.0,0
6,43,13801,0,4777.19482421875,20,9731,1.0018662214279175,1.199031949043274,1.0,4777.19482421875,3984.2099609375,0.0,0.0,-1,-1,0.0,0,0,0.0,0
6,44,13801,0,4048.594970703125,20,7527,1.0023655891418457,1.2486183643341064,1.0,4048.594970703125,3242.4599609375,0.0,0.0,-1,-1,0.0,0,0,0.0,0
6,45,13801,0,3856.367919921875,20,10845,1.002945899963379,1.3198734521865845,1.0,3856.367919921875,3045.48095703125,0.0,0.0,-1,-1,0.0,0,0,0.0,0
6,46,13801,0,3551.3369140625,20,10844,1.0032340288162231,1.3563382625579834,1.0,3551.3369140625,2675.263916015625,0.0,0.0,-1,-1,0.0,0,0,0.0,0
6,47,13801,0,3547.52490234375,20,10844,1.0025092363357544,1.3720566034317017,1.0,3547.52490234375,2629.139892578125,0.0,0.0,-1,-1,0.0,0,0,0.0,0
6,48,13801,0,3524.251953125,20,9729,1.0024869441986084,1.3183753490447998,1.0,3524.251953125,2673.177978515625,0.0,0.0,-1,-1,0.0,0,0,0.0,0
6,49,13801,0,3554.333984375,20,10845,1.0045132637023926,1.3507053852081299,1.0,3554.333984375,2677.910888671875,0.0,0.0,-1,-1,0.0,0,0,0.0,0
6,50,13801,0,3436.19189453125,20,8381,1.0019278526306152,1.3894437551498413,1.0,3436.19189453125,2474.5390625,0.0,0.0,-1,-1,0.0,0,0,0.0,0
6,51,13801,0,3418.950927734375,20,7527,1.0015416145324707,1.3296781778335571,1.0,3418.950927734375,2571.261962890625,0.0,0.0,-1,-1,0.0,0,0,0.0,0
6,52,13801,0,3308.181884765625,20,2414,1.000677227973938,1.3645368814468384,1.0,3308.181884765625,2439.096923828125,0.0,0.0,-1,-1,0.0,0,0,0.0,0
6,53,13801,0,3656.333984375,20,7527,1.0028377771377563,1.282691478729248,1.0,3656.333984375,2850.51708984375,0.0,0.0,-1,-1,0.0,0,0,0.0,0
6,54,13801,0,3543.568115234375,20,10844,1.0049476623535156,1.3908289670944214,1.0,3543.568115234375,2593.419921875,0.0,0.0,-1,-1,0.0,0,0,0.0,0
6,55,13801,0,4401.23779296875,20,11644,1.0038269758224487,1.2416274547576904,1.0,4401.23779296875,3580.363037109375,0.0,0.0,-1,-1,0.0,0,0,0.0,0
6,56,13801,0,3622.31201171875,20,7523,1.0023635625839233,1.2980116605758667,1.0,3622.31201171875,2798.10009765625,0.0,0.0,-1,-1,0.0,0,0,0.0,0
6,57,13801,0,3510.89990234375,20,10844,1.002569317817688,1.3742754459381104,1.0,3510.89990234375,2584.48388671875,0.0,0.0,-1,-1,0.0,0,0,0.0,0
6,58,13801,0,3539.6630859375,20,7462,1.003015398979187,1.317410945892334,1.0,3539.6630859375,2704.837890625,0.0,0.0,-1,-1,0.0,0,0,0.0,0
6,59,13801,0,3486.674072265625,20,7463,1.0014317035675049,1.3291281461715698,1.0,3486.674072265625,2634.759033203125,0.0,0.0,-1,-1,0.0,0,0,0.0,0
6,60,13801,0,4383.1201171875,20,8075,1.0007190704345703,1.2314515113830566,1.0,4383.1201171875,3560.00390625,0.0,0.0,-1,-1,0.0,0,0,0.0,0
6,61,13801,0,4160.41796875,20,7527,1.0020930767059326,1.2303861379623413,1.0,4160.41796875,3381.39208984375,0.0,0.0,-1,-1,0.0,0,0,0.0,0
6,62,13801,0,3880.0,20,7526,1.0013717412948608,1.2649911642074585,1.0,3880.0,3067.215087890625,0.0,0.0,-1,-1,0.0,0,0,0.0,0
6,63,13801,0,5063.4541015625,20,8075,1.0010251998901367,1.1923584938049316,1.0,5063.4541015625,4249.8681640625,0.0,0.0,-1,-1,0.0,0,0,0.0,0
6,64,13801,0,3688.072021484375,20,10845,1.0028268098831177,1.340406894683838,1.0,3688.072021484375,2757.280029296875,0.0,0.0,-1,-1,0.0,0,0,0.0,0
6,65,13801,0,27044.265625,0,743,93.78939056396484,1.0073288679122925,4.482893466949463,6032.77001953125,26847.50390625,2.4192590713500977,12595.2744140625,1,749,3.8306877613067627,7,0,27044.265625,0
6,66,13801,0,3486.18994140625,20,2414,1.0022286176681519,1.3389569520950317,1.0,3486.18994140625,2616.7490234375,0.0,0.0,-1,-1,0.0,0,0,0.0,0
6,67,13801,0,3316.9560546875,20,8380,1.0008044242858887,1.39553964138031,1.0,3316.9560546875,2381.0009765625,0.0,0.0,-1,-1,0.0,0,0,0.0,0
6,68,13801,0,3978.5458984375,20,8075,1.0007933378219604,1.273545503616333,1.0,3978.5458984375,3123.991943359375,0.0,0.0,-1,-1,0.0,0,0,0.0,0
6,69,13801,0,4140.02880859375,20,9730,1.0008944272994995,1.243923544883728,1.0,4140.02880859375,3329.840087890625,0.0,0.0,-1,-1,0.0,0,0,0.0,0
6,70,13801,0,3438.0009765625,20,10843,1.0016340017318726,1.3946037292480469,1.0,3438.0009765625,2491.990966796875,0.0,0.0,-1,-1,0.0,0,0,0.0,0
6,71,13801,0,3863.81201171875,20,7525,1.0008875131607056,1.2726967334747314,1.0,3863.81201171875,3036.98095703125,0.0,0.0,-1,-1,0.0,0,0,0.0,0
6,72,13801,0,3571.487060546875,20,9728,1.0010136365890503,1.318539023399353,1.0,3571.487060546875,2717.467041015625,0.0,0.0,-1,-1,0.0,0,0,0.0,0
6,73,13801,0,4268.10009765625,20,9730,1.0007750988006592,1.23585844039917,1.0,4268.10009765625,3461.31591796875,0.0,0.0,-1,-1,0.0,0,0,0.0,0
6,74,13801,0,3804.64892578125,20,7525,1.0033901929855347,1.2723931074142456,1.0,3804.64892578125,2994.27392578125,0.0,0.0,-1,-1,0.0,0,0,0.0,0
6,75,13801,0,3659.912109375,20,7527,1.0020309686660767,1.2852132320404053,1.0,3659.912109375,2851.27587890625,0.0,0.0,-1,-1,0.0,0,0,0.0,0
6,76,13801,0,3665.7099609375,20,9731,1.0033178329467773,1.2869631052017212,1.0,3665.7099609375,2848.341064453125,0.0,0.0,-1,-1,0.0,0,0,0.0,0
6,77,13801,0,3843.18701171875,20,9731,1.00193190574646,1.2721214294433594,1.0,3843.18701171875,3021.0849609375,0.0,0.0,-1,-1,0.0,0,0,0.0,0
6,78,13801,0,3392.01904296875,20,2413,1.0030587911605835,1.3545444011688232,1.0,3392.01904296875,2518.591064453125,0.0,0.0,-1,-1,0.0,0,0,0.0,0
6,79,13801,0,4224.0869140625,20,9730,1.0021113157272339,1.231435775756836,1.0,4224.0869140625,3430.212890625,0.0,0.0,-1,-1,0.0,0,0,0.0,0
6,80,13801,0,3284.117919921875,20,10843,1.0009719133377075,1.3899157047271729,1.0,3284.117919921875,2401.72900390625,0.0,0.0,-1,-1,0.0,0,0,0.0,0
6,81,13801,0,3572.117919921875,20,7526,1.0015413761138916,1.2996940612792969,1.0,3572.117919921875,2748.429931640625,0.0,0.0,-1,-1,0.0,0,0,0.0,0
6,82,13801,0,3659.62890625,20,9729,1.0009359121322632,1.3000675439834595,1.0,3659.62890625,2823.613037109375,0.0,0.0,-1,-1,0.0,0,0,0.0,0
6,83,13801,0,3860.8310546875,20,2414,1.0019733905792236,1.2889978885650635,1.0,3860.8310546875,3039.98193359375,0.0,0.0,-1,-1,0.0,0,0,0.0,0
6,84,13801,0,3667.885986328125,20,7524,1.0014262199401855,1.2925522327423096,1.0,3667.885986328125,2845.989990234375,0.0,0.0,-1,-1,0.0,0,0,0.0,0
6,85,13801,0,3802.81396484375,20,10845,1.0041409730911255,1.3299505710601807,1.0,3802.81396484375,2919.429931640625,0.0,0.0,-1,-1,0.0,0,0,0.0,0
6,86,13801,0,3287.305908203125,20,7523,1.0027449131011963,1.3582173585891724,1.0,3287.305908203125,2431.906982421875,0.0,0.0,-1,-1,0.0,0,0,0.0,0
6,87,13801,0,3684.7919921875,20,8381,1.0031414031982422,1.384247899055481,1.0,3684.7919921875,2671.12890625,0.0,0.0,-1,-1,0.0,0,0,0.0,0
6,88,13801,0,3541.344970703125,20,10845,1.001649260520935,1.3552078008651733,1.0,3541.344970703125,2638.81494140625,0.0,0.0,-1,-1,0.0,0,0,0.0,0
6,89,13801,0,3816.541015625,20,7525,1.0030951499938965,1.2705349922180176,1.0,3816.541015625,3008.56201171875,0.0,0.0,-1,-1,0.0,0,0,0.0,0
6,90,13801,0,3789.906005859375,20,7889,1.002549648284912,1.396150827407837,1.0,3789.906005859375,2750.56103515625,0.0,0.0,-1,-1,0.0,0,0,0.0,0
6,91,13801,0,3957.196044921875,20,9732,1.0030336380004883,1.2561286687850952,1.0,3957.196044921875,3150.31103515625,0.0,0.0,-1,-1,0.0,0,0,0.0,0
6,92,13801,0,3467.410888671875,20,7525,1.0041050910949707,1.314902901649475,1.0,3467.410888671875,2637.009033203125,0.0,0.0,-1,-1,0.0,0,0,0.0,0
6,93,13801,0,4368.1162109375,20,7525,1.0026196241378784,1.21284818649292,1.0,4368.1162109375,3616.409912109375,0.0,0.0,-1,-1,0.0,0,0,0.0,0
6,94,13801,0,3604.77392578125,20,7526,1.0016851425170898,1.3031378984451294,1.0,3604.77392578125,2766.22607421875,0.0,0.0,-1,-1,0.0,0,0,0.0,0
6,95,13801,0,3568.964111328125,20,10844,1.0025001764297485,1.367476224899292,1.0,3568.964111328125,2644.343017578125,0.0,0.0,-1,-1,0.0,0,0,0.0,0
6,96,13801,0,3389.488037109375,20,9728,1.0011532306671143,1.3474459648132324,1.0,3389.488037109375,2516.02197265625,0.0,0.0,-1,-1,0.0,0,0,0.0,0
6,97,13801,0,3579.634033203125,20,10844,1.0018024444580078,1.3844174146652222,1.0,3579.634033203125,2644.2060546875,0.0,0.0,-1,-1,0.0,0,0,0.0,0
6,98,13801,0,3774.544921875,20,10846,1.003626823425293,1.325177788734436,1.0,3774.544921875,2865.9208984375,0.0,0.0,-1,-1,0.0,0,0,0.0,0
6,99,13801,0,3559.85791015625,20,8381,1.0021167993545532,1.3888177871704102,1.0,3559.85791015625,2571.64697265625,0.0,0.0,-1,-1,0.0,0,0,0.0,0
6,100,13801,0,3525.718994140625,20,10843,1.0021950006484985,1.3907876014709473,1.0,3525.718994140625,2607.577880859375,0.0,0.0,-1,-1,0.0,0,0,0.0,0
6,101,13801,0,4746.7841796875,20,9731,1.0026099681854248,1.1913378238677979,1.0,4746.7841796875,3984.4150390625,0.0,0.0,-1,-1,0.0,0,0,0.0,0
6,102,13801,0,5762.76318359375,20,11645,1.0032771825790405,1.166164517402649,1.0,5762.76318359375,5015.60400390625,0.0,0.0,-1,-1,0.0,0,0,0.0,0
6,103,13801,0,3409.887939453125,20,2413,1.0051839351654053,1.3519680500030518,1.0,3409.887939453125,2544.635986328125,0.0,0.0,-1,-1,0.0,0,0,0.0,0
6,104,13801,0,3710.403076171875,20,2415,1.0037647485733032,1.2992463111877441,1.0,3710.403076171875,2880.590087890625,0.0,0.0,-1,-1,0.0,0,0,0.0,0
6,105,13801,0,3562.89208984375,20,10845,1.0027016401290894,1.3710533380508423,1.0,3562.89208984375,2616.053955078125,0.0,0.0,-1,-1,0.0,0,0,0.0,0
6,106,13801,0,4831.046875,20,7527,1.0025583505630493,1.182776689529419,1.0,4831.046875,4084.49609375,0.0,0.0,-1,-1,0.0,0,0,0.0,0
6,107,13801,0,3599.298095703125,20,9730,1.001541018486023,1.311144232749939,1.0,3599.298095703125,2745.157958984375,0.0,0.0,-1,-1,0.0,0,0,0.0,0
6,108,13801,0,3392.194091796875,20,10844,1.0002461671829224,1.3728103637695312,1.0,3392.194091796875,2487.44189453125,0.0,0.0,-1,-1,0.0,0,0,0.0,0
6,109,13801,0,3782.827880859375,20,10845,1.0044302940368652,1.3336124420166016,1.0,3782.827880859375,2855.656982421875,0.0,0.0,-1,-1,0.0,0,0,0.0,0
6,110,13801,0,6024.7578125,20,9732,1.003711223602295,1.1322636604309082,1.0,6024.7578125,5320.98486328125,0.0,0.0,-1,-1,0.0,0,0,0.0,0
6,111,13801,0,3843.60595703125,20,7524,1.0032789707183838,1.2696083784103394,1.0,3843.60595703125,3027.7548828125,0.0,0.0,-1,-1,0.0,0,0,0.0,0
6,112,13801,0,3697.59912109375,20,9731,1.0023269653320312,1.292689561843872,1.0,3697.59912109375,2860.39208984375,0.0,0.0,-1,-1,0.0,0,0,0.0,0
6,113,13801,0,3695.306884765625,20,7527,1.0033644437789917,1.285203456878662,1.0,3695.306884765625,2875.27001953125,0.0,0.0,-1,-1,0.0,0,0,0.0,0
6,114,13801,0,3674.990966796875,20,2415,1.0037598609924316,1.309841513633728,1.0,3674.990966796875,2805.676025390625,0.0,0.0,-1,-1,0.0,0,0,0.0,0
6,115,13801,0,4090.238037109375,20,7526,1.0023235082626343,1.2332950830459595,1.0,4090.238037109375,3316.511962890625,0.0,0.0,-1,-1,0.0,0,0,0.0,0
6,116,13801,0,3698.89501953125,20,10845,1.0004000663757324,1.3596444129943848,1.0,3698.89501953125,2764.66796875,0.0,0.0,-1,-1,0.0,0,0,0.0,0
6,117,13801,0,3606.154052734375,20,7526,1.0012882947921753,1.2983214855194092,1.0,3606.154052734375,2777.56396484375,0.0,0.0,-1,-1,0.0,0,0,0.0,0
6,118,13801,0,3564.847900390625,20,7524,1.0024772882461548,1.3094147443771362,1.0,3564.847900390625,2722.47412109375,0.0,0.0,-1,-1,0.0,0,0,0.0,0
6,119,13801,0,3328.18798828125,20,10842,1.00083589553833,1.390276312828064,1.0,3328.18798828125,2399.27587890625,0.0,0.0,-1,-1,0.0,0,0,0.0,0
6,120,13801,0,133578.859375,0,703,1165.1165771484375,1.1014206409454346,11.176939964294434,11951.291015625,121278.6953125,1.1014206409454346,133578.859375,0,703,1165.1165771484375,2,2,133578.859375,0
6,121,13801,0,3476.701904296875,20,2413,1.0012245178222656,1.344024896621704,1.0,3476.701904296875,2613.60302734375,0.0,0.0,-1,-1,0.0,0,0,0.0,0
6,122,13801,0,4952.208984375,20,9730,1.002292513847351,1.1829105615615845,1.0,4952.208984375,4188.39697265625,0.0,0.0,-1,-1,0.0,0,0,0.0,0
6,123,13801,0,3525.41796875,20,10845,1.0035972595214844,1.3539937734603882,1.0,3525.41796875,2612.56201171875,0.0,0.0,-1,-1,0.0,0,0,0.0,0
6,124,13801,0,3567.181884765625,20,2413,1.0020473003387451,1.3322046995162964,1.0,3567.181884765625,2715.965087890625,0.0,0.0,-1,-1,0.0,0,0,0.0,0
6,125,13801,0,4525.57177734375,20,7527,1.0027272701263428,1.2042381763458252,1.0,4525.57177734375,3758.037109375,0.0,0.0,-1,-1,0.0,0,0,0.0,0
6,126,13801,0,16763.796875,0,12803,32.555389404296875,1.0102328062057495,3.5536389350891113,4717.36083984375,16593.994140625,1.0106595754623413,15322.8271484375,0,739,8834.146484375,7,0,16763.796875,0
6,127,13801,0,3549.31396484375,20,10844,1.002201795578003,1.3726290464401245,1.0,3549.31396484375,2625.927001953125,0.0,0.0,-1,-1,0.0,0,0,0.0,0
6,128,13801,0,3660.8359375,20,10845,1.0027930736541748,1.3562941551208496,1.0,3660.8359375,2744.72607421875,0.0,0.0,-1,-1,0.0,0,0,0.0,0
6,129,13801,0,3535.35693359375,20,10844,1.0024980306625366,1.3711788654327393,1.0,3535.35693359375,2605.695068359375,0.0,0.0,-1,-1,0.0,0,0,0.0,0
6,130,13801,0,3903.886962890625,20,2231,1.0043611526489258,1.305100917816162,1.0,3903.886962890625,3005.8740234375,0.0,0.0,-1,-1,0.0,0,0,0.0,0
6,131,13801,0,538515584.0,10,754,138937.984375,69.36336517333984,2815.408203125,191274.421875,538515584.0,13070.896484375,13070.896484375,0,12801,0.02920818142592907,28,26,538515584.0,1
6,132,13801,0,3613.340087890625,20,10845,1.0010305643081665,1.3503996133804321,1.0,3613.340087890625,2695.218017578125,0.0,0.0,-1,-1,0.0,0,0,0.0,0
6,133,13801,0,3765.68310546875,20,7526,1.0030726194381714,1.278000831604004,1.0,3765.68310546875,2946.5419921875,0.0,0.0,-1,-1,0.0,0,0,0.0,0
6,134,13801,0,624669949952.0,1,11897,4906787.5,84367.546875,145403.3125,4296119.0,624669949952.0,226107.453125,226107.453125,14,2112,157.65753173828125,94,72,624669949952.0,1
6,135,13801,0,3999.344970703125,20,8074,1.001111388206482,1.2723298072814941,1.0,3999.344970703125,3144.837890625,0.0,0.0,-1,-1,0.0,0,0,0.0,0
6,136,13801,0,3486.405029296875,20,8075,1.0005197525024414,1.3324857950210571,1.0,3486.405029296875,2616.467041015625,0.0,0.0,-1,-1,0.0,0,0,0.0,0
6,137,13801,0,5017.48681640625,20,7528,1.002096176147461,1.1696877479553223,1.0,5017.48681640625,4289.59521484375,0.0,0.0,-1,-1,0.0,0,0,0.0,0
6,138,13801,0,3457.931884765625,20,10844,1.0020036697387695,1.382105827331543,1.0,3457.931884765625,2507.462890625,0.0,0.0,-1,-1,0.0,0,0,0.0,0
6,139,13801,0,3553.881103515625,20,7526,1.0002626180648804,1.304083228111267,1.0,3553.881103515625,2728.032958984375,0.0,0.0,-1,-1,0.0,0,0,0.0,0
6,140,13801,0,3622.179931640625,20,9729,1.0015290975570679,1.304735779762268,1.0,3622.179931640625,2776.178955078125,0.0,0.0,-1,-1,0.0,0,0,0.0,0
6,141,13801,0,3702.0458984375,20,7527,1.0027369260787964,1.278991460800171,1.0,3702.0458984375,2894.50390625,0.0,0.0,-1,-1,0.0,0,0,0.0,0
6,142,13801,0,3702.8349609375,20,8075,1.0013221502304077,1.2979683876037598,1.0,3702.8349609375,2853.464111328125,0.0,0.0,-1,-1,0.0,0,0,0.0,0
6,143,13801,0,3359.52001953125,20,10843,1.0017690658569336,1.4041534662246704,1.0,3359.52001953125,2402.12890625,0.0,0.0,-1,-1,0.0,0,0,0.0,0
6,144,13801,0,4620.22314453125,20,7525,1.002930760383606,1.1892261505126953,1.0,4620.22314453125,3885.06689453125,0.0,0.0,-1,-1,0.0,0,0,0.0,0
6,145,13801,0,6307.962890625,20,7530,1.0040874481201172,1.118757724761963,1.0,6307.962890625,5638.36376953125,0.0,0.0,-1,-1,0.0,0,0,0.0,0
6,146,13801,0,3412.028076171875,20,10842,1.0018969774246216,1.3977717161178589,1.0,3412.028076171875,2482.532958984375,0.0,0.0,-1,-1,0.0,0,0,0.0,0
6,147,13801,0,4134.01611328125,20,8074,1.0014593601226807,1.2561793327331543,1.0,4134.01611328125,3291.64697265625,0.0,0.0,-1,-1,0.0,0,0,0.0,0
6,148,13801,0,3483.072021484375,20,8379,1.002021312713623,1.4096060991287231,1.0,3483.072021484375,2497.739013671875,0.0,0.0,-1,-1,0.0,0,0,0.0,0
6,149,13801,0,3330.882080078125,20,10841,1.0019251108169556,1.4044636487960815,1.0,3330.882080078125,2390.093017578125,0.0,0.0,-1,-1,0.0,0,0,0.0,0
6,150,13801,0,3461.44091796875,20,10844,1.004215121269226,1.3910436630249023,1.0,3461.44091796875,2509.080078125,0.0,0.0,-1,-1,0.0,0,0,0.0,0
6,151,13801,0,3419.8310546875,20,8076,1.0001670122146606,1.3441094160079956,1.0,3419.8310546875,2544.511962890625,0.0,0.0,-1,-1,0.0,0,0,0.0,0
6,152,13801,0,4025.01611328125,20,9731,1.00269615650177,1.2607526779174805,1.0,4025.01611328125,3192.550048828125,0.0,0.0,-1,-1,0.0,0,0,0.0,0
6,153,13801,0,3968.56201171875,20,7528,1.0029414892196655,1.254218578338623,1.0,3968.56201171875,3164.1708984375,0.0,0.0,-1,-1,0.0,0,0,0.0,0
6,154,13801,0,3380.820068359375,20,10842,1.0003784894943237,1.3820735216140747,1.0,3380.820068359375,2474.712890625,0.0,0.0,-1,-1,0.0,0,0,0.0,0
6,155,13801,0,3560.514892578125,20,10842,1.0020718574523926,1.3824729919433594,1.0,3560.514892578125,2631.950927734375,0.0,0.0,-1,-1,0.0,0,0,0.0,0
6,156,13801,0,5342.8701171875,20,9731,1.0026479959487915,1.1667382717132568,1.0,5342.8701171875,4583.51904296875,0.0,0.0,-1,-1,0.0,0,0,0.0,0
6,157,13801,0,3303.43310546875,20,7464,1.0011135339736938,1.35294508934021,1.0,3303.43310546875,2441.660888671875,0.0,0.0,-1,-1,0.0,0,0,0.0,0
6,158,13801,0,3797.906982421875,20,10845,1.003436803817749,1.333627462387085,1.0,3797.906982421875,2892.419921875,0.0,0.0,-1,-1,0.0,0,0,0.0,0
6,159,13801,0,3404.7451171875,20,2412,1.0020232200622559,1.3577167987823486,1.0,3404.7451171875,2524.883056640625,0.0,0.0,-1,-1,0.0,0,0,0.0,0
6,160,13801,0,5214.94921875,20,7528,1.0031427145004272,1.1596548557281494,1.0,5214.94921875,4496.98388671875,0.0,0.0,-1,-1,0.0,0,0,0.0,0
6,161,13801,0,3617.486083984375,20,10844,1.0024372339248657,1.3647234439849854,1.0,3617.486083984375,2699.846923828125,0.0,0.0,-1,-1,0.0,0,0,0.0,0
6,162,13801,0,4989.9150390625,20,9731,1.0009087324142456,1.1781964302062988,1.0,4989.9150390625,4236.27197265625,0.0,0.0,-1,-1,0.0,0,0,0.0,0
6,163,13801,0,3593.636962890625,20,10844,1.0026400089263916,1.3843820095062256,1.0,3593.636962890625,2653.35791015625,0.0,0.0,-1,-1,0.0,0,0,0.0,0
6,164,13801,0,4840.32421875,20,7528,1.0029858350753784,1.1782764196395874,1.0,4840.32421875,4107.97021484375,0.0,0.0,-1,-1,0.0,0,0,0.0,0
6,165,13801,0,3355.85302734375,20,7525,1.0014595985412598,1.3418474197387695,1.0,3355.85302734375,2500.919921875,0.0,0.0,-1,-1,0.0,0,0,0.0,0
6,166,13801,0,3648.14404296875,20,8380,1.0021767616271973,1.3861503601074219,1.0,3648.14404296875,2673.340087890625,0.0,0.0,-1,-1,0.0,0,0,0.0,0
6,167,13801,0,3402.9970703125,20,2412,1.0014045238494873,1.358211874961853,1.0,3402.9970703125,2522.12890625,0.0,0.0,-1,-1,0.0,0,0,0.0,0
6,168,13801,0,3495.0791015625,20,10845,1.0024276971817017,1.3563246726989746,1.0,3495.0791015625,2585.847900390625,0.0,0.0,-1,-1,0.0,0,0,0.0,0
6,169,13801,0,3343.47900390625,20,10842,1.001090407371521,1.3892228603363037,1.0,3343.47900390625,2444.638916015625,0.0,0.0,-1,-1,0.0,0,0,0.0,0
6,170,13801,0,3515.68408203125,20,10844,1.002773404121399,1.3721896409988403,1.0,3515.68408203125,2591.0439453125,0.0,0.0,-1,-1,0.0,0,0,0.0,0
6,171,13801,0,4112.67822265625,20,9730,1.0015090703964233,1.2479084730148315,1.0,4112.67822265625,3295.656982421875,0.0,0.0,-1,-1,0.0,0,0,0.0,0
6,172,13801,0,3859.050048828125,20,7524,1.0028694868087769,1.26564359664917,1.0,3859.050048828125,3049.0810546875,0.0,0.0,-1,-1,0.0,0,0,0.0,0
6,173,13801,0,4545.5849609375,20,9730,1.002031922340393,1.2118529081344604,1.0,4545.5849609375,3750.93798828125,0.0,0.0,-1,-1,0.0,0,0,0.0,0
6,174,13801,0,3265.889892578125,20,10843,1.0005509853363037,1.3925015926361084,1.0,3265.889892578125,2378.778076171875,0.0,0.0,-1,-1,0.0,0,0,0.0,0
6,175,13801,0,3477.781982421875,20,10843,1.001926302909851,1.381924033164978,1.0,3477.781982421875,2552.830078125,0.0,0.0,-1,-1,0.0,0,0,0.0,0
6,176,13801,0,3476.89306640625,20,7525,1.004165530204773,1.3104437589645386,1.0,3476.89306640625,2653.218017578125,0.0,0.0,-1,-1,0.0,0,0,0.0,0
6,177,13801,0,4448.23876953125,20,11645,1.0037024021148682,1.2411259412765503,1.0,4448.23876953125,3605.969970703125,0.0,0.0,-1,-1,0.0,0,0,0.0,0
6,178,13801,0,4367.40087890625,20,7527,1.0030893087387085,1.214294195175171,1.0,4367.40087890625,3596.657958984375,0.0,0.0,-1,-1,0.0,0,0,0.0,0
6,179,13801,0,3529.469970703125,20,2413,1.0012118816375732,1.3388983011245728,1.0,3529.469970703125,2654.993896484375,0.0,0.0,-1,-1,0.0,0,0,0.0,0
6,180,13801,0,3506.0029296875,20,7525,1.0022337436676025,1.308001160621643,1.0,3506.0029296875,2680.427978515625,0.0,0.0,-1,-1,0.0,0,0,0.0,0
6,181,13801,0,5389.5341796875,20,9732,1.0016332864761353,1.1636959314346313,1.0,5389.5341796875,4631.56201171875,0.0,0.0,-1,-1,0.0,0,0,0.0,0
6,182,13801,0,22187.974609375,14,2469,7.91991662979126,1.0216280221939087,2.1737003326416016,10207.466796875,22187.974609375,1.0555634498596191,10098.923828125,20,7527,1.004119634628296,0,0,0.0,0
6,183,13801,0,4936.56201171875,20,8075,1.0021663904190063,1.1976897716522217,1.0,4936.56201171875,4134.68408203125,0.0,0.0,-1,-1,0.0,0,0,0.0,0
6,184,13801,0,4061.381103515625,20,8382,1.0046217441558838,1.3531585931777954,1.0,4061.381103515625,3035.85498046875,0.0,0.0,-1,-1,0.0,0,0,0.0,0
6,185,13801,0,3569.68701171875,20,10843,1.0026171207427979,1.3739426136016846,1.0,3569.68701171875,2652.281982421875,0.0,0.0,-1,-1,0.0,0,0,0.0,0
6,186,13801,0,3614.3349609375,20,7524,1.001081109046936,1.296142578125,1.0,3614.3349609375,2794.044921875,0.0,0.0,-1,-1,0.0,0,0,0.0,0
6,187,13801,0,3706.708984375,20,7526,1.003743052482605,1.27627694606781,1.0,3706.708984375,2904.31396484375,0.0,0.0,-1,-1,0.0,0,0,0.0,0
6,188,13801,0,3677.8740234375,20,10843,1.0026251077651978,1.3756316900253296,1.0,3677.8740234375,2731.431884765625,0.0,0.0,-1,-1,0.0,0,0,0.0,0
6,189,13801,0,3387.157958984375,20,10843,1.001732349395752,1.383763313293457,1.0,3387.157958984375,2478.10888671875,0.0,0.0,-1,-1,0.0,0,0,0.0,0
6,190,13801,0,3770.511962890625,20,7526,1.0030690431594849,1.27664315700531,1.0,3770.511962890625,2953.4580078125,0.0,0.0,-1,-1,0.0,0,0,0.0,0
6,191,13801,0,3619.912109375,20,7463,1.0015339851379395,1.3130842447280884,1.0,3619.912109375,2773.537109375,0.0,0.0,-1,-1,0.0,0,0,0.0,0
6,192,13801,0,3449.923095703125,20,2414,1.0013887882232666,1.3438514471054077,1.0,3449.923095703125,2582.636962890625,0.0,0.0,-1,-1,0.0,0,0,0.0,0
6,193,13801,0,3376.18408203125,20,10843,1.0006295442581177,1.388911485671997,1.0,3376.18408203125,2474.571044921875,0.0,0.0,-1,-1,0.0,0,0,0.0,0
6,194,13801,0,4265.59912109375,20,9730,1.0008693933486938,1.2349750995635986,1.0,4265.59912109375,3459.889892578125,0.0,0.0,-1,-1,0.0,0,0,0.0,0
6,195,13801,0,3437.09912109375,20,10843,1.0015017986297607,1.3803660869598389,1.0,3437.09912109375,2515.944091796875,0.0,0.0,-1,-1,0.0,0,0,0.0,0
6,196,13801,0,3468.9140625,20,10844,1.000996470451355,1.3660056591033936,1.0,3468.9140625,2553.506103515625,0.0,0.0,-1,-1,0.0,0,0,0.0,0
6,197,13801,0,3426.093994140625,20,10842,1.0004788637161255,1.3813992738723755,1.0,3426.093994140625,2516.070068359375,0.0,0.0,-1,-1,0.0,0,0,0.0,0
6,198,13801,0,3871.222900390625,20,10846,1.0043692588806152,1.35464346408844,1.0,3871.222900390625,2878.032958984375,0.0,0.0,-1,-1,0.0,0,0,0.0,0
6,199,13801,0,3333.43310546875,20,10841,1.0017328262329102,1.4070454835891724,1.0,3333.43310546875,2384.81396484375,0.0,0.0,-1,-1,0.0,0,0,0.0,0
6,200,13801,0,3788.075927734375,20,7526,1.001825213432312,1.2752399444580078,1.0,3788.075927734375,2970.48095703125,0.0,0.0,-1,-1,0.0,0,0,0.0,0
6,201,13801,0,3511.673095703125,20,7463,1.0016472339630127,1.3258105516433716,1.0,3511.673095703125,2669.4560546875,0.0,0.0,-1,-1,0.0,0,0,0.0,0
6,202,13801,0,3399.77099609375,20,7527,1.0023449659347534,1.3237468004226685,1.0,3399.77099609375,2568.2939453125,0.0,0.0,-1,-1,0.0,0,0,0.0,0
6,203,13801,0,3603.43310546875,20,10843,1.0024722814559937,1.378358006477356,1.0,3603.43310546875,2671.12109375,0.0,0.0,-1,-1,0.0,0,0,0.0,0
6,204,13801,0,3546.1220703125,20,2413,1.0016968250274658,1.3366401195526123,1.0,3546.1220703125,2671.493896484375,0.0,0.0,-1,-1,0.0,0,0,0.0,0
6,205,13801,0,3472.04296875,20,10842,1.0028561353683472,1.3960858583450317,1.0,3472.04296875,2550.18701171875,0.0,0.0,-1,-1,0.0,0,0,0.0,0
6,206,13801,0,3447.64501953125,20,10842,1.0013773441314697,1.3823424577713013,1.0,3447.64501953125,2534.287109375,0.0,0.0,-1,-1,0.0,0,0,0.0,0
6,207,13801,0,4873.10693359375,20,9731,1.0025557279586792,1.1926701068878174,1.0,4873.10693359375,4085.8798828125,0.0,0.0,-1,-1,0.0,0,0,0.0,0
6,208,13801,0,3506.10400390625,20,10842,1.0015932321548462,1.3804759979248047,1.0,3506.10400390625,2592.35595703125,0.0,0.0,-1,-1,0.0,0,0,0.0,0
6,209,13801,0,3317.531005859375,20,10841,1.0011340379714966,1.4032665491104126,1.0,3317.531005859375,2386.4580078125,0.0,0.0,-1,-1,0.0,0,0,0.0,0
6,210,13801,0,3625.77587890625,20,7523,1.0010672807693481,1.3038626909255981,1.0,3625.77587890625,2785.402099609375,0.0,0.0,-1,-1,0.0,0,0,0.0,0
6,211,13801,0,3755.85693359375,20,7526,1.0028003454208374,1.2791143655776978,1.0,3755.85693359375,2936.294921875,0.0,0.0,-1,-1,0.0,0,0,0.0,0
6,212,13801,0,3454.76904296875,20,10842,1.0007450580596924,1.3807727098464966,1.0,3454.76904296875,2542.77197265625,0.0,0.0,-1,-1,0.0,0,0,0.0,0
6,213,13801,0,3662.666015625,20,10845,1.0040065050125122,1.3447041511535645,1.0,3662.666015625,2734.342041015625,0.0,0.0,-1,-1,0.0,0,0,0.0,0
6,214,13801,0,3408.840087890625,20,10844,1.0024152994155884,1.381237506866455,1.0,3408.840087890625,2477.93603515625,0.0,0.0,-1,-1,0.0,0,0,0.0,0
6,215,13801,0,4444.40380859375,20,661,1.0003434419631958,1.2327440977096558,1.0,4444.40380859375,3607.050048828125,0.0,0.0,-1,-1,0.0,0,0,0.0,0
6,216,13801,0,3341.368896484375,20,10841,1.0023025274276733,1.4036056995391846,1.0,3341.368896484375,2435.964111328125,0.0,0.0,-1,-1,0.0,0,0,0.0,0
6,217,13801,0,4118.10400390625,20,7525,1.0029934644699097,1.2285051345825195,1.0,4118.10400390625,3352.1259765625,0.0,0.0,-1,-1,0.0,0,0,0.0,0
6,218,13801,0,3529.966064453125,20,8380,1.0008145570755005,1.3823742866516113,1.0,3529.966064453125,2583.658935546875,0.0,0.0,-1,-1,0.0,0,0,0.0,0
6,219,13801,0,3513.262939453125,20,7525,1.0025148391723633,1.3084115982055664,1.0,3513.262939453125,2685.135986328125,0.0,0.0,-1,-1,0.0,0,0,0.0,0
6,220,13801,0,3645.047119140625,20,2415,1.0036240816116333,1.312150239944458,1.0,3645.047119140625,2785.301025390625,0.0,0.0,-1,-1,0.0,0,0,0.0,0
6,221,13801,0,4333.4072265625,20,2473,1.002783179283142,1.2141258716583252,1.0,4333.4072265625,3579.39599609375,0.0,0.0,-1,-1,0.0,0,0,0.0,0
6,222,13801,0,467319.40625,14,12703,2592.208251953125,41.277549743652344,43.66505432128906,10702.3662109375,467319.40625,18922.87890625,18922.87890625,11,12703,18922.87890625,4,3,467319.40625,0
6,223,13801,0,3659.569091796875,20,7524,1.0014514923095703,1.2952604293823242,1.0,3659.569091796875,2825.35400390625,0.0,0.0,-1,-1,0.0,0,0,0.0,0
6,224,13801,0,4129.5068359375,20,7527,1.0019959211349487,1.2363201379776,1.0,4129.5068359375,3340.159912109375,0.0,0.0,-1,-1,0.0,0,0,0.0,0
6,225,13801,0,3695.4169921875,20,2414,1.0041292905807495,1.3082811832427979,1.0,3695.4169921875,2863.40087890625,0.0,0.0,-1,-1,0.0,0,0,0.0,0
6,226,13801,0,3721.666015625,20,7527,1.0029188394546509,1.2814092636108398,1.0,3721.666015625,2904.35400390625,0.0,0.0,-1,-1,0.0,0,0,0.0,0
6,227,13801,0,3824.48388671875,20,7526,1.0017523765563965,1.260546326637268,1.0,3824.48388671875,3033.989013671875,0.0,0.0,-1,-1,0.0,0,0,0.0,0
6,228,13801,0,3770.965087890625,20,7526,1.0025538206100464,1.2744724750518799,1.0,3770.965087890625,2958.843994140625,0.0,0.0,-1,-1,0.0,0,0,0.0,0
6,229,13801,0,3598.85595703125,20,10843,1.0039459466934204,1.3938772678375244,1.0,3598.85595703125,2640.698974609375,0.0,0.0,-1,-1,0.0,0,0,0.0,0
6,230,13801,0,3507.886962890625,20,7525,1.0022075176239014,1.3058147430419922,1.0,3507.886962890625,2686.35888671875,0.0,0.0,-1,-1,0.0,0,0,0.0,0
6,231,13801,0,3741.361083984375,20,9730,1.0030030012130737,1.2870830297470093,1.0,3741.361083984375,2906.85302734375,0.0,0.0,-1,-1,0.0,0,0,0.0,0
6,232,13801,0,3795.426025390625,20,7525,1.003145456314087,1.275638461112976,1.0,3795.426025390625,2975.31494140625,0.0,0.0,-1,-1,0.0,0,0,0.0,0
6,233,13801,0,3578.779052734375,20,7526,1.0017081499099731,1.3007351160049438,1.0,3578.779052734375,2751.35107421875,0.0,0.0,-1,-1,0.0,0,0,0.0,0
6,234,13801,0,3696.798095703125,20,2414,1.0039777755737305,1.3091604709625244,1.0,3696.798095703125,2857.30908203125,0.0,0.0,-1,-1,0.0,0,0,0.0,0
6,235,13801,0,3870.205078125,20,7526,1.0018723011016846,1.259499430656433,1.0,3870.205078125,3072.81201171875,0.0,0.0,-1,-1,0.0,0,0,0.0,0
6,236,13801,0,3657.202880859375,20,2415,1.0013129711151123,1.3044564723968506,1.0,3657.202880859375,2836.68603515625,0.0,0.0,-1,-1,0.0,0,0,0.0,0
6,237,13801,0,4134.08984375,20,7527,1.002707839012146,1.230413556098938,1.0,4134.08984375,3359.9189453125,0.0,0.0,-1,-1,0.0,0,0,0.0,0
6,238,13801,0,3351.72802734375,20,2414,1.0012407302856445,1.3611409664154053,1.0,3351.72802734375,2462.76611328125,0.0,0.0,-1,-1,0.0,0,0,0.0,0
6,239,13801,0,3648.743896484375,20,10844,1.0020567178726196,1.3631306886672974,1.0,3648.743896484375,2728.52197265625,0.0,0.0,-1,-1,0.0,0,0,0.0,0
6,240,13801,0,3404.464111328125,20,2412,1.0022838115692139,1.3574743270874023,1.0,3404.464111328125,2527.366943359375,0.0,0.0,-1,-1,0.0,0,0,0.0,0
6,241,13801,0,3874.318115234375,20,7526,1.0009578466415405,1.2674332857131958,1.0,3874.318115234375,3056.822021484375,0.0,0.0,-1,-1,0.0,0,0,0.0,0
6,242,13801,0,3999.83203125,20,10846,1.0003416538238525,1.3355344533920288,1.0,3999.83203125,3041.594970703125,0.0,0.0,-1,-1,0.0,0,0,0.0,0
6,243,13801,0,4127.80615234375,20,7526,1.0018751621246338,1.2327991724014282,1.0,4127.80615234375,3349.595947265625,0.0,0.0,-1,-1,0.0,0,0,0.0,0
6,244,13801,0,3786.304931640625,20,7525,1.0031718015670776,1.2660610675811768,1.0,3786.304931640625,2991.76806640625,0.0,0.0,-1,-1,0.0,0,0,0.0,0
6,245,13801,0,3853.221923828125,20,9729,1.000793695449829,1.278972864151001,1.0,3853.221923828125,3018.410888671875,0.0,0.0,-1,-1,0.0,0,0,0.0,0
6,246,13801,0,4302.22900390625,20,7527,1.0019869804382324,1.2194150686264038,1.0,4302.22900390625,3528.10888671875,0.0,0.0,-1,-1,0.0,0,0,0.0,0
6,247,13801,0,3365.966064453125,20,2413,1.001607894897461,1.3594244718551636,1.0,3365.966064453125,2498.633056640625,0.0,0.0,-1,-1,0.0,0,0,0.0,0
6,248,13801,0,3526.300048828125,20,7463,1.0013610124588013,1.3266078233718872,1.0,3526.300048828125,2666.77197265625,0.0,0.0,-1,-1,0.0,0,0,0.0,0
6,249,13801,0,5555.93310546875,20,9731,1.0027198791503906,1.1580572128295898,1.0,5555.93310546875,4801.8251953125,0.0,0.0,-1,-1,0.0,0,0,0.0,0
6,250,13801,0,3346.6630859375,20,2414,1.0023916959762573,1.3583719730377197,1.0,3346.6630859375,2472.35595703125,0.0,0.0,-1,-1,0.0,0,0,0.0,0
6,251,13801,0,3505.743896484375,20,10843,1.0051970481872559,1.3890472650527954,1.0,3505.743896484375,2551.10791015625,0.0,0.0,-1,-1,0.0,0,0,0.0,0
6,252,13801,0,3451.9150390625,20,10843,1.0038264989852905,1.3974940776824951,1.0,3451.9150390625,2509.52001953125,0.0,0.0,-1,-1,0.0,0,0,0.0,0
6,253,13801,0,3466.81005859375,20,7463,1.001207947731018,1.3309216499328613,1.0,3466.81005859375,2629.696044921875,0.0,0.0,-1,-1,0.0,0,0,0.0,0
6,254,13801,0,3614.909912109375,20,7526,1.0016257762908936,1.3060636520385742,1.0,3614.909912109375,2767.7900390625,0.0,0.0,-1,-1,0.0,0,0,0.0,0
6,255,13801,0,3538.172119140625,20,7524,1.0035418272018433,1.303646445274353,1.0,3538.172119140625,2716.342041015625,0.0,0.0,-1,-1,0.0,0,0,0.0,0
6,256,13801,0,3448.779052734375,20,2412,1.0024985074996948,1.3552088737487793,1.0,3448.779052734375,2557.387939453125,0.0,0.0,-1,-1,0.0,0,0,0.0,0
6,257,13801,0,3718.381103515625,20,9731,1.0031869411468506,1.2886364459991455,1.0,3718.381103515625,2885.51611328125,0.0,0.0,-1,-1,0.0,0,0,0.0,0
6,258,13801,0,3895.028076171875,20,2414,1.0024194717407227,1.2875930070877075,1.0,3895.028076171875,3083.449951171875,0.0,0.0,-1,-1,0.0,0,0,0.0,0
6,259,13801,0,3450.092041015625,20,2412,1.00342857837677,1.3546841144561768,1.0,3450.092041015625,2558.47412109375,0.0,0.0,-1,-1,0.0,0,0,0.0,0
6,260,13801,0,3450.81201171875,20,10843,1.0021913051605225,1.3831470012664795,1.0,3450.81201171875,2515.90087890625,0.0,0.0,-1,-1,0.0,0,0,0.0,0
6,261,13801,0,4241.30078125,20,7526,1.0028702020645142,1.2204416990280151,1.0,4241.30078125,3475.218017578125,0.0,0.0,-1,-1,0.0,0,0,0.0,0
6,262,13801,0,3489.389892578125,20,2414,1.001660943031311,1.338533639907837,1.0,3489.389892578125,2627.509033203125,0.0,0.0,-1,-1,0.0,0,0,0.0,0
6,263,13801,0,3527.15087890625,20,9729,1.0016436576843262,1.3239006996154785,1.0,3527.15087890625,2664.2109375,0.0,0.0,-1,-1,0.0,0,0,0.0,0
6,264,13801,0,3737.535888671875,20,7526,1.00294029712677,1.2768981456756592,1.0,3737.535888671875,2927.04296875,0.0,0.0,-1,-1,0.0,0,0,0.0,0
6,265,13801,0,3689.27490234375,20,7528,1.0026720762252808,1.288895845413208,1.0,3689.27490234375,2862.35302734375,0.0,0.0,-1,-1,0.0,0,0,0.0,0
6,266,13801,0,3558.589111328125,20,10845,1.0028212070465088,1.3532841205596924,1.0,3558.589111328125,2640.907958984375,0.0,0.0,-1,-1,0.0,0,0,0.0,0
6,267,13801,0,3702.451904296875,20,7527,1.0031819343566895,1.2872488498687744,1.0,3702.451904296875,2878.137939453125,0.0,0.0,-1,-1,0.0,0,0,0.0,0
6,268,13801,0,3358.402099609375,20,8848,1.0004844665527344,1.3644315004348755,1.0,3358.402099609375,2485.89697265625,0.0,0.0,-1,-1,0.0,0,0,0.0,0
6,269,13801,0,3691.089111328125,20,9731,1.001834750175476,1.2930437326431274,1.0,3691.089111328125,2854.573974609375,0.0,0.0,-1,-1,0.0,0,0,0.0,0
6,270,13801,0,3641.697998046875,20,2415,1.003821611404419,1.3136898279190063,1.0,3641.697998046875,2772.114013671875,0.0,0.0,-1,-1,0.0,0,0,0.0,0
6,271,13801,0,3725.427978515625,20,7527,1.0033268928527832,1.2840932607650757,1.0,3725.427978515625,2901.212890625,0.0,0.0,-1,-1,0.0,0,0,0.0,0
6,272,13801,0,3371.4560546875,20,8379,1.0010716915130615,1.390523910522461,1.0,3371.4560546875,2431.239013671875,0.0,0.0,-1,-1,0.0,0,0,0.0,0
6,273,13801,0,3550.22412109375,20,9728,1.0025272369384766,1.3191156387329102,1.0,3550.22412109375,2695.426025390625,0.0,0.0,-1,-1,0.0,0,0,0.0,0
6,274,13801,0,3556.02294921875,20,10843,1.0018949508666992,1.3728795051574707,1.0,3556.02294921875,2639.885986328125,0.0,0.0,-1,-1,0.0,0,0,0.0,0
6,275,13801,0,4528.2861328125,20,7527,1.002429485321045,1.2040774822235107,1.0,4528.2861328125,3760.79296875,0.0,0.0,-1,-1,0.0,0,0,0.0,0
6,276,13801,0,3798.780029296875,20,7526,1.0011014938354492,1.2704834938049316,1.0,3798.780029296875,2991.60693359375,0.0,0.0,-1,-1,0.0,0,0,0.0,0
6,277,13801,0,3617.930908203125,20,9729,1.0016775131225586,1.3018434047698975,1.0,3617.930908203125,2781.626953125,0.0,0.0,-1,-1,0.0,0,0,0.0,0
6,278,13801,0,3538.2060546875,20,8380,1.000273585319519,1.4028558731079102,1.0,3538.2060546875,2552.47509765625,0.0,0.0,-1,-1,0.0,0,0,0.0,0
6,279,13801,0,3874.068115234375,20,7525,1.0009816884994507,1.2623744010925293,1.0,3874.068115234375,3068.8740234375,0.0,0.0,-1,-1,0.0,0,0,0.0,0
6,280,13801,0,3690.614013671875,20,8382,1.0029802322387695,1.3803664445877075,1.0,3690.614013671875,2683.18505859375,0.0,0.0,-1,-1,0.0,0,0,0.0,0
6,281,13801,0,3425.6640625,20,2413,1.0038617849349976,1.3536567687988281,1.0,3425.6640625,2530.674072265625,0.0,0.0,-1,-1,0.0,0,0,0.0,0
6,282,13801,0,4008.014892578125,20,7527,1.0033655166625977,1.247674584388733,1.0,4008.014892578125,3212.387939453125,0.0,0.0,-1,-1,0.0,0,0,0.0,0
6,283,13801,0,4255.953125,20,9730,1.0010372400283813,1.2298707962036133,1.0,4255.953125,3466.554931640625,0.0,0.0,-1,-1,0.0,0,0,0.0,0
6,284,13801,0,3491.0791015625,20,10843,1.00149405002594,1.3889611959457397,1.0,3491.0791015625,2564.0,0.0,0.0,-1,-1,0.0,0,0,0.0,0
6,285,13801,0,3500.885986328125,20,7525,1.003501534461975,1.3187134265899658,1.0,3500.885986328125,2656.35888671875,0.0,0.0,-1,-1,0.0,0,0,0.0,0
6,286,13801,0,3960.3291015625,20,7525,1.0029056072235107,1.2474907636642456,1.0,3960.3291015625,3185.6708984375,0.0,0.0,-1,-1,0.0,0,0,0.0,0
6,287,13801,0,3554.0849609375,20,8382,1.0028384923934937,1.3817102909088135,1.0,3554.0849609375,2572.637939453125,0.0,0.0,-1,-1,0.0,0,0,0.0,0
6,288,13801,0,3444.943115234375,20,2412,1.0011489391326904,1.351654052734375,1.0,3444.943115234375,2592.258056640625,0.0,0.0,-1,-1,0.0,0,0,0.0,0
6,289,13801,0,4036.702880859375,20,7527,1.0020278692245483,1.2378214597702026,1.0,4036.702880859375,3261.135009765625,0.0,0.0,-1,-1,0.0,0,0,0.0,0
6,290,13801,0,3714.033935546875,20,2414,1.0039567947387695,1.3069181442260742,1.0,3714.033935546875,2860.14599609375,0.0,0.0,-1,-1,0.0,0,0,0.0,0
6,291,13801,0,4696.01904296875,20,7526,1.0009324550628662,1.1864749193191528,1.0,4696.01904296875,3963.64404296875,0.0,0.0,-1,-1,0.0,0,0,0.0,0
6,292,13801,0,3399.202880859375,20,2413,1.0025440454483032,1.355057716369629,1.0,3399.202880859375,2515.737060546875,0.0,0.0,-1,-1,0.0,0,0,0.0,0
6,293,13801,0,3564.111083984375,20,10843,1.0025200843811035,1.3733949661254883,1.0,3564.111083984375,2646.85400390625,0.0,0.0,-1,-1,0.0,0,0,0.0,0
6,294,13801,0,3432.5029296875,20,2412,1.0032442808151245,1.3529349565505981,1.0,3432.5029296875,2577.2548828125,0.0,0.0,-1,-1,0.0,0,0,0.0,0
6,295,13801,0,3510.916015625,20,2414,1.0019004344940186,1.337227463722229,1.0,3510.916015625,2626.846923828125,0.0,0.0,-1,-1,0.0,0,0,0.0,0
6,296,13801,0,3528.115966796875,20,8380,1.0020551681518555,1.388059139251709,1.0,3528.115966796875,2557.59912109375,0.0,0.0,-1,-1,0.0,0,0,0.0,0
6,297,13801,0,3425.72998046875,20,10842,1.0016294717788696,1.3863099813461304,1.0,3425.72998046875,2499.466064453125,0.0,0.0,-1,-1,0.0,0,0,0.0,0
6,298,13801,0,3532.860107421875,20,10843,1.0015223026275635,1.3738934993743896,1.0,3532.860107421875,2617.325927734375,0.0,0.0,-1,-1,0.0,0,0,0.0,0
6,299,13801,0,4257.240234375,20,7526,1.0012588500976562,1.22296142578125,1.0,4257.240234375,3481.091064453125,0.0,0.0,-1,-1,0.0,0,0,0.0,0
6,300,13801,0,3504.597900390625,20,10845,1.0027801990509033,1.3548669815063477,1.0,3504.597900390625,2597.98095703125,0.0,0.0,-1,-1,0.0,0,0,0.0,0
7,1,13801,0,14174.5419921875,20,8906,1.0017991065979004,1.0965256690979004,1.0,14174.5419921875,12926.7763671875,1.1747894287109375,10060.462890625,20,7564,1.007706880569458,0,0,0.0,0
7,2,13801,0,43553.13671875,13,9760,145.68629455566406,61.030418395996094,2.782418727874756,15652.9775390625,43553.13671875,61.030418395996094,43553.13671875,13,9760,145.68629455566406,1,0,43553.13671875,0
7,3,4275,0,11626.0693359375,20,2281,1.0009937286376953,1.1370601654052734,1.0,11626.0693359375,10242.888671875,1.151375412940979,10125.5986328125,20,2508,1.0002325773239136,0,0,0.0,0
7,4,13801,0,12886.689453125,20,7517,1.001976728439331,1.1119173765182495,1.0,12886.689453125,11595.279296875,1.1709668636322021,10092.7158203125,20,7563,0.9988107681274414,0,0,0.0,0
7,5,13801,0,17536.203125,20,2529,1.0042548179626465,1.0875855684280396,1.0,17536.203125,16123.9755859375,1.1949630975723267,10233.892578125,20,2512,0.9977912306785583,0,0,0.0,0
7,6,13801,0,11043.802734375,20,11651,1.0011776685714722,1.1365411281585693,1.0,11043.802734375,9717.0283203125,1.147019386291504,10089.6552734375,20,7557,0.9997788667678833,0,0,0.0,0
7,7,13801,0,13506.6552734375,20,7518,1.0019325017929077,1.1059091091156006,1.0,13506.6552734375,12213.1689453125,1.1669228076934814,10176.7763671875,20,7561,1.0007516145706177,0,0,0.0,0
7,8,13801,0,14482.486328125,20,7518,1.0026164054870605,1.0978922843933105,1.0,14482.486328125,13191.1728515625,1.1770581007003784,10024.9013671875,20,9766,1.0032953023910522,0,0,0.0,0
7,9,13801,0,12066.11328125,20,7517,1.001492977142334,1.1202001571655273,1.0,12066.11328125,10771.390625,1.1600689888000488,10147.107421875,20,7561,1.000407099723816,0,0,0.0,0
7,10,13801,0,11626.6806640625,20,11652,1.0018048286437988,1.1310648918151855,1.0,11626.6806640625,10296.666015625,1.1532676219940186,10105.166015625,20,7559,0.9997907280921936,0,0,0.0,0
7,11,13801,0,14923.80859375,20,3651,1.0040374994277954,1.1018989086151123,1.0,14923.80859375,13543.71875,1.1771303415298462,10522.201171875,20,4964,1.002425193786621,0,0,0.0,0
7,12,13801,0,11197.0576171875,20,2281,1.0004459619522095,1.1384997367858887,1.0,11197.0576171875,9841.8583984375,1.1459263563156128,10030.513671875,20,4959,0.99962317943573,0,0,0.0,0
7,13,13801,0,10957.052734375,20,11651,1.0010731220245361,1.1369602680206299,1.0,10957.052734375,9637.146484375,1.1463359594345093,10034.791015625,20,7556,0.9996320009231567,0,0,0.0,0
7,14,13801,0,14887.302734375,20,7518,1.0025991201400757,1.0950307846069336,1.0,14887.302734375,13595.328125,1.1841672658920288,10053.017578125,20,7564,1.0188605785369873,0,0,0.0,0
7,15,13801,0,13976.0869140625,20,8906,1.0015982389450073,1.0972541570663452,1.0,13976.0869140625,12738.46875,1.1722596883773804,10034.7001953125,20,7564,0.9971125721931458,0,0,0.0,0
7,16,13793,11,17349.080078125,20,8906,1.0026293992996216,1.0791268348693848,1.0,17349.080078125,16076.9609375,1.1920440196990967,10132.01953125,20,9768,1.0207417011260986,0,0,0.0,1
7,17,13801,0,11417.3759765625,20,11652,1.0009223222732544,1.132707953453064,1.0,11417.3759765625,10080.615234375,1.150084137916565,10083.4638671875,20,7558,0.9997750520706177,0,0,0.0,0
7,18,13801,0,11434.177734375,20,11651,1.001301646232605,1.1349778175354004,1.0,11434.177734375,10087.9638671875,1.14945650100708,10062.5087890625,20,2507,0.9998910427093506,0,0,0.0,0
7,19,13801,0,12275.294921875,20,11652,1.0017722845077515,1.12587571144104,1.0,12275.294921875,10905.4755859375,1.1579042673110962,10196.580078125,20,4962,1.0000745058059692,0,0,0.0,0
7,20,13801,0,11816.236328125,20,11652,1.0013540983200073,1.1303541660308838,1.0,11816.236328125,10467.62109375,1.1563800573349,10126.3876953125,20,7560,1.0000052452087402,0,0,0.0,0
7,21,13801,0,13573.1796875,20,11652,1.0028190612792969,1.1147007942199707,1.0,13573.1796875,12187.57421875,1.1715377569198608,10107.044921875,20,4963,1.000869631767273,0,0,0.0,0
7,22,13801,0,11329.5771484375,20,7516,1.000717282295227,1.1293843984603882,1.0,11329.5771484375,10034.62109375,1.15129816532135,10035.3720703125,20,7558,0.9999794960021973,0,0,0.0,0
7,23,13801,0,11112.1533203125,20,11651,1.0011307001113892,1.1362978219985962,1.0,11112.1533203125,9779.26171875,1.1468974351882935,10002.060546875,20,7556,0.9995751976966858,0,0,0.0,0
7,24,13801,0,11281.423828125,20,11651,1.0002624988555908,1.1350574493408203,1.0,11281.423828125,9951.1923828125,1.147973656654358,10014.8349609375,20,2506,0.9996232390403748,0,0,0.0,0
7,25,5085,0,12985.3134765625,20,3703,1.0018947124481201,1.1149027347564697,1.0,12985.3134765625,11667.9052734375,1.166945219039917,10212.21484375,20,1955,1.0021353960037231,0,0,0.0,0
7,26,13801,0,11857.4365234375,20,11652,1.0018413066864014,1.1295230388641357,1.0,11857.4365234375,10507.42578125,1.1549733877182007,10055.1064453125,20,7559,0.9995051026344299,0,0,0.0,0
7,27,13801,0,11833.568359375,20,11652,1.0018702745437622,1.1299875974655151,1.0,11833.568359375,10481.4765625,1.1556533575057983,10166.7451171875,20,7560,1.0000585317611694,0,0,0.0,0
7,28,13801,0,13814.91796875,20,7517,1.0023059844970703,1.1042643785476685,1.0,13814.91796875,12529.5263671875,1.1750119924545288,10325.052734375,20,7565,0.993757963180542,0,0,0.0,0
7,29,13801,0,16282.8974609375,20,2286,1.005685806274414,1.103765606880188,1.0,16282.8974609375,14752.1328125,1.1773617267608643,10283.80078125,20,2273,1.0063669681549072,0,0,0.0,0
7,30,13801,0,12678.609375,20,7517,1.000989317893982,1.1144373416900635,1.0,12678.609375,11393.0478515625,1.1678204536437988,10202.04296875,20,7563,0.9989191293716431,0,0,0.0,0
7,31,13801,0,16658.7578125,20,8906,1.0024460554122925,1.0820422172546387,1.0,16658.7578125,16024.328125,325.1426086425781,16024.328125,12,8097,16024.328125,1,0,16024.328125,0
7,32,12173,11,13524.0380859375,20,7518,1.0022578239440918,1.1047637462615967,1.0,13524.0380859375,12241.5654296875,1.1757467985153198,10045.2587890625,20,7563,0.9971012473106384,0,0,0.0,1
7,33,13801,0,11550.09375,20,2283,1.0018250942230225,1.1337264776229858,1.0,11550.09375,10187.7255859375,1.1496431827545166,10213.912109375,20,4961,0.99944669008255,0,0,0.0,0
7,34,13801,0,12513.1435546875,20,7517,1.0016040802001953,1.1150821447372437,1.0,12513.1435546875,11221.7236328125,1.1620392799377441,10144.0556640625,20,7561,1.0004127025604248,0,0,0.0,0
7,35,13801,0,11268.39453125,20,11651,1.0004585981369019,1.1353386640548706,1.0,11268.39453125,9932.4833984375,1.1475651264190674,10027.8681640625,20,2506,0.9996616840362549,0,0,0.0,0
7,36,13801,0,12320.482421875,20,3649,1.0015051364898682,1.1240917444229126,1.0,12320.482421875,10981.5810546875,1.1601110696792603,10229.4873046875,20,2510,1.0007972717285156,0,0,0.0,0
7,37,13801,0,12971.3330078125,20,7517,1.0018590688705444,1.1116182804107666,1.0,12971.3330078125,11678.869140625,1.1680516004562378,10129.974609375,20,7562,1.001115083694458,0,0,0.0,0
7,38,13801,0,13639.12109375,20,7518,1.0023988485336304,1.104006052017212,1.0,13639.12109375,12354.208984375,1.1736980676651,10352.3935546875,20,7565,0.9951985478401184,0,0,0.0,0
7,39,13801,0,11467.05078125,20,7516,1.0007144212722778,1.1285148859024048,1.0,11467.05078125,10171.7490234375,1.153794765472412,10057.87109375,20,7559,0.9996410608291626,0,0,0.0,0
7,40,13801,0,12392.8642578125,20,7517,1.0010271072387695,1.1173336505889893,1.0,12392.8642578125,11104.22265625,1.1639798879623413,10052.38671875,20,7561,1.0004379749298096,0,0,0.0,0
7,41,13801,0,14467.3994140625,20,7517,1.0024325847625732,1.0986078977584839,1.0,14467.3994140625,13188.8330078125,1.1835944652557373,10006.75390625,20,7564,1.0197093486785889,0,0,0.0,0
7,42,13801,0,14748.013671875,20,8905,1.001976728439331,1.09714937210083,1.0,14748.013671875,13449.6865234375,1.1847870349884033,10090.76171875,20,7565,1.003847360610962,0,0,0.0,0
7,43,13801,0,12629.478515625,20,7517,1.0016628503799438,1.113673210144043,1.0,12629.478515625,11340.380859375,1.163935661315918,10072.763671875,20,9765,1.0007362365722656,0,0,0.0,0
7,44,13801,0,12882.2978515625,20,7517,1.0012388229370117,1.1109721660614014,1.0,12882.2978515625,11601.9345703125,1.169540286064148,10008.6923828125,20,9766,1.0055763721466064,0,0,0.0,0
7,45,13801,0,11345.447265625,20,7516,1.0005347728729248,1.1293213367462158,1.0,11345.447265625,10052.14453125,1.152687668800354,10084.576171875,20,7559,0.9996249675750732,0,0,0.0,0
7,46,13801,0,12428.0576171875,20,7517,1.0016734600067139,1.1145045757293701,1.0,12428.0576171875,11151.1943359375,1.1666374206542969,10135.1884765625,20,7563,1.000778317451477,0,0,0.0,0
7,47,13801,0,11836.87890625,20,11652,1.0010713338851929,1.13083815574646,1.0,11836.87890625,10484.783203125,1.1546885967254639,10034.2392578125,20,7559,1.0000500679016113,0,0,0.0,0
7,48,13801,0,11883.55859375,20,11652,1.002201795578003,1.1299952268600464,1.0,11883.55859375,10516.4677734375,1.1549779176712036,10244.2548828125,20,4962,1.000154972076416,0,0,0.0,0
7,49,13801,0,11146.279296875,20,7516,1.0009632110595703,1.130111813545227,1.0,11146.279296875,9862.98828125,1.1495996713638306,10083.3779296875,20,7558,0.9999004602432251,0,0,0.0,0
7,50,13801,0,11110.4140625,20,2281,1.0005691051483154,1.1385650634765625,1.0,11110.4140625,9761.0439453125,1.1458790302276611,10008.4697265625,20,4959,0.9996521472930908,0,0,0.0,0
7,51,13801,0,13975.8271484375,20,2284,1.0046648979187012,1.1216228008270264,1.0,13975.8271484375,12460.3623046875,1.1671477556228638,10198.6025390625,20,2687,1.0004463195800781,0,0,0.0,0
7,52,13801,0,11561.7958984375,20,11652,1.000800609588623,1.1318094730377197,1.0,11561.7958984375,10224.5634765625,1.152894139289856,10108.2314453125,20,7559,0.9997373819351196,0,0,0.0,0
7,53,13801,0,10946.8212890625,20,11651,1.0009653568267822,1.1373387575149536,1.0,10946.8212890625,9624.943359375,1.145691156387329,10053.251953125,20,7556,0.999681293964386,0,0,0.0,0
7,54,13801,0,13323.3779296875,20,7518,1.002333641052246,1.1085246801376343,1.0,13323.3779296875,12019.017578125,1.1707621812820435,10126.7119140625,20,7562,1.0031993389129639,0,0,0.0,0
7,55,13801,0,10953.26953125,20,2280,1.0007426738739014,1.1400413513183594,1.0,10953.26953125,9607.7822265625,1.1452840566635132,10027.607421875,20,4959,0.9994755387306213,0,0,0.0,0
7,56,13801,0,11702.5966796875,20,11652,1.001341700553894,1.1309643983840942,1.0,11702.5966796875,10355.791015625,1.1552809476852417,10020.69140625,20,7559,0.9998380541801453,0,0,0.0,0
7,57,13801,0,14183.421875,20,11652,1.0033903121948242,1.111281156539917,1.0,14183.421875,12789.6435546875,1.1753674745559692,10334.134765625,20,4964,0.9984613060951233,0,0,0.0,0
7,58,13801,0,11938.6962890625,20,11652,1.0016239881515503,1.130003809928894,1.0,11938.6962890625,10581.7333984375,1.155903697013855,10147.3291015625,20,2509,1.0004452466964722,0,0,0.0,0
7,59,13801,0,11297.2138671875,20,2280,1.0016067028045654,1.1396572589874268,1.0,11297.2138671875,9925.412109375,1.1475403308868408,10102.6484375,20,10886,0.9993717670440674,0,0,0.0,0
7,60,13801,0,12337.6376953125,20,2283,1.0009528398513794,1.1312737464904785,1.0,12337.6376953125,10930.0859375,1.1547480821609497,10055.74609375,20,11685,1.0001356601715088,0,0,0.0,0
7,61,13801,0,11279.40625,20,2281,1.000389575958252,1.1383490562438965,1.0,11279.40625,9915.4853515625,1.1476577520370483,10082.3076171875,20,4960,1.0001826286315918,0,0,0.0,0
7,62,13801,0,14382.494140625,20,8905,1.002152919769287,1.0996640920639038,1.0,14382.494140625,13088.705078125,24.520078659057617,10289.7041015625,13,9762,69.83077239990234,1,0,10289.7041015625,0
7,63,13801,0,13722.4052734375,20,7518,1.002426266670227,1.1036522388458252,1.0,13722.4052734375,12433.630859375,1.1767737865447998,10153.892578125,20,7564,0.9988255500793457,0,0,0.0,0
7,64,13801,0,10938.6865234375,20,8903,1.0004268884658813,1.1318047046661377,1.0,10938.6865234375,9666.7587890625,1.147019386291504,10075.1181640625,20,9761,0.99969881772995,0,0,0.0,0
7,65,13801,0,13023.0654296875,20,3650,1.0020676851272583,1.1167508363723755,1.0,13023.0654296875,11665.9775390625,1.1654000282287598,10001.3779296875,20,4962,1.000400424003601,0,0,0.0,0
7,66,13801,0,13481.6630859375,20,2528,1.0013409852981567,1.1116008758544922,1.0,13481.6630859375,12154.1484375,1.1705108880996704,10245.2724609375,20,2511,1.001935362815857,0,0,0.0,0
7,67,13801,0,12271.1484375,20,11653,1.0011415481567383,1.123983383178711,1.0,12271.1484375,10917.5537109375,1.1574116945266724,10018.4384765625,20,7559,0.9994454979896545,0,0,0.0,0
7,68,13801,0,31218.703125,0,12801,6.423877716064453,1.0303915739059448,2.3398277759552,13342.3076171875,30297.90234375,1.1609865427017212,10032.349609375,20,7563,1.0002716779708862,0,0,0.0,0
7,69,13801,0,11720.4921875,20,2281,1.0011969804763794,1.1374571323394775,1.0,11720.4921875,10319.1337890625,1.1507357358932495,10094.9921875,20,10887,0.9994787573814392,0,0,0.0,0
7,70,13801,0,11505.5927734375,20,2281,1.001023769378662,1.1372979879379272,1.0,11505.5927734375,10139.3349609375,1.149599313735962,10196.9189453125,20,4961,0.9993461966514587,0,0,0.0,0
7,71,13801,0,12901.158203125,20,7517,1.0017200708389282,1.1116074323654175,1.0,12901.158203125,11608.1748046875,1.1694785356521606,10037.8486328125,20,7562,1.0006331205368042,0,0,0.0,0
7,72,13801,0,14372.6884765625,20,7518,1.00243079662323,1.0995734930038452,1.0,14372.6884765625,13071.1484375,1.1756755113601685,10331.638671875,20,7564,1.0031092166900635,0,0,0.0,0
7,73,13801,0,13623.9140625,20,8905,1.0019110441207886,1.1045736074447632,1.0,13623.9140625,12338.4814453125,1.1733745336532593,10220.626953125,20,7564,1.0075551271438599,0,0,0.0,0
7,74,13801,0,12200.736328125,20,8905,1.0012147426605225,1.116418480873108,1.0,12200.736328125,10928.4619140625,1.1627384424209595,10075.61328125,20,9766,0.9999013543128967,0,0,0.0,0
7,75,13801,0,11993.521484375,20,11652,1.0019407272338867,1.1288009881973267,1.0,11993.521484375,10625.009765625,1.1560975313186646,10218.6162109375,20,4962,1.0003035068511963,0,0,0.0,0
7,76,13801,0,12666.685546875,20,2284,1.001573920249939,1.1256630420684814,1.0,12666.685546875,11269.7451171875,1.1575700044631958,10162.033203125,20,11685,0.9995776414871216,0,0,0.0,0
7,77,13801,0,13621.4140625,20,7518,1.0019736289978027,1.104906678199768,1.0,13621.4140625,12328.1123046875,1.171895980834961,10359.2958984375,20,7564,1.0066721439361572,0,0,0.0,0
7,78,13801,0,11679.1259765625,20,11652,1.0019521713256836,1.1307568550109863,1.0,11679.1259765625,10329.4130859375,1.151937484741211,10159.1865234375,20,7559,1.0002552270889282,0,0,0.0,0
7,79,13801,0,11214.072265625,20,7516,1.0003336668014526,1.1305664777755737,1.0,11214.072265625,9922.841796875,1.1502715349197388,10064.623046875,20,7558,0.9999105334281921,0,0,0.0,0
7,80,13801,0,14675.4921875,20,8905,1.0020697116851807,1.0973323583602905,1.0,14675.4921875,14322.2568359375,11.551436424255371,14322.2568359375,13,7566,180.7418670654297,1,0,14322.2568359375,0
7,81,13801,0,14836.767578125,20,7518,1.0027034282684326,1.0937504768371582,1.0,14836.767578125,13565.0390625,1.1849613189697266,10040.3642578125,20,7564,1.0179102420806885,0,0,0.0,0
7,82,13801,0,12072.1884765625,20,8905,1.0013232231140137,1.1170921325683594,1.0,12072.1884765625,10806.7978515625,1.1642261743545532,10013.2021484375,20,9767,0.9998966455459595,0,0,0.0,0
7,83,11993,11,15322.2978515625,20,7518,1.0027085542678833,1.0946227312088013,1.0,15322.2978515625,13997.7880859375,1.1859511137008667,10094.9052734375,20,7563,1.0039304494857788,0,0,0.0,1
7,84,13801,0,11457.2763671875,20,11652,1.001768946647644,1.1321665048599243,1.0,11457.2763671875,10119.7802734375,1.1498446464538574,10099.3447265625,20,7558,0.9996266961097717,0,0,0.0,0
7,85,13801,0,143459.03125,12,9758,207.9215850830078,8.211976051330566,9.734256744384766,14737.54296875,143459.03125,8.211976051330566,143459.03125,12,9758,207.9215850830078,1,1,143459.03125,0
7,86,13801,0,12883.1357421875,20,3650,1.0026304721832275,1.1185029745101929,1.0,12883.1357421875,11518.1953125,1.1653412580490112,10251.0244140625,20,4963,1.0004005432128906,0,0,0.0,0
7,87,13801,0,11017.2177734375,20,7516,1.000727653503418,1.132317066192627,1.0,11017.2177734375,9729.798828125,1.1475539207458496,10072.943359375,20,7557,1.000001072883606,0,0,0.0,0
7,88,13801,0,11213.7119140625,20,11651,1.0001726150512695,1.135346531867981,1.0,11213.7119140625,9886.5009765625,1.147234559059143,10046.62109375,20,2506,0.9995677471160889,0,0,0.0,0
7,89,13801,0,13273.9267578125,20,7517,1.00155770778656,1.1082528829574585,1.0,13273.9267578125,11992.9736328125,1.1739680767059326,10042.6572265625,20,7563,0.9973388910293579,0,0,0.0,0
7,90,13801,0,13810.7890625,20,2529,1.0021259784698486,1.1070448160171509,1.0,13810.7890625,12475.365234375,1.1764880418777466,10065.7763671875,20,2511,1.004060983657837,0,0,0.0,0
7,91,13801,0,11631.3701171875,20,11652,1.0012190341949463,1.1314336061477661,1.0,11631.3701171875,10286.1142578125,1.1539907455444336,10063.859375,20,7559,0.9996346831321716,0,0,0.0,0
7,92,13801,0,42883.47265625,14,9769,23.446250915527344,6.942196846008301,1.3783491849899292,31112.197265625,42883.47265625,6.942196846008301,42883.47265625,14,9769,23.446250915527344,1,0,42883.47265625,0
7,93,13545,0,14579.2802734375,20,10862,1.0015701055526733,1.1174702644348145,1.0,14579.2802734375,13076.4169921875,1.1744788885116577,10002.8076171875,20,10889,0.999374270439148,0,0,0.0,0
7,94,13801,0,12043.55859375,20,11653,1.0019441843032837,1.1267987489700317,1.0,12043.55859375,10688.2958984375,1.157120943069458,10131.4267578125,20,7560,0.9997439384460449,0,0,0.0,0
7,95,13801,0,11500.2890625,20,2283,1.0019609928131104,1.1337100267410278,1.0,11500.2890625,10143.9423828125,1.1481996774673462,10104.099609375,20,4960,0.9996711015701294,0,0,0.0,0
7,96,13801,0,12216.2158203125,20,7517,1.0015991926193237,1.1198651790618896,1.0,12216.2158203125,10913.4287109375,1.1604024171829224,10194.36328125,20,7561,1.000396966934204,0,0,0.0,0
7,97,13801,0,12068.951171875,20,11652,1.0018311738967896,1.1283880472183228,1.0,12068.951171875,10713.07421875,1.1550861597061157,10069.8447265625,20,7559,0.9996181726455688,0,0,0.0,0
7,98,13801,0,12308.8994140625,20,11653,1.0023564100265503,1.1243951320648193,1.0,12308.8994140625,10963.740234375,1.159889578819275,10238.8994140625,20,7561,1.000464916229248,0,0,0.0,0
7,99,13801,0,12213.75390625,20,2283,1.0012556314468384,1.1312758922576904,1.0,12213.75390625,10797.193359375,1.1580246686935425,10106.95703125,20,11685,0.9998650550842285,0,0,0.0,0
7,100,13801,0,11505.1376953125,20,7517,1.0009568929672241,1.125321865081787,1.0,11505.1376953125,10223.8642578125,1.1559988260269165,10069.96875,20,7560,1.000049114227295,0,0,0.0,0
7,101,13801,0,12040.1015625,20,11653,1.001930594444275,1.1266454458236694,1.0,12040.1015625,10702.0322265625,1.159592866897583,10184.7451171875,20,7561,1.0004205703735352,0,0,0.0,0
7,102,13801,0,12451.4384765625,20,7517,1.001151442527771,1.1144737005233765,1.0,12451.4384765625,11172.4833984375,1.1592373847961426,10103.375,20,7560,0.9994997382164001,0,0,0.0,0
7,103,13801,0,12066.9609375,20,11652,1.0021171569824219,1.127743124961853,1.0,12066.9609375,10700.09765625,1.1555112600326538,10258.8330078125,20,4962,1.0002576112747192,0,0,0.0,0
7,104,13801,0,13039.2216796875,20,7517,1.0020920038223267,1.110721230506897,1.0,13039.2216796875,11747.25390625,1.1733496189117432,10144.091796875,20,7564,1.0012387037277222,0,0,0.0,0
7,105,10260,0,12012.8876953125,20,3649,1.00093674659729,1.1259969472885132,1.0,12012.8876953125,10687.0302734375,1.1534522771835327,10134.9033203125,20,2508,1.0002237558364868,0,0,0.0,0
7,106,13801,0,11275.611328125,20,11651,1.001366376876831,1.135499358177185,1.0,11275.611328125,9930.0908203125,1.1498665809631348,10074.0498046875,20,7558,0.9998277425765991,0,0,0.0,0
7,107,13801,0,11950.873046875,20,7517,1.0013808012008667,1.1213637590408325,1.0,11950.873046875,10657.4453125,1.156093955039978,10026.994140625,20,7559,0.9995986819267273,0,0,0.0,0
7,108,13801,0,13037.689453125,20,2285,1.0020172595977783,1.122559905052185,1.0,13037.689453125,11614.248046875,1.1602503061294556,10098.7724609375,20,11686,0.9990108609199524,0,0,0.0,0
7,109,13801,0,12453.439453125,20,3649,1.002345323562622,1.1236979961395264,1.0,12453.439453125,11102.3486328125,1.1643176078796387,10072.4208984375,20,2510,1.0002566576004028,0,0,0.0,0
7,110,13801,0,13008.41796875,20,7518,1.0021748542785645,1.1112335920333862,1.0,13008.41796875,11706.2861328125,1.1670056581497192,10229.6943359375,20,7562,1.0012216567993164,0,0,0.0,0
7,111,13801,0,17483.79296875,20,7518,1.0032684803009033,1.0816372632980347,1.0,17483.79296875,16164.1923828125,1.1948890686035156,10091.8759765625,20,7564,1.0027724504470825,0,0,0.0,0
7,112,13801,0,11408.4619140625,20,2281,1.0005415678024292,1.1379650831222534,1.0,11408.4619140625,10034.044921875,1.1492376327514648,10023.1123046875,20,4960,0.9988040924072266,0,0,0.0,0
7,113,13801,0,12047.55859375,20,7517,1.0014591217041016,1.1202411651611328,1.0,12047.55859375,10754.4326171875,1.1593129634857178,10036.0927734375,20,7560,0.9987561702728271,0,0,0.0,0
7,114,13801,0,15520.369140625,20,8906,1.002211093902588,1.0885182619094849,1.0,15520.369140625,14258.2529296875,1.1867091655731201,10016.548828125,20,9769,0.9971139430999756,0,0,0.0,0
7,115,13801,0,11504.3359375,20,7517,1.0013830661773682,1.1252121925354004,1.0,11504.3359375,10224.1474609375,1.1538965702056885,10048.2099609375,20,7559,0.999607503414154,0,0,0.0,0
7,116,13801,0,12662.98046875,20,7517,1.0017039775848389,1.116075038909912,1.0,12662.98046875,11362.8662109375,1.1641123294830322,10116.34375,20,7561,1.0005096197128296,0,0,0.0,0
7,117,13801,0,62282.63671875,13,6880,790.1281127929688,40.71516418457031,2.87241530418396,21683.01953125,62282.63671875,46228.515625,46228.515625,9,9754,46228.515625,2,1,62282.63671875,0
7,118,13801,0,11141.84375,20,11651,1.0011202096939087,1.1359233856201172,1.0,11141.84375,9808.6220703125,1.1481115818023682,10048.08984375,20,7557,1.000057339668274,0,0,0.0,0
7,119,13801,0,11982.1572265625,20,11652,1.001745581626892,1.128552794456482,1.0,11982.1572265625,10662.7333984375,1.1564816236495972,10170.90625,20,7560,0.9999727606773376,0,0,0.0,0
7,120,13801,0,13444.236328125,20,2529,1.0020151138305664,1.1095048189163208,1.0,13444.236328125,12117.330078125,1.1696363687515259,10276.607421875,20,2511,1.0018357038497925,0,0,0.0,0
7,121,13801,0,12240.873046875,20,7517,1.0016186237335205,1.117290735244751,1.0,12240.873046875,10955.8525390625,1.1603741645812988,10152.8037109375,20,7561,1.0000087022781372,0,0,0.0,0
7,122,13801,0,12498.9990234375,20,7517,1.0016052722930908,1.116635799407959,1.0,12498.9990234375,11201.748046875,1.1636961698532104,10221.3916015625,20,7562,0.9998031258583069,0,0,0.0,0
7,123,13801,0,14906.44140625,20,7518,1.0024429559707642,1.0956851243972778,1.0,14906.44140625,13604.67578125,1.183143138885498,10125.2509765625,20,7564,1.0079128742218018,0,0,0.0,0
7,124,13801,0,14910.314453125,20,7518,1.0024486780166626,1.094207763671875,1.0,14910.314453125,13626.5849609375,1.184342384338379,10159.1845703125,20,7565,0.9936044812202454,0,0,0.0,0
7,125,13801,0,17959.435546875,20,8906,1.0023155212402344,1.0741626024246216,1.0,17959.435546875,16725.78515625,1.189131498336792,10139.8017578125,20,9769,1.0098655223846436,0,0,0.0,0
7,126,13801,0,10998.267578125,20,10895,1.0016940832138062,1.1401160955429077,1.0,10998.267578125,9646.62109375,1.1452292203903198,10167.8662109375,20,10886,0.9997232556343079,0,0,0.0,0
7,127,13801,0,12731.810546875,20,7518,1.0019934177398682,1.1126803159713745,1.0,12731.810546875,11442.4697265625,1.1658680438995361,10187.41796875,20,7562,1.000709056854248,0,0,0.0,0
7,128,13801,0,13537.5986328125,20,7517,1.0016069412231445,1.1047385931015015,1.0,13537.5986328125,12258.6494140625,1.1749441623687744,10040.421875,20,9767,0.9970776438713074,0,0,0.0,0
7,129,13801,0,13176.990234375,20,7518,1.002294659614563,1.1103793382644653,1.0,13176.990234375,11867.107421875,1.1686853170394897,10075.59375,20,7561,0.9991683959960938,0,0,0.0,0
7,130,13801,0,12333.9990234375,20,11652,1.0017297267913818,1.1253502368927002,1.0,12333.9990234375,10960.142578125,1.1577664613723755,10172.4697265625,20,4962,1.0002692937850952,0,0,0.0,0
7,131,13801,0,12288.2236328125,20,7517,1.0016868114471436,1.118527889251709,1.0,12288.2236328125,10986.068359375,1.1630797386169434,10067.392578125,20,7561,1.0004959106445312,0,0,0.0,0
7,132,13298,11,630876.8125,13,6876,22567.583984375,576.5244140625,30.82619857788086,20465.60546875,630876.8125,576.5244140625,630876.8125,13,6876,22567.583984375,4,1,630876.8125,1
7,133,13801,0,16510.18359375,20,8906,1.0021393299102783,1.081557035446167,1.0,16510.18359375,15265.19921875,1.1849186420440674,10133.345703125,20,9769,1.0126734972000122,0,0,0.0,0
7,134,13801,0,11616.4091796875,20,11652,1.001042366027832,1.1321948766708374,1.0,11616.4091796875,10265.099609375,1.1514445543289185,10107.5263671875,20,4961,0.9999550580978394,0,0,0.0,0
7,135,13801,0,12432.5263671875,20,2283,1.0016306638717651,1.1310046911239624,1.0,12432.5263671875,10992.4619140625,1.1579272747039795,10272.5400390625,20,11686,1.000777244567871,0,0,0.0,0
7,136,13801,0,11307.2509765625,20,7516,1.0005815029144287,1.1297458410263062,1.0,11307.2509765625,10013.3251953125,1.1504238843917847,10071.88671875,20,7558,0.9998292922973633,0,0,0.0,0
7,137,13568,11,10927.26171875,20,11650,1.0007514953613281,1.1379600763320923,1.0,10927.26171875,9606.2421875,1.144843578338623,10053.8994140625,20,2505,0.99986332654953,0,0,0.0,1
7,138,13801,0,12183.498046875,20,11652,1.0022094249725342,1.1267917156219482,1.0,12183.498046875,10812.5556640625,1.1571983098983765,10213.3349609375,20,4962,1.0000863075256348,0,0,0.0,0
7,139,13801,0,12577.7939453125,20,3650,1.002457857131958,1.1189467906951904,1.0,12577.7939453125,11240.744140625,1.16057288646698,10103.810546875,20,2509,1.0005003213882446,0,0,0.0,0
7,140,13801,0,11593.62890625,20,11652,1.0010018348693848,1.1316211223602295,1.0,11593.62890625,10252.822265625,1.153810739517212,10072.6513671875,20,7559,0.9995469450950623,0,0,0.0,0
7,141,13801,0,11669.79296875,20,7516,1.0013333559036255,1.1228021383285522,1.0,11669.79296875,10393.455078125,1.1514912843704224,10040.9482421875,20,9762,0.9989418983459473,0,0,0.0,0
7,142,8550,0,12493.6796875,20,7517,1.0017433166503906,1.1149773597717285,1.0,12493.6796875,11205.3212890625,1.1665879487991333,10061.400390625,20,7562,1.000801682472229,0,0,0.0,0
7,143,13801,0,11280.9189453125,20,2281,1.0007537603378296,1.1380988359451294,1.0,11280.9189453125,9920.0546875,1.1462663412094116,10181.701171875,20,10886,0.999552845954895,0,0,0.0,0
7,144,13801,0,12345.275390625,20,11653,1.0024504661560059,1.1243140697479248,1.0,12345.275390625,10993.845703125,1.1622998714447021,10146.48828125,20,7561,1.0004595518112183,0,0,0.0,0
7,145,13801,0,11326.0224609375,20,2281,1.0007507801055908,1.1379547119140625,1.0,11326.0224609375,9963.1630859375,1.146809458732605,10157.083984375,20,4960,0.9996069073677063,0,0,0.0,0
7,146,13801,0,11841.62109375,20,11652,1.0020980834960938,1.1303355693817139,1.0,11841.62109375,10481.3701171875,1.1531429290771484,10038.041015625,20,4961,0.9998912215232849,0,0,0.0,0
7,147,13801,0,11490.59765625,20,2282,1.0010348558425903,1.1366304159164429,1.0,11490.59765625,10109.3525390625,1.1485981941223145,10047.4423828125,20,10886,0.9998953342437744,0,0,0.0,0
7,148,13801,0,17017.69921875,20,11653,1.0059335231781006,1.0941017866134644,1.0,17017.69921875,15554.0361328125,1.1823735237121582,10265.2724609375,20,11782,1.0102639198303223,0,0,0.0,0
7,149,13801,0,12154.716796875,20,7517,1.0004953145980835,1.1184651851654053,1.0,12154.716796875,10872.640625,1.162611484527588,10033.919921875,20,7561,1.000275731086731,0,0,0.0,0
7,150,13801,0,11752.078125,20,2283,1.001519799232483,1.131951093673706,1.0,11752.078125,10382.142578125,1.1508190631866455,10201.765625,20,4961,1.0002468824386597,0,0,0.0,0
7,151,13801,0,14788.2138671875,20,8905,1.0019012689590454,1.096388578414917,1.0,14788.2138671875,13508.06640625,1.1851470470428467,10018.609375,20,9769,0.9959800839424133,0,0,0.0,0
7,152,13801,0,12047.4384765625,20,7517,1.001733422279358,1.1217457056045532,1.0,12047.4384765625,10745.1064453125,1.158787488937378,10078.2578125,20,7560,0.9991851449012756,0,0,0.0,0
7,153,13801,0,11964.3212890625,20,11652,1.0019689798355103,1.128995656967163,1.0,11964.3212890625,10597.3134765625,1.1558334827423096,10222.453125,20,4962,1.000341773033142,0,0,0.0,0
7,154,9585,0,11264.029296875,20,7516,1.0008338689804077,1.1293333768844604,1.0,11264.029296875,9974.0517578125,1.1515597105026245,10115.1669921875,20,7559,1.000061273574829,0,0,0.0,0
7,155,13801,0,12546.5927734375,20,3650,1.0023480653762817,1.1195498704910278,1.0,12546.5927734375,11206.8193359375,1.1594172716140747,10149.3115234375,20,2509,1.000511884689331,0,0,0.0,0
7,156,13801,0,12753.51171875,20,11653,1.0029559135437012,1.1211456060409546,1.0,12753.51171875,11375.4287109375,1.160691499710083,10152.796875,20,11685,1.0000627040863037,0,0,0.0,0
7,157,13801,0,13332.3203125,20,11652,1.0031521320343018,1.1163051128387451,1.0,13332.3203125,11943.2587890625,1.1684502363204956,10157.373046875,20,4963,1.0007795095443726,0,0,0.0,0
7,158,13801,0,14994.8349609375,20,8905,1.0025463104248047,1.0949469804763794,1.0,14994.8349609375,13708.0078125,1.1872121095657349,10028.93359375,20,7567,0.9941676259040833,0,0,0.0,0
7,159,13801,0,11610.14453125,20,2283,1.0018348693847656,1.133528470993042,1.0,11610.14453125,10242.4814453125,1.1510933637619019,10146.8837890625,20,4961,1.0000200271606445,0,0,0.0,0
7,160,13801,0,11509.751953125,20,2282,1.0005638599395752,1.1359524726867676,1.0,11509.751953125,10139.5458984375,1.148549199104309,10086.154296875,20,4960,0.9995563626289368,0,0,0.0,0
7,161,13801,0,12508.2529296875,20,3706,1.000532627105713,1.1100934743881226,1.0,12508.2529296875,11270.1845703125,1.1614537239074707,10071.208984375,20,9766,1.0002543926239014,0,0,0.0,0
7,162,13801,0,12180.25,20,8905,1.0012004375457764,1.115517020225525,1.0,12180.25,10920.4501953125,1.1592720746994019,10074.6787109375,20,9765,1.0003689527511597,0,0,0.0,0
7,163,13801,0,11355.2822265625,20,7516,1.001253604888916,1.127442479133606,1.0,11355.2822265625,10071.7177734375,1.1492801904678345,10030.8359375,20,7557,0.9994996190071106,0,0,0.0,0
7,164,13801,0,13636.6396484375,20,11652,1.002960205078125,1.1139379739761353,1.0,13636.6396484375,12241.830078125,1.1656030416488647,10251.1201171875,20,11685,0.9998423457145691,0,0,0.0,0
7,165,13801,0,11584.1416015625,20,2281,1.000781536102295,1.1378620862960815,1.0,11584.1416015625,10192.3271484375,1.1496100425720215,10153.5146484375,20,10887,0.998823881149292,0,0,0.0,0
7,166,13801,0,11255.349609375,20,7516,1.000714898109436,1.1297171115875244,1.0,11255.349609375,9963.3828125,1.150435209274292,10062.60546875,20,7558,0.9999045133590698,0,0,0.0,0
7,167,13801,0,11693.8603515625,20,2283,1.0018315315246582,1.133142113685608,1.0,11693.8603515625,10319.853515625,1.1529749631881714,10078.5107421875,20,4961,0.9986516833305359,0,0,0.0,0
7,168,13801,0,16360.45703125,20,7518,1.0032066106796265,1.089445948600769,1.0,16360.45703125,15017.2275390625,1.1903339624404907,10159.017578125,20,7563,1.022348165512085,0,0,0.0,0
7,169,13801,0,560741.25,13,4100,4619.06982421875,1167.9481201171875,32.763877868652344,17114.6171875,560741.25,1167.9481201171875,560741.25,13,4100,4619.06982421875,1,1,560741.25,0
7,170,13801,0,14114.9296875,20,7518,1.0027273893356323,1.103720784187317,1.0,14114.9296875,12788.4970703125,1.1797153949737549,10130.84765625,20,7563,0.9933220148086548,0,0,0.0,0
7,171,13801,0,13611.49609375,20,3650,1.002535343170166,1.1129511594772339,1.0,13611.49609375,12248.5673828125,1.1691555976867676,10282.3037109375,20,2511,1.0017215013504028,0,0,0.0,0
7,172,13801,0,11815.953125,20,7517,1.001534342765808,1.1228097677230835,1.0,11815.953125,10523.5576171875,1.1588319540023804,10143.6953125,20,7561,1.0002583265304565,0,0,0.0,0
7,173,13801,0,11310.4384765625,20,8903,1.000830054283142,1.1285544633865356,1.0,11310.4384765625,10033.7509765625,1.151369571685791,10002.2578125,20,9762,0.9984148144721985,0,0,0.0,0
7,174,13801,0,67753504.0,8,10233,32119.052734375,6.229940414428711,409.90411376953125,165291.109375,67753504.0,31964.46875,13464266.0,8,10249,10686.7529296875,17,17,67753504.0,1
7,175,13801,0,12091.154296875,20,7517,1.0015414953231812,1.1199687719345093,1.0,12091.154296875,10795.974609375,1.163941740989685,10099.5634765625,20,7562,1.0005067586898804,0,0,0.0,0
7,176,13801,0,12936.5517578125,20,7517,1.0014668703079224,1.1119461059570312,1.0,12936.5517578125,11648.2080078125,1.1719474792480469,10174.181640625,20,7564,1.0070730447769165,0,0,0.0,0
7,177,13801,0,12191.375,20,8905,1.0013142824172974,1.1170648336410522,1.0,12191.375,10913.7578125,1.1628299951553345,10005.1962890625,20,9765,1.000603437423706,0,0,0.0,0
7,178,13801,0,13230.7744140625,20,7518,1.0017061233520508,1.109675407409668,1.0,13230.7744140625,11923.103515625,1.1700389385223389,10290.8681640625,20,7563,0.9991049766540527,0,0,0.0,0
7,179,13801,0,11173.1064453125,20,2281,1.000367522239685,1.1386511325836182,1.0,11173.1064453125,9816.4609375,1.1470072269439697,10092.1943359375,20,4960,0.9998083710670471,0,0,0.0,0
7,180,13801,0,12116.01171875,20,3649,1.0017750263214111,1.1267226934432983,1.0,12116.01171875,10766.0439453125,1.158685326576233,10060.5849609375,20,2509,0.9997658133506775,0,0,0.0,0
7,181,13801,0,16034.744140625,20,8905,1.0027234554290771,1.0890871286392212,1.0,16034.744140625,14744.4560546875,1.1868631839752197,10241.9462890625,20,9769,1.000623106956482,0,0,0.0,0
7,182,13801,0,11890.630859375,20,7517,1.0013009309768677,1.1221582889556885,1.0,11890.630859375,10596.21484375,1.1562644243240356,10148.2841796875,20,7560,0.9998493194580078,0,0,0.0,0
7,183,13801,0,11980.5712890625,20,11652,1.001945972442627,1.1290321350097656,1.0,11980.5712890625,10611.3642578125,1.1549327373504639,10246.3232421875,20,4962,1.0003448724746704,0,0,0.0,0
7,184,13801,0,11853.845703125,20,11652,1.0022814273834229,1.1303367614746094,1.0,11853.845703125,10487.00390625,1.1557319164276123,10203.3115234375,20,4962,1.000648856163025,0,0,0.0,0
7,185,13801,0,13552.61328125,20,7517,1.0016071796417236,1.1045454740524292,1.0,13552.61328125,12273.9306640625,1.177391529083252,10038.4130859375,20,9768,1.0110944509506226,0,0,0.0,0
7,186,13801,0,12483.447265625,20,8905,1.0009211301803589,1.1140493154525757,1.0,12483.447265625,11206.8720703125,1.1661133766174316,10021.759765625,20,9766,1.0006614923477173,0,0,0.0,0
7,187,13801,0,12294.380859375,20,7517,1.001175045967102,1.1184061765670776,1.0,12294.380859375,11001.994140625,1.159822702407837,10218.4853515625,20,7561,0.9999596476554871,0,0,0.0,0
7,188,13801,0,11337.5068359375,20,8432,1.001789927482605,1.1399438381195068,1.0,11337.5068359375,9948.169921875,1.1462310552597046,10461.537109375,20,8425,1.0002228021621704,0,0,0.0,0
7,189,13801,0,13406.2568359375,20,11700,1.003671407699585,1.115547776222229,1.0,13406.2568359375,12017.64453125,1.1666443347930908,10069.7763671875,20,11685,0.9996417760848999,0,0,0.0,0
7,190,13801,0,12334.40625,20,11652,1.0014317035675049,1.1249314546585083,1.0,12334.40625,10968.083984375,1.1563820838928223,10042.08203125,20,11684,1.000167965888977,0,0,0.0,0
7,191,13801,0,14843.4892578125,20,8905,1.0019948482513428,1.0956618785858154,1.0,14843.4892578125,13571.5556640625,1.1805251836776733,10257.6630859375,20,9770,1.0057233572006226,0,0,0.0,0
7,192,13801,0,11533.09765625,20,7517,1.001524567604065,1.1254150867462158,1.0,11533.09765625,10247.861328125,1.1522194147109985,10135.1806640625,20,7559,1.000409722328186,0,0,0.0,0
7,193,13801,0,14876.513671875,20,7518,1.0025027990341187,1.0961254835128784,1.0,14876.513671875,13571.9072265625,1.184592604637146,10119.2470703125,20,7565,1.0035336017608643,0,0,0.0,0
7,194,13801,0,11637.0224609375,20,7517,1.0015774965286255,1.1245745420455933,1.0,11637.0224609375,10347.93359375,1.1546789407730103,10041.8701171875,20,7559,0.9995734691619873,0,0,0.0,0
7,195,13801,0,12506.4658203125,20,11653,1.001872181892395,1.1222673654556274,1.0,12506.4658203125,11181.4326171875,1.1605829000473022,10111.546875,20,7560,0.9991016387939453,0,0,0.0,0
7,196,13801,0,13995.6689453125,20,7518,1.001953363418579,1.1013604402542114,1.0,13995.6689453125,12707.619140625,1.174177885055542,10332.4765625,20,7564,1.0058538913726807,0,0,0.0,0
7,197,11520,0,13945.45703125,20,7518,1.0024901628494263,1.1026033163070679,1.0,13945.45703125,12647.7548828125,1.1765555143356323,10094.3603515625,20,7563,0.9971232414245605,0,0,0.0,0
7,198,13801,0,11099.06640625,20,7515,1.0014278888702393,1.1323251724243164,1.0,11099.06640625,9808.060546875,1.149442434310913,10085.8994140625,20,7558,0.9998499155044556,0,0,0.0,0
7,199,13801,0,11660.26953125,20,11652,1.0010660886764526,1.1313587427139282,1.0,11660.26953125,10315.943359375,1.1532875299453735,10090.23046875,20,7559,0.9995136260986328,0,0,0.0,0
7,200,13801,0,12388.0498046875,20,7517,1.0016334056854248,1.1157747507095337,1.0,12388.0498046875,11102.64453125,1.1642271280288696,10134.716796875,20,7562,0.9997047781944275,0,0,0.0,0
7,201,13801,0,11753.8251953125,20,8905,1.0013765096664429,1.1214720010757446,1.0,11753.8251953125,10480.7119140625,1.1575881242752075,10145.86328125,20,9765,1.0000078678131104,0,0,0.0,0
7,202,13801,0,11760.5166015625,20,2283,1.0017377138137817,1.1326311826705933,1.0,11760.5166015625,10383.359375,1.153433084487915,10070.0947265625,20,4961,0.9984773397445679,0,0,0.0,0
7,203,13801,0,931698.5625,12,7555,9738.1103515625,885.0308837890625,54.393733978271484,17128.78515625,931698.5625,885.0308837890625,931698.5625,12,7555,9738.1103515625,1,1,931698.5625,0
7,204,13801,0,12872.28515625,20,8905,1.0014182329177856,1.1105173826217651,1.0,12872.28515625,11591.2509765625,1.1659538745880127,10246.5791015625,20,9767,1.0008742809295654,0,0,0.0,0
7,205,13801,0,10922.0859375,20,11650,1.000251293182373,1.138504981994629,1.0,10922.0859375,9601.0810546875,1.1453211307525635,10022.998046875,20,2505,0.9996780157089233,0,0,0.0,0
7,206,13801,0,11334.9609375,20,2281,1.0002583265304565,1.1384892463684082,1.0,11334.9609375,9967.052734375,1.1472606658935547,10108.5380859375,20,10886,0.9994534254074097,0,0,0.0,0
7,207,13801,0,11486.244140625,20,7516,1.0008093118667603,1.1254210472106934,1.0,11486.244140625,10206.1748046875,1.152076005935669,10011.056640625,20,7558,1.000454068183899,0,0,0.0,0
7,208,13801,0,13872.7685546875,20,8905,1.001983642578125,1.102908730506897,1.0,13872.7685546875,12583.3505859375,1.1757932901382446,10251.56640625,20,9769,1.0058704614639282,0,0,0.0,0
7,209,13801,0,12829.955078125,20,2283,1.00239098072052,1.129641056060791,1.0,12829.955078125,11357.55078125,1.1593458652496338,10058.5419921875,20,11686,1.000036597251892,0,0,0.0,0
7,210,13801,0,14806.9287109375,20,8905,1.0022220611572266,1.0968621969223022,1.0,14806.9287109375,13521.0947265625,1.1865888833999634,10010.6962890625,20,7565,0.9994663596153259,0,0,0.0,0
7,211,13801,0,12100.716796875,20,10860,1.0008597373962402,1.1337411403656006,1.0,12100.716796875,10685.8486328125,1.1543844938278198,10154.03515625,20,10888,1.000383734703064,0,0,0.0,0
7,212,8923,1,6256612004069376.0,20,8922,2.0,110948.3125,1.0,6256612004069376.0,61634973696.0,217577095168.0,217577095168.0,20,2012,661.5631103515625,65,52,217577095168.0,1
7,213,13801,0,11605.2890625,20,7516,1.0013439655303955,1.125616192817688,1.0,11605.2890625,10321.5615234375,1.1530002355575562,10106.3642578125,20,7559,1.0003066062927246,0,0,0.0,0
7,214,4793,11,11721.138671875,20,2281,1.0018925666809082,1.1376285552978516,1.0,11721.138671875,10313.474609375,1.1499884128570557,10068.96875,20,2271,0.9997648596763611,0,0,0.0,1
7,215,13801,0,12632.619140625,20,7517,1.0015629529953003,1.1148104667663574,1.0,12632.619140625,11339.970703125,1.1643685102462769,10223.3212890625,20,7562,0.9998337030410767,0,0,0.0,0
7,216,13801,0,11963.4404296875,20,2283,1.001425862312317,1.1323087215423584,1.0,11963.4404296875,10572.328125,1.1523065567016602,10035.0234375,20,11684,0.9995779991149902,0,0,0.0,0
7,217,13801,0,11652.6025390625,20,7516,1.0011495351791382,1.1241263151168823,1.0,11652.6025390625,10371.32421875,1.157213807106018,10146.64453125,20,7561,1.0000544786453247,0,0,0.0,0
7,218,13801,0,11558.83203125,20,2281,1.0010234117507935,1.1380257606506348,1.0,11558.83203125,10161.1796875,1.1498810052871704,10111.55859375,20,10887,0.99950110912323,0,0,0.0,0
7,219,13801,0,14285.6484375,20,7518,1.002447247505188,1.0987821817398071,1.0,14285.6484375,13001.3466796875,1.1806632280349731,10097.7587890625,20,9768,1.008962631225586,0,0,0.0,0
7,220,12623,11,16204.630859375,20,8906,1.0021954774856567,1.083419919013977,1.0,16204.630859375,14956.9248046875,1.1852283477783203,10089.349609375,20,9769,1.004807472229004,0,0,0.0,1
7,221,13801,0,2647009.75,13,2032,13041.640625,70.91200256347656,127.89242553710938,20697.158203125,2647009.75,70.91200256347656,2647009.75,13,2032,13041.640625,2,2,2647009.75,1
7,222,4995,0,13095.11328125,20,2469,1.0018099546432495,1.1140903234481812,1.0,13095.11328125,11764.8330078125,1.1662153005599976,10007.54296875,20,2570,1.0010061264038086,0,0,0.0,0
7,223,13801,0,14044.7919921875,20,7517,1.0019415616989136,1.10126793384552,1.0,14044.7919921875,12768.0498046875,1.1821587085723877,10074.0810546875,20,7566,0.9908158183097839,0,0,0.0,0
7,224,13801,0,12019.8359375,20,7517,1.001356601715088,1.1187067031860352,1.0,12019.8359375,10744.4033203125,1.1591780185699463,10007.95703125,20,9764,1.001236915588379,0,0,0.0,0
7,225,4793,11,12807.517578125,20,3650,1.002516269683838,1.1184014081954956,1.0,12807.517578125,11451.62890625,1.1626129150390625,10020.0732421875,20,2509,0.9998461604118347,0,0,0.0,1
7,226,13801,0,11062.6650390625,20,2280,1.0003291368484497,1.1396981477737427,1.0,11062.6650390625,9715.490234375,1.146309494972229,10097.94140625,20,4960,0.9997828602790833,0,0,0.0,0
7,227,13801,0,13357.9619140625,20,8905,1.0016082525253296,1.1072018146514893,1.0,13357.9619140625,12065.044921875,1.175034999847412,10091.9951171875,20,9768,1.0053342580795288,0,0,0.0,0
7,228,13801,0,11238.314453125,20,11651,1.001403570175171,1.1361255645751953,1.0,11238.314453125,9891.7890625,1.1478536128997803,10111.0537109375,20,2507,0.9997648000717163,0,0,0.0,0
7,229,10193,11,12979.05859375,20,3650,1.0022770166397095,1.1153984069824219,1.0,12979.05859375,11638.833984375,1.1688820123672485,10034.18359375,20,7561,1.0001757144927979,0,0,0.0,1
7,230,13801,0,14825.8818359375,20,2286,1.00370454788208,1.1102750301361084,1.0,14825.8818359375,13353.341796875,1.1715426445007324,10167.3740234375,20,11687,1.0013543367385864,0,0,0.0,0
7,231,13801,0,11861.158203125,20,2283,1.0016835927963257,1.1317429542541504,1.0,11861.158203125,10495.271484375,1.154374122619629,10042.2197265625,20,4961,0.9982835650444031,0,0,0.0,0
7,232,13801,0,11356.19921875,20,2281,1.0009535551071167,1.1378909349441528,1.0,11356.19921875,9988.9013671875,1.146626353263855,10160.4072265625,20,10886,0.9997556209564209,0,0,0.0,0
7,233,13801,0,13110.892578125,20,7518,1.0017220973968506,1.1113168001174927,1.0,13110.892578125,11797.619140625,1.169521450996399,10035.9228515625,20,7561,1.0002459287643433,0,0,0.0,0
7,234,13801,0,13033.2734375,20,8434,1.0064077377319336,1.130107045173645,1.0,13033.2734375,11532.77734375,1.1546406745910645,10512.103515625,20,8425,1.0031189918518066,0,0,0.0,0
7,235,13801,0,11045.0830078125,20,11651,1.0010473728179932,1.13637375831604,1.0,11045.0830078125,9740.1748046875,1.147470235824585,10076.2578125,20,7557,0.9998307824134827,0,0,0.0,0
7,236,13801,0,14210.2890625,20,8906,1.0018912553787231,1.0957777500152588,1.0,14210.2890625,12968.2216796875,1.1757354736328125,10107.8193359375,20,9771,0.9996622800827026,0,0,0.0,0
7,237,13801,0,12529.7548828125,20,7517,1.0018037557601929,1.1181163787841797,1.0,12529.7548828125,11225.30859375,1.1625267267227173,10205.6435546875,20,7561,1.0004392862319946,0,0,0.0,0
7,238,13801,0,13262.3525390625,20,7518,1.0016423463821411,1.1088776588439941,1.0,13262.3525390625,11960.158203125,1.1650991439819336,10220.3701171875,20,7561,1.0001497268676758,0,0,0.0,0
7,239,13801,0,11835.05859375,20,11653,1.002220630645752,1.1283072233200073,1.0,11835.05859375,10511.744140625,1.1581217050552368,10200.7998046875,20,7561,1.0002119541168213,0,0,0.0,0
7,240,13801,0,11953.84765625,20,7517,1.0014283657073975,1.1212899684906006,1.0,11953.84765625,10660.7998046875,1.1578369140625,10090.6728515625,20,7560,1.0000864267349243,0,0,0.0,0
7,241,13801,0,12738.8759765625,20,7517,1.0016955137252808,1.1135718822479248,1.0,12738.8759765625,11444.595703125,1.1633620262145996,10147.4716796875,20,7561,1.0005748271942139,0,0,0.0,0
7,242,13801,0,15926.1787109375,20,7518,1.002768874168396,1.0912151336669922,1.0,15926.1787109375,14594.90234375,1.1805487871170044,10487.0576171875,20,7563,0.9814145565032959,0,0,0.0,0
7,243,13801,0,11236.7197265625,20,2281,1.0003137588500977,1.1383858919143677,1.0,11236.7197265625,9881.00390625,1.1469097137451172,10126.6005859375,20,4960,0.9997014403343201,0,0,0.0,0
7,244,13801,0,757050.375,13,7563,4549.37646484375,3.138185501098633,49.08541488647461,15423.1220703125,757050.375,3.138185501098633,757050.375,13,7563,4549.37646484375,2,2,757050.375,0
7,245,13801,0,13120.5849609375,20,7518,1.002221703529358,1.1096930503845215,1.0,13120.5849609375,11823.6162109375,1.174375057220459,10028.1357421875,20,7563,0.9976834654808044,0,0,0.0,0
7,246,13801,0,12138.0126953125,20,7517,1.0013178586959839,1.117934226989746,1.0,12138.0126953125,10857.537109375,1.1619457006454468,10170.1484375,20,7562,1.001041054725647,0,0,0.0,0
7,247,13801,0,13166.6357421875,20,3650,1.0021586418151855,1.1142858266830444,1.0,13166.6357421875,11816.2109375,1.1647650003433228,10257.4287109375,20,2510,1.0012751817703247,0,0,0.0,0
7,248,13801,0,12175.2685546875,20,11652,1.002217411994934,1.1269313097000122,1.0,12175.2685546875,10803.9140625,1.1572836637496948,10202.6103515625,20,4962,1.0001122951507568,0,0,0.0,0
7,249,13801,0,13102.181640625,20,8905,1.0016393661499023,1.1071453094482422,1.0,13102.181640625,11845.48046875,1.1710262298583984,10077.970703125,20,9769,0.9980053305625916,0,0,0.0,0
7,250,13801,0,14523.1376953125,20,11653,1.0043456554412842,1.1087111234664917,1.0,14523.1376953125,13099.1171875,1.1730023622512817,10170.6357421875,20,11781,1.0010316371917725,0,0,0.0,0
7,251,13801,0,13420.533203125,20,7518,1.0017622709274292,1.1064280271530151,1.0,13420.533203125,12129.603515625,1.175096035003662,10051.6728515625,20,7563,0.9972597360610962,0,0,0.0,0
7,252,13801,0,12124.3076171875,20,7517,1.0005282163619995,1.1186937093734741,1.0,12124.3076171875,10841.9111328125,1.1622185707092285,10044.6259765625,20,9765,1.0006252527236938,0,0,0.0,0
7,253,13801,0,12816.607421875,20,7517,1.001927137374878,1.1137114763259888,1.0,12816.607421875,11522.1669921875,1.1665916442871094,10026.5283203125,20,7561,1.0002247095108032,0,0,0.0,0
7,254,13801,0,13176.435546875,20,7517,1.001584529876709,1.1075016260147095,1.0,13176.435546875,11897.44140625,1.1711610555648804,10117.3642578125,20,7563,0.9983972907066345,0,0,0.0,0
7,255,13801,0,12388.9921875,20,11652,1.0017194747924805,1.1243606805801392,1.0,12388.9921875,11023.474609375,1.1569620370864868,10260.2197265625,20,4962,1.0008485317230225,0,0,0.0,0
7,256,13801,0,14267.6533203125,20,7518,1.0024412870407104,1.098362922668457,1.0,14267.6533203125,12989.9267578125,1.1852997541427612,10034.72265625,20,9770,0.9932222962379456,0,0,0.0,0
7,257,13801,0,11333.5810546875,20,11651,1.000655174255371,1.1347427368164062,1.0,11333.5810546875,10002.96875,1.1503753662109375,10070.765625,20,7558,0.9997793436050415,0,0,0.0,0
7,258,13801,0,11973.10546875,20,2282,1.0004788637161255,1.1349257230758667,1.0,11973.10546875,10561.927734375,1.1538009643554688,10098.3486328125,20,10887,0.9992899298667908,0,0,0.0,0
7,259,13801,0,13778.3203125,20,8905,1.0019621849060059,1.1022534370422363,1.0,13778.3203125,12507.6884765625,1.1733829975128174,10057.1123046875,20,9767,0.9980533123016357,0,0,0.0,0
7,260,13801,0,12384.7080078125,20,3650,1.0025509595870972,1.1209995746612549,1.0,12384.7080078125,11047.9150390625,1.1610567569732666,10225.486328125,20,7561,1.0000966787338257,0,0,0.0,0
7,261,13801,0,15314.4560546875,20,7518,1.002801775932312,1.093677043914795,1.0,15314.4560546875,14002.72265625,1.1836766004562378,10203.0322265625,20,7564,1.001222014427185,0,0,0.0,0
7,262,13801,0,14264.9609375,20,2529,1.0021452903747559,1.103904128074646,1.0,14264.9609375,12922.2822265625,1.179962158203125,10024.146484375,20,2511,1.006293773651123,0,0,0.0,0
7,263,13801,0,12138.296875,20,8905,1.0012129545211792,1.1170752048492432,1.0,12138.296875,10866.1416015625,1.1611409187316895,10143.8349609375,20,9766,1.0011253356933594,0,0,0.0,0
7,264,13801,0,11448.26171875,20,2282,1.0007084608078003,1.136278510093689,1.0,11448.26171875,10075.224609375,1.1492278575897217,10031.0478515625,20,4960,0.9997901320457458,0,0,0.0,0
7,265,13801,0,12185.8662109375,20,11653,1.0022692680358887,1.1252756118774414,1.0,12185.8662109375,10829.228515625,1.1596709489822388,10058.2578125,20,7560,1.0006831884384155,0,0,0.0,0
7,266,13801,0,11955.068359375,20,11652,1.0017914772033691,1.1290203332901,1.0,11955.068359375,10588.88671875,1.1550711393356323,10013.2685546875,20,4961,1.0005680322647095,0,0,0.0,0
7,267,13801,0,12027.857421875,20,7517,1.0015376806259155,1.121793508529663,1.0,12027.857421875,10730.1708984375,1.1572792530059814,10142.2392578125,20,7560,1.000170350074768,0,0,0.0,0
7,268,13801,0,11270.5322265625,20,11651,1.0013251304626465,1.135310411453247,1.0,11270.5322265625,9939.2158203125,1.1503692865371704,10065.109375,20,7558,0.9997759461402893,0,0,0.0,0
7,269,13801,0,15474.208984375,20,11653,1.005300760269165,1.1008023023605347,1.0,15474.208984375,14057.2099609375,1.1810089349746704,10213.5,20,11686,0.9938395023345947,0,0,0.0,0
7,270,13801,0,15200.412109375,20,2529,1.0020904541015625,1.0978360176086426,1.0,15200.412109375,13845.794921875,1.1805647611618042,10176.0146484375,20,2511,1.0019365549087524,0,0,0.0,0
7,271,13801,0,11055.072265625,20,11651,1.0009878873825073,1.1367580890655518,1.0,11055.072265625,9725.087890625,1.1483945846557617,10025.8466796875,20,7557,0.9991000890731812,0,0,0.0,0
7,272,13801,0,12941.08984375,20,7518,1.002026081085205,1.1115038394927979,1.0,12941.08984375,11642.8662109375,1.164859414100647,10149.361328125,20,7561,1.0003688335418701,0,0,0.0,0
7,273,13801,0,11557.1396484375,20,11652,1.0017832517623901,1.1314525604248047,1.0,11557.1396484375,10240.009765625,1.1520906686782837,10148.5419921875,20,7559,1.0003241300582886,0,0,0.0,0
7,274,13801,0,12160.779296875,20,7517,1.0006779432296753,1.1188745498657227,1.0,12160.779296875,10875.607421875,1.1610612869262695,10124.1005859375,20,7561,1.0004442930221558,0,0,0.0,0
7,275,13801,0,14416.810546875,20,7518,1.0026230812072754,1.0978891849517822,1.0,14416.810546875,13131.3896484375,1.1834666728973389,10007.1064453125,20,9768,1.0040560960769653,0,0,0.0,0
7,276,13801,0,12407.310546875,20,7517,1.0017200708389282,1.1184062957763672,1.0,12407.310546875,11103.3681640625,1.1622205972671509,10150.103515625,20,7561,1.000000238418579,0,0,0.0,0
7,277,13801,0,13000.50390625,20,7518,1.002182126045227,1.1104891300201416,1.0,13000.50390625,11707.0068359375,1.1707700490951538,10156.86328125,20,7563,0.9988477230072021,0,0,0.0,0
7,278,13801,0,13578.888671875,20,7517,1.0017406940460205,1.1046555042266846,1.0,13578.888671875,12297.986328125,1.174743413925171,10162.2744140625,20,9768,1.0111172199249268,0,0,0.0,0
7,279,13801,0,13234.83984375,20,7518,1.002139925956726,1.1075085401535034,1.0,13234.83984375,11950.1015625,1.1691888570785522,10134.171875,20,7562,1.001204490661621,0,0,0.0,0
7,280,13801,0,11759.0615234375,20,2283,1.0018283128738403,1.1330366134643555,1.0,11759.0615234375,10378.359375,1.1504292488098145,10004.037109375,20,4960,0.9990079402923584,0,0,0.0,0
7,281,13801,0,11134.61328125,20,7516,1.0014030933380127,1.1308773756027222,1.0,11134.61328125,9845.9951171875,1.1529037952423096,10029.1298828125,20,7559,0.9998968839645386,0,0,0.0,0
7,282,13801,0,10985.5546875,20,7516,1.0014328956604004,1.1327319145202637,1.0,10985.5546875,9698.283203125,1.14813232421875,10040.287109375,20,7557,0.999274730682373,0,0,0.0,0
7,283,13801,0,12006.90625,20,11653,1.0023924112319946,1.1273201704025269,1.0,12006.90625,10650.83984375,1.16005539894104,10137.462890625,20,7561,0.9999579787254333,0,0,0.0,0
7,284,13801,0,12403.7431640625,20,7517,1.0016378164291382,1.116038203239441,1.0,12403.7431640625,11114.0849609375,1.1644467115402222,10000.6611328125,20,9765,1.0001715421676636,0,0,0.0,0
7,285,13801,0,12603.6435546875,20,3649,1.0024231672286987,1.1209144592285156,1.0,12603.6435546875,11278.029296875,1.1621638536453247,10243.4970703125,20,7561,1.0001260042190552,0,0,0.0,0
7,286,13801,0,13448.3701171875,20,7518,1.0024440288543701,1.1075924634933472,1.0,13448.3701171875,12141.984375,1.1731302738189697,10193.84765625,20,7563,0.9977779984474182,0,0,0.0,0
7,287,13801,0,14303.595703125,20,7518,1.0025242567062378,1.0999829769134521,1.0,14303.595703125,13003.470703125,1.177704095840454,10221.3505859375,20,7564,1.000331997871399,0,0,0.0,0
7,288,13801,0,11575.73828125,20,7517,1.000598669052124,1.12598717212677,1.0,11575.73828125,10286.3046875,1.1526703834533691,10000.82421875,20,7558,0.9998955130577087,0,0,0.0,0
7,289,13801,0,12691.267578125,20,7517,1.0019088983535767,1.1162039041519165,1.0,12691.267578125,11389.51953125,1.166455626487732,10171.8671875,20,7562,1.001114845275879,0,0,0.0,0
7,290,13801,0,11753.47265625,20,11652,1.0013459920883179,1.1309099197387695,1.0,11753.47265625,10403.7236328125,1.1530134677886963,10084.580078125,20,2508,1.0000174045562744,0,0,0.0,0
7,291,13801,0,11546.3583984375,20,2282,1.000613808631897,1.1360499858856201,1.0,11546.3583984375,10170.0439453125,1.148817777633667,10076.0830078125,20,10886,0.9998294711112976,0,0,0.0,0
7,292,13801,0,10981.201171875,20,7516,1.0013045072555542,1.132831335067749,1.0,10981.201171875,9693.5888671875,1.147353172302246,10078.1826171875,20,7557,1.000006079673767,0,0,0.0,0
7,293,13801,0,11627.75,20,7517,1.0015562772750854,1.124286413192749,1.0,11627.75,10342.337890625,1.155367374420166,10129.96875,20,7560,0.9998900890350342,0,0,0.0,0
7,294,13801,0,13253.162109375,20,3650,1.0022085905075073,1.1145453453063965,1.0,13253.162109375,11894.4814453125,1.1649168729782104,10012.5126953125,20,2568,1.0013023614883423,0,0,0.0,0
7,295,13801,0,11520.4990234375,20,11652,1.0004072189331055,1.1327816247940063,1.0,11520.4990234375,10179.130859375,1.1503853797912598,10030.5048828125,20,2507,0.9998273849487305,0,0,0.0,0
7,296,13801,0,12923.916015625,20,3650,1.0026766061782837,1.1165443658828735,1.0,12923.916015625,11574.923828125,1.1667742729187012,10105.677734375,20,2510,1.000720500946045,0,0,0.0,0
7,297,13801,0,11298.662109375,20,7516,1.0007895231246948,1.1282027959823608,1.0,11298.662109375,10014.744140625,1.1546550989151,10075.9130859375,20,7560,1.0001388788223267,0,0,0.0,0
7,298,13801,0,12908.1796875,20,3650,1.002697229385376,1.1164884567260742,1.0,12908.1796875,11561.4091796875,1.1687880754470825,10015.439453125,20,7561,1.000479817390442,0,0,0.0,0
7,299,13801,0,16622.474609375,20,7518,1.0031051635742188,1.086175560951233,1.0,16622.474609375,15303.6728515625,1.187002420425415,10167.78515625,20,5368,1.0176808834075928,0,0,0.0,0
7,300,13801,0,12286.1474609375,20,7517,1.0016531944274902,1.1184953451156616,1.0,12286.1474609375,10985.0654296875,1.1643502712249756,10134.720703125,20,7562,1.0006637573242188,0,0,0.0,0
8,1,13801,0,11120.2607421875,20,7498,1.002256155014038,1.0873875617980957,1.0,11120.2607421875,10236.28125,1.1123108863830566,10131.306640625,20,7491,0.9998621940612793,0,0,0.0,0
8,2,13801,0,8497.443359375,20,2207,1.0011183023452759,1.1308372020721436,1.0,8497.443359375,7516.01611328125,0.0,0.0,-1,-1,0.0,0,0,0.0,0
8,3,13801,0,12143.0595703125,20,9702,1.0030897855758667,1.0774385929107666,1.0,12143.0595703125,11283.2890625,1.1115233898162842,10162.0751953125,20,9694,1.0000754594802856,0,0,0.0,0
8,4,13801,0,9256.783203125,20,10786,1.003945231437683,1.1228082180023193,1.0,9256.783203125,8244.3134765625,0.0,0.0,-1,-1,0.0,0,0,0.0,0
8,5,13801,0,9676.8701171875,20,7498,1.002123475074768,1.1020911931991577,1.0,9676.8701171875,8786.57421875,0.0,0.0,-1,-1,0.0,0,0,0.0,0
8,6,13801,0,7884.455078125,20,9700,1.0007387399673462,1.1296275854110718,1.0,7884.455078125,6982.58203125,0.0,0.0,-1,-1,0.0,0,0,0.0,0
8,7,13801,0,10427.578125,20,7498,1.0015946626663208,1.0938321352005005,1.0,10427.578125,9536.666015625,1.1089236736297607,10012.353515625,20,2505,1.0019409656524658,0,0,0.0,0
8,8,13801,0,9827.8134765625,20,9702,1.0021653175354004,1.097283959388733,1.0,9827.8134765625,8956.490234375,0.0,0.0,-1,-1,0.0,0,0,0.0,0
8,9,13801,0,8428.0419921875,20,2206,1.0020740032196045,1.1331595182418823,1.0,8428.0419921875,7446.5732421875,0.0,0.0,-1,-1,0.0,0,0,0.0,0
8,10,13801,0,7905.83203125,20,2204,1.0009467601776123,1.1380311250686646,1.0,7905.83203125,6957.39111328125,0.0,0.0,-1,-1,0.0,0,0,0.0,0
8,11,13801,0,8393.765625,20,7497,1.0009413957595825,1.1201404333114624,1.0,8393.765625,7497.76611328125,0.0,0.0,-1,-1,0.0,0,0,0.0,0
8,12,13801,0,8476.619140625,20,11622,1.0009891986846924,1.127629041671753,1.0,8476.619140625,7521.77392578125,0.0,0.0,-1,-1,0.0,0,0,0.0,0
8,13,13801,0,9533.88671875,20,9702,1.001973032951355,1.101059913635254,1.0,9533.88671875,8658.826171875,0.0,0.0,-1,-1,0.0,0,0,0.0,0
8,14,13801,0,8110.298828125,20,7497,1.0006225109100342,1.1262574195861816,1.0,8110.298828125,7203.56298828125,0.0,0.0,-1,-1,0.0,0,0,0.0,0
8,15,13801,0,8580.2080078125,20,9701,1.001727819442749,1.1169570684432983,1.0,8580.2080078125,7681.77099609375,0.0,0.0,-1,-1,0.0,0,0,0.0,0
8,16,13801,0,13905.97265625,20,9702,1.0033963918685913,1.0668680667877197,1.0,13905.97265625,13055.400390625,1.1253538131713867,10147.90625,20,10470,1.1673516035079956,0,0,0.0,0
8,17,13801,0,7701.87890625,20,9700,1.001399278640747,1.1334969997406006,1.0,7701.87890625,6794.7939453125,0.0,0.0,-1,-1,0.0,0,0,0.0,0
8,18,13801,0,9190.1982421875,20,7498,1.001929521560669,1.1088249683380127,1.0,9190.1982421875,8288.2314453125,0.0,0.0,-1,-1,0.0,0,0,0.0,0
8,19,13801,0,8420.3349609375,20,9701,1.001662015914917,1.1197795867919922,1.0,8420.3349609375,7521.06396484375,0.0,0.0,-1,-1,0.0,0,0,0.0,0
8,20,13801,0,8172.4677734375,20,7496,1.0016188621520996,1.1251552104949951,1.0,8172.4677734375,7273.8251953125,0.0,0.0,-1,-1,0.0,0,0,0.0,0
8,21,13801,0,8451.638671875,20,7497,1.0010501146316528,1.120534062385559,1.0,8451.638671875,7547.09423828125,0.0,0.0,-1,-1,0.0,0,0,0.0,0
8,22,13801,0,8060.1611328125,20,9699,1.0007096529006958,1.1312777996063232,1.0,8060.1611328125,7129.3349609375,0.0,0.0,-1,-1,0.0,0,0,0.0,0
8,23,13801,0,9011.9638671875,20,7498,1.0015246868133545,1.1092538833618164,1.0,9011.9638671875,8124.34716796875,0.0,0.0,-1,-1,0.0,0,0,0.0,0
8,24,13801,0,11139.0732421875,20,9702,1.00314199924469,1.0857371091842651,1.0,11139.0732421875,10259.45703125,1.1088467836380005,10081.99609375,20,7491,1.0004249811172485,0,0,0.0,0
8,25,13801,0,8595.2587890625,20,11766,1.0016860961914062,1.128099799156189,1.0,8595.2587890625,7624.8330078125,0.0,0.0,-1,-1,0.0,0,0,0.0,0
8,26,13801,0,8457.2919921875,20,2506,1.000885009765625,1.1236340999603271,1.0,8457.2919921875,7536.2890625,0.0,0.0,-1,-1,0.0,0,0,0.0,0
8,27,13801,0,11061.6328125,20,7499,1.0026012659072876,1.0860389471054077,1.0,11061.6328125,10185.30078125,1.1135748624801636,10046.1083984375,20,7491,0.9999057054519653,0,0,0.0,0
8,28,13801,0,8107.01416015625,20,9699,1.0004326105117798,1.1308785676956177,1.0,8107.01416015625,7210.2890625,0.0,0.0,-1,-1,0.0,0,0,0.0,0
8,29,13801,0,10520.65234375,20,7499,1.002297043800354,1.0898962020874023,1.0,10520.65234375,9652.8935546875,1.1065057516098022,10006.248046875,20,7493,1.000639796257019,0,0,0.0,0
8,30,13801,0,8969.8251953125,20,11623,1.0022555589675903,1.1188228130340576,1.0,8969.8251953125,8017.19921875,0.0,0.0,-1,-1,0.0,0,0,0.0,0
8,31,13801,0,8257.1162109375,20,7498,1.0018373727798462,1.1213624477386475,1.0,8257.1162109375,7363.4677734375,0.0,0.0,-1,-1,0.0,0,0,0.0,0
8,32,13801,0,8735.25,20,7497,1.0016618967056274,1.1163785457611084,1.0,8735.25,7843.173828125,0.0,0.0,-1,-1,0.0,0,0,0.0,0
8,33,13801,0,8679.5546875,20,7498,1.0008373260498047,1.1158170700073242,1.0,8679.5546875,7778.65380859375,0.0,0.0,-1,-1,0.0,0,0,0.0,0
8,34,13801,0,11412.646484375,20,9702,1.0022094249725342,1.0824427604675293,1.0,11412.646484375,10544.759765625,1.110375165939331,10005.158203125,20,7490,1.0006940364837646,0,0,0.0,0
8,35,13801,0,8289.5185546875,20,10785,1.0028252601623535,1.1337722539901733,1.0,8289.5185546875,7311.44921875,0.0,0.0,-1,-1,0.0,0,0,0.0,0
8,36,13801,0,10290.32421875,20,7498,1.001622200012207,1.0957186222076416,1.0,10290.32421875,9405.7802734375,1.1040045022964478,10093.435546875,20,7495,1.0017311573028564,0,0,0.0,0
8,37,13801,0,3819194.75,12,4650,7049.71728515625,16.138696670532227,225.0223388671875,16972.513671875,3819194.75,2273.07470703125,164727.453125,1,4648,164727.453125,5,4,3819194.75,1
8,38,13801,0,8471.9833984375,20,7497,1.001315951347351,1.1188544034957886,1.0,8471.9833984375,7582.51220703125,0.0,0.0,-1,-1,0.0,0,0,0.0,0
8,39,13801,0,11277.447265625,20,9702,1.0024493932724,1.082785725593567,1.0,11277.447265625,10415.2158203125,1.1069542169570923,10025.484375,20,7491,1.0011109113693237,0,0,0.0,0
8,40,13801,0,7747.15283203125,20,2203,1.000410795211792,1.1381845474243164,1.0,7747.15283203125,6812.55078125,0.0,0.0,-1,-1,0.0,0,0,0.0,0
8,41,13801,0,8416.73828125,20,7498,1.0012675523757935,1.1186926364898682,1.0,8416.73828125,7523.72705078125,0.0,0.0,-1,-1,0.0,0,0,0.0,0
8,42,13801,0,11567.8203125,20,9702,1.0027813911437988,1.081624984741211,1.0,11567.8203125,10698.93359375,1.1115357875823975,10034.0546875,20,7490,0.9999121427536011,0,0,0.0,0
8,43,13801,0,7920.490234375,20,2204,1.0008755922317505,1.1380265951156616,1.0,7920.490234375,6964.18603515625,0.0,0.0,-1,-1,0.0,0,0,0.0,0
8,44,13801,0,9212.6484375,20,11767,1.0027027130126953,1.1187124252319336,1.0,9212.6484375,8235.0458984375,0.0,0.0,-1,-1,0.0,0,0,0.0,0
8,45,13801,0,10462.1884765625,20,11623,1.002567172050476,1.1027694940567017,1.0,10462.1884765625,9487.1943359375,1.118329644203186,10117.359375,20,11619,1.0032737255096436,0,0,0.0,0
8,46,13801,0,12529.17578125,20,7498,1.002731442451477,1.0773316621780396,1.0,12529.17578125,11629.822265625,1.1314465999603271,10042.328125,20,2437,1.013134241104126,0,0,0.0,0
8,47,13801,0,7789.43701171875,20,9700,1.0014467239379883,1.1328679323196411,1.0,7789.43701171875,6875.85595703125,0.0,0.0,-1,-1,0.0,0,0,0.0,0
8,48,13801,0,8098.36376953125,20,9701,1.0019382238388062,1.1253445148468018,1.0,8098.36376953125,7198.85693359375,0.0,0.0,-1,-1,0.0,0,0,0.0,0
8,49,13801,0,8275.85546875,20,8043,1.0003451108932495,1.117408037185669,1.0,8275.85546875,7409.65185546875,0.0,0.0,-1,-1,0.0,0,0,0.0,0
8,50,13801,0,8253.1357421875,20,11622,1.0012521743774414,1.1317510604858398,1.0,8253.1357421875,7298.81201171875,0.0,0.0,-1,-1,0.0,0,0,0.0,0
8,51,13801,0,9063.5068359375,20,11623,1.001899242401123,1.1185564994812012,1.0,9063.5068359375,8102.85986328125,0.0,0.0,-1,-1,0.0,0,0,0.0,0
8,52,13801,0,8414.88671875,20,11766,1.0007027387619019,1.1300134658813477,1.0,8414.88671875,7450.68994140625,0.0,0.0,-1,-1,0.0,0,0,0.0,0
8,53,13801,0,10271.5810546875,20,7498,1.001827359199524,1.09470534324646,1.0,10271.5810546875,9397.6650390625,1.1024270057678223,10068.880859375,20,7495,1.00094735622406,0,0,0.0,0
8,54,13801,0,10934.732421875,20,7498,1.002352237701416,1.0894135236740112,1.0,10934.732421875,10050.4921875,1.110170602798462,10171.3994140625,20,7492,1.0000605583190918,0,0,0.0,0
8,55,13801,0,9234.3173828125,20,2507,1.0026761293411255,1.1119909286499023,1.0,9234.3173828125,8304.3095703125,0.0,0.0,-1,-1,0.0,0,0,0.0,0
8,56,13801,0,8770.3017578125,20,7498,1.0014432668685913,1.1131694316864014,1.0,8770.3017578125,7878.6767578125,0.0,0.0,-1,-1,0.0,0,0,0.0,0
8,57,13801,0,10719.78515625,20,2507,1.0025725364685059,1.0966227054595947,1.0,10719.78515625,9775.271484375,1.1175469160079956,10023.3701171875,20,2441,1.0017492771148682,0,0,0.0,0
8,58,13801,0,9044.5869140625,20,7498,1.000403881072998,1.111059308052063,1.0,9044.5869140625,8148.10595703125,0.0,0.0,-1,-1,0.0,0,0,0.0,0
8,59,13801,0,8633.919921875,20,7498,1.0013236999511719,1.1160664558410645,1.0,8633.919921875,7736.02685546875,0.0,0.0,-1,-1,0.0,0,0,0.0,0
8,60,13801,0,9191.33203125,20,7498,1.000830054283142,1.1068207025527954,1.0,9191.33203125,8313.5498046875,0.0,0.0,-1,-1,0.0,0,0,0.0,0
8,61,13801,0,8966.0537109375,20,9701,1.0018216371536255,1.111085057258606,1.0,8966.0537109375,8069.63720703125,0.0,0.0,-1,-1,0.0,0,0,0.0,0
8,62,13801,0,9181.3642578125,20,7498,1.0016616582870483,1.1071909666061401,1.0,9181.3642578125,8292.484375,0.0,0.0,-1,-1,0.0,0,0,0.0,0
8,63,13801,0,8439.3740234375,20,7497,1.0010457038879395,1.121206521987915,1.0,8439.3740234375,7542.52099609375,0.0,0.0,-1,-1,0.0,0,0,0.0,0
8,64,13801,0,7960.27587890625,20,9699,1.0014532804489136,1.1306753158569336,1.0,7960.27587890625,7056.02978515625,0.0,0.0,-1,-1,0.0,0,0,0.0,0
8,65,13801,0,8561.71484375,20,2506,1.0020021200180054,1.1228365898132324,1.0,8561.71484375,7625.076171875,0.0,0.0,-1,-1,0.0,0,0,0.0,0
8,66,13801,0,7651.35888671875,20,2204,1.0004346370697021,1.1392444372177124,1.0,7651.35888671875,6716.169921875,0.0,0.0,-1,-1,0.0,0,0,0.0,0
8,67,13801,0,8558.791015625,20,10785,1.0016710758209229,1.130997657775879,1.0,8558.791015625,7567.47021484375,0.0,0.0,-1,-1,0.0,0,0,0.0,0
8,68,13801,0,10068.1123046875,20,7498,1.0020618438720703,1.0967363119125366,1.0,10068.1123046875,9188.630859375,1.0989513397216797,10033.9072265625,20,7497,1.0011759996414185,0,0,0.0,0
8,69,13801,0,11156.8095703125,20,7499,1.001717448234558,1.084621787071228,1.0,11156.8095703125,10286.359375,1.1114357709884644,10076.421875,20,7491,1.0000262260437012,0,0,0.0,0
8,70,13801,0,8601.3271484375,20,9702,1.0019645690917969,1.1150010824203491,1.0,8601.3271484375,7714.18701171875,0.0,0.0,-1,-1,0.0,0,0,0.0,0
8,71,13801,0,8017.22021484375,20,2204,1.0011115074157715,1.1378439664840698,1.0,8017.22021484375,7055.8828125,0.0,0.0,-1,-1,0.0,0,0,0.0,0
8,72,13801,0,10002.095703125,20,7498,1.0024170875549316,1.0992006063461304,1.0,10002.095703125,9099.4267578125,1.0992006063461304,10002.095703125,20,7498,1.0024170875549316,0,0,0.0,0
8,73,13801,0,9873.7138671875,20,9702,1.0022637844085693,1.0977803468704224,1.0,9873.7138671875,8994.2529296875,0.0,0.0,-1,-1,0.0,0,0,0.0,0
8,74,13801,0,8575.9716796875,20,7497,1.0014264583587646,1.1181670427322388,1.0,8575.9716796875,7683.48193359375,0.0,0.0,-1,-1,0.0,0,0,0.0,0
8,75,13801,0,8110.06982421875,20,2204,1.001238226890564,1.1380934715270996,1.0,8110.06982421875,7149.90380859375,0.0,0.0,-1,-1,0.0,0,0,0.0,0
8,76,13801,0,11338.509765625,20,7498,1.0023729801177979,1.0855226516723633,1.0,11338.509765625,10445.2080078125,1.1187689304351807,10014.9775390625,20,2502,1.0003292560577393,0,0,0.0,0
8,77,13801,0,117549.8359375,13,682,117549.8359375,160.59707641601562,8.866133689880371,13258.296875,117549.8359375,160.59707641601562,117549.8359375,13,682,117549.8359375,1,1,117549.8359375,0
8,78,13801,0,8189.68994140625,20,7497,1.0018563270568848,1.1238301992416382,1.0,8189.68994140625,7288.9111328125,0.0,0.0,-1,-1,0.0,0,0,0.0,0
8,79,13801,0,8227.49609375,20,7498,1.002003788948059,1.1228481531143188,1.0,8227.49609375,7327.34521484375,0.0,0.0,-1,-1,0.0,0,0,0.0,0
8,80,13801,0,8298.9033203125,20,9700,1.0009692907333374,1.1283282041549683,1.0,8298.9033203125,7373.10205078125,0.0,0.0,-1,-1,0.0,0,0,0.0,0
8,81,13801,0,8100.630859375,20,10784,1.0021089315414429,1.1348538398742676,1.0,8100.630859375,7138.0390625,0.0,0.0,-1,-1,0.0,0,0,0.0,0
8,82,13801,0,8251.5380859375,20,7498,1.0015614032745361,1.1226696968078613,1.0,8251.5380859375,7349.9248046875,0.0,0.0,-1,-1,0.0,0,0,0.0,0
8,83,13801,0,1419655.0,1,2069,1106.40771484375,295.0810546875,117.55328369140625,12076.693359375,1419655.0,85174.6015625,85174.6015625,0,6583,168.989013671875,6,3,1419655.0,0
8,84,13801,0,9401.12890625,20,9702,1.0018140077590942,1.1016669273376465,1.0,9401.12890625,8533.548828125,0.0,0.0,-1,-1,0.0,0,0,0.0,0
8,85,13801,0,8092.9169921875,20,7498,1.000565767288208,1.124799370765686,1.0,8092.9169921875,7198.419921875,0.0,0.0,-1,-1,0.0,0,0,0.0,0
8,86,13801,0,9942.2783203125,20,7498,1.0013548135757446,1.0993618965148926,1.0,9942.2783203125,9054.5654296875,0.0,0.0,-1,-1,0.0,0,0,0.0,0
8,87,13801,0,8954.37109375,20,7498,1.0015349388122559,1.110666275024414,1.0,8954.37109375,8065.3671875,0.0,0.0,-1,-1,0.0,0,0,0.0,0
8,88,13801,0,9507.603515625,20,9701,1.0020737648010254,1.1041163206100464,1.0,9507.603515625,8624.267578125,0.0,0.0,-1,-1,0.0,0,0,0.0,0
8,89,13801,0,11675.91015625,20,9702,1.002395510673523,1.0804251432418823,1.0,11675.91015625,10813.2431640625,1.1112343072891235,10002.6640625,20,9694,1.000396490097046,0,0,0.0,0
8,90,13801,0,9537.93359375,20,7498,1.001963496208191,1.1034529209136963,1.0,9537.93359375,8646.634765625,0.0,0.0,-1,-1,0.0,0,0,0.0,0
8,91,13801,0,8356.5263671875,20,7498,1.0019779205322266,1.121031641960144,1.0,8356.5263671875,7454.31787109375,0.0,0.0,-1,-1,0.0,0,0,0.0,0
8,92,13801,0,8462.5341796875,20,2506,1.0018491744995117,1.1241601705551147,1.0,8462.5341796875,7527.8720703125,0.0,0.0,-1,-1,0.0,0,0,0.0,0
8,93,13801,0,8384.9951171875,20,7498,1.0018624067306519,1.1207568645477295,1.0,8384.9951171875,7481.546875,0.0,0.0,-1,-1,0.0,0,0,0.0,0
8,94,13801,0,3947403.75,3,10218,11864.71875,661.205322265625,11.2479248046875,350945.0625,3947403.75,661.205322265625,3947403.75,3,10218,11864.71875,10,9,3947403.75,1
8,95,13801,0,11855.0009765625,20,2507,1.0037888288497925,1.0877364873886108,1.0,11855.0009765625,10898.7802734375,1.1217223405838013,10050.9287109375,20,7490,1.0046119689941406,0,0,0.0,0
8,96,13801,0,8434.28515625,20,7497,1.0011509656906128,1.1193631887435913,1.0,8434.28515625,7539.7177734375,0.0,0.0,-1,-1,0.0,0,0,0.0,0
8,97,13801,0,8361.4140625,20,7498,1.001611351966858,1.1209132671356201,1.0,8361.4140625,7459.4658203125,0.0,0.0,-1,-1,0.0,0,0,0.0,0
8,98,13801,0,10227.0595703125,20,7498,1.002206563949585,1.096049189567566,1.0,10227.0595703125,9343.083984375,1.104112982749939,10020.2900390625,20,7495,1.0008602142333984,0,0,0.0,0
8,99,13801,0,9402.6435546875,20,9702,1.001907229423523,1.1034003496170044,1.0,9402.6435546875,8521.515625,0.0,0.0,-1,-1,0.0,0,0,0.0,0
8,100,13801,0,8602.513671875,20,10785,1.0016100406646729,1.1311540603637695,1.0,8602.513671875,7608.10986328125,0.0,0.0,-1,-1,0.0,0,0,0.0,0
8,101,13801,0,8103.033203125,20,11622,1.00135338306427,1.1326063871383667,1.0,8103.033203125,7154.32421875,0.0,0.0,-1,-1,0.0,0,0,0.0,0
8,102,13801,0,9364.66015625,20,2506,1.0027400255203247,1.111820101737976,1.0,9364.66015625,8422.8193359375,0.0,0.0,-1,-1,0.0,0,0,0.0,0
8,103,13801,0,9369.1220703125,20,7498,1.0007085800170898,1.104384183883667,1.0,9369.1220703125,8493.193359375,0.0,0.0,-1,-1,0.0,0,0,0.0,0
8,104,13801,0,8201.9248046875,20,9700,1.001765251159668,1.1298131942749023,1.0,8201.9248046875,7259.541015625,0.0,0.0,-1,-1,0.0,0,0,0.0,0
8,105,13801,0,7988.84912109375,20,2204,1.0012645721435547,1.138236165046692,1.0,7988.84912109375,7029.46923828125,0.0,0.0,-1,-1,0.0,0,0,0.0,0
8,106,13801,0,10600.419921875,20,7499,1.002226710319519,1.0900808572769165,1.0,10600.419921875,9724.4345703125,1.1077557802200317,10049.748046875,20,7493,1.0003666877746582,0,0,0.0,0
8,107,13801,0,9637.5322265625,20,2506,1.0019416809082031,1.1086927652359009,1.0,9637.5322265625,8706.0029296875,0.0,0.0,-1,-1,0.0,0,0,0.0,0
8,108,13801,0,8478.7529296875,20,2207,1.0010862350463867,1.1309354305267334,1.0,8478.7529296875,7497.77001953125,0.0,0.0,-1,-1,0.0,0,0,0.0,0
8,109,13801,0,12575.7509765625,0,12787,4.323894500732422,1.0162968635559082,1.3606864213943481,9242.2109375,12374.091796875,1.0163871049880981,12424.41015625,0,723,4.374115467071533,0,0,0.0,0
8,110,13801,0,8990.8876953125,20,7498,1.0015170574188232,1.1104183197021484,1.0,8990.8876953125,8096.84716796875,0.0,0.0,-1,-1,0.0,0,0,0.0,0
8,111,13801,0,9481.60546875,20,7498,1.0018490552902222,1.1041823625564575,1.0,9481.60546875,8588.056640625,0.0,0.0,-1,-1,0.0,0,0,0.0,0
8,112,13801,0,11364.990234375,20,9702,1.0031219720840454,1.0840541124343872,1.0,11364.990234375,10483.78515625,1.1107670068740845,10102.6650390625,20,9695,1.0005650520324707,0,0,0.0,0
8,113,13801,0,8421.0400390625,20,10785,1.0021864175796509,1.1325558423995972,1.0,8421.0400390625,7435.43017578125,0.0,0.0,-1,-1,0.0,0,0,0.0,0
8,114,13801,0,8351.7255859375,20,7498,1.00127112865448,1.1208194494247437,1.0,8351.7255859375,7451.44580078125,0.0,0.0,-1,-1,0.0,0,0,0.0,0
8,115,13801,0,9755.693359375,20,7498,1.00191330909729,1.100543737411499,1.0,9755.693359375,8870.1357421875,0.0,0.0,-1,-1,0.0,0,0,0.0,0
8,116,13801,0,8888.578125,20,7498,1.0019078254699707,1.1114561557769775,1.0,8888.578125,7997.23681640625,0.0,0.0,-1,-1,0.0,0,0,0.0,0
8,117,13801,0,10255.8134765625,20,7498,1.0021367073059082,1.0958441495895386,1.0,10255.8134765625,9372.7587890625,1.1040170192718506,10043.560546875,20,7495,1.0013487339019775,0,0,0.0,0
8,118,13801,0,8365.2373046875,20,10784,1.0026254653930664,1.133396029472351,1.0,8365.2373046875,7388.037109375,0.0,0.0,-1,-1,0.0,0,0,0.0,0
8,119,13801,0,8613.7734375,20,2506,1.001092553138733,1.1216967105865479,1.0,8613.7734375,7690.841796875,0.0,0.0,-1,-1,0.0,0,0,0.0,0
8,120,13801,0,8329.900390625,20,11621,1.001795768737793,1.131403923034668,1.0,8329.900390625,7370.60595703125,0.0,0.0,-1,-1,0.0,0,0,0.0,0
8,121,13801,0,8391.294921875,20,7498,1.0018798112869263,1.1201542615890503,1.0,8391.294921875,7491.19580078125,0.0,0.0,-1,-1,0.0,0,0,0.0,0
8,122,13801,0,8271.021484375,20,11622,1.0011743307113647,1.1305885314941406,1.0,8271.021484375,7315.67822265625,0.0,0.0,-1,-1,0.0,0,0,0.0,0
8,123,13801,0,9021.435546875,20,11623,1.0025603771209717,1.118580937385559,1.0,9021.435546875,8065.07177734375,0.0,0.0,-1,-1,0.0,0,0,0.0,0
8,124,13801,0,8144.171875,20,9699,1.0006345510482788,1.131372094154358,1.0,8144.171875,7207.5009765625,0.0,0.0,-1,-1,0.0,0,0,0.0,0
8,125,13801,0,9257.330078125,20,9701,1.0018476247787476,1.1062253713607788,1.0,9257.330078125,8377.6240234375,0.0,0.0,-1,-1,0.0,0,0,0.0,0
8,126,13801,0,10485.7373046875,20,11767,1.004162073135376,1.108384370803833,1.0,10485.7373046875,9476.7392578125,1.1186171770095825,10069.78515625,20,11621,1.0034921169281006,0,0,0.0,0
8,127,13801,0,7744.55908203125,20,10783,1.0010368824005127,1.1391514539718628,1.0,7744.55908203125,6798.533203125,0.0,0.0,-1,-1,0.0,0,0,0.0,0
8,128,13801,0,8439.150390625,20,11766,1.000747799873352,1.129952073097229,1.0,8439.150390625,7475.43798828125,0.0,0.0,-1,-1,0.0,0,0,0.0,0
8,129,13801,0,8806.77734375,20,9702,1.0017659664154053,1.110503077507019,1.0,8806.77734375,7930.43896484375,0.0,0.0,-1,-1,0.0,0,0,0.0,0
8,130,13801,0,8642.1201171875,20,7498,1.001825213432312,1.11531400680542,1.0,8642.1201171875,7748.59814453125,0.0,0.0,-1,-1,0.0,0,0,0.0,0
8,131,13801,0,8003.4609375,20,9700,1.0017786026000977,1.1308990716934204,1.0,8003.4609375,7092.1611328125,0.0,0.0,-1,-1,0.0,0,0,0.0,0
8,132,13801,0,8237.9306640625,20,2205,1.0021404027938843,1.1336628198623657,1.0,8237.9306640625,7273.98388671875,0.0,0.0,-1,-1,0.0,0,0,0.0,0
8,133,13801,0,21920.12890625,13,11607,2303.38134765625,193.6184844970703,1.8046574592590332,12146.4208984375,21920.12890625,193.6184844970703,21920.12890625,13,11607,2303.38134765625,1,0,21920.12890625,0
8,134,13801,0,9504.0595703125,20,2507,1.0017768144607544,1.1088749170303345,1.0,9504.0595703125,8570.9033203125,0.0,0.0,-1,-1,0.0,0,0,0.0,0
8,135,13801,0,10294.8291015625,20,7498,1.0021480321884155,1.0948028564453125,1.0,10294.8291015625,9416.69140625,1.1027944087982178,10083.8505859375,20,7495,1.0007824897766113,0,0,0.0,0
8,136,13801,0,29899194368.0,20,10599,48427.55078125,843798.25,1.0,29899194368.0,136552176.0,15393644.0,15393644.0,4,10620,3878.34228515625,37,29,29899194368.0,1
8,137,13801,0,10610.15625,20,9702,1.0018502473831177,1.0901460647583008,1.0,10610.15625,9732.7841796875,1.1054822206497192,10067.4970703125,20,9697,1.000609278678894,0,0,0.0,0
8,138,13801,0,8054.3427734375,20,2204,1.0012407302856445,1.1380741596221924,1.0,8054.3427734375,7108.93115234375,0.0,0.0,-1,-1,0.0,0,0,0.0,0
8,139,13801,0,9468.0068359375,20,7498,1.001843810081482,1.1051888465881348,1.0,9468.0068359375,8566.8681640625,0.0,0.0,-1,-1,0.0,0,0,0.0,0
8,140,13801,0,8764.6435546875,20,7498,1.0016484260559082,1.1147249937057495,1.0,8764.6435546875,7862.86376953125,0.0,0.0,-1,-1,0.0,0,0,0.0,0
8,141,13801,0,10623.3037109375,20,11767,1.0044727325439453,1.1064809560775757,1.0,10623.3037109375,9600.982421875,1.1215499639511108,10164.3525390625,20,11764,0.9997208714485168,0,0,0.0,0
8,142,13801,0,8976.4052734375,20,7498,1.0019474029541016,1.1111054420471191,1.0,8976.4052734375,8078.80615234375,0.0,0.0,-1,-1,0.0,0,0,0.0,0
8,143,13801,0,15336433.0,3,4641,160714.609375,2.914895534515381,6.079044818878174,2522836.0,15336433.0,28174.927734375,28174.927734375,0,5655,50.83359909057617,6,4,15336433.0,1
8,144,13801,0,8622.3193359375,20,10785,1.0010732412338257,1.1328390836715698,1.0,8622.3193359375,7621.4140625,0.0,0.0,-1,-1,0.0,0,0,0.0,0
8,145,13801,0,9975.6826171875,20,7498,1.001516342163086,1.0989477634429932,1.0,9975.6826171875,9083.52734375,0.0,0.0,-1,-1,0.0,0,0,0.0,0
8,146,13801,0,10811.2763671875,20,7498,1.0023170709609985,1.0905842781066895,1.0,10811.2763671875,9931.5478515625,1.1112273931503296,10047.4150390625,20,7492,0.9999917149543762,0,0,0.0,0
8,147,13801,0,9636.3564453125,20,9702,1.002023696899414,1.0993503332138062,1.0,9636.3564453125,8765.5009765625,0.0,0.0,-1,-1,0.0,0,0,0.0,0
8,148,13801,0,11942.341796875,20,9702,1.0027520656585693,1.077099323272705,1.0,11942.341796875,11090.220703125,1.1096659898757935,10000.470703125,20,9693,0.999481737613678,0,0,0.0,0
8,149,13801,0,8760.6015625,20,2506,1.0016096830368042,1.120286464691162,1.0,8760.6015625,7823.05517578125,0.0,0.0,-1,-1,0.0,0,0,0.0,0
8,150,13801,0,8526.029296875,20,7497,1.0011746883392334,1.118269920349121,1.0,8526.029296875,7632.59521484375,0.0,0.0,-1,-1,0.0,0,0,0.0,0
8,151,13801,0,7794.19482421875,20,2205,1.000226616859436,1.1366161108016968,1.0,7794.19482421875,6860.75,0.0,0.0,-1,-1,0.0,0,0,0.0,0
8,152,13801,0,8841.943359375,20,2507,1.0022708177566528,1.1170233488082886,1.0,8841.943359375,7915.6298828125,0.0,0.0,-1,-1,0.0,0,0,0.0,0
8,153,13801,0,8957.2265625,20,7498,1.0001686811447144,1.1118643283843994,1.0,8957.2265625,8068.080078125,0.0,0.0,-1,-1,0.0,0,0,0.0,0
8,154,13801,0,9353.8359375,20,7498,1.0015881061553955,1.105670690536499,1.0,9353.8359375,8459.875,0.0,0.0,-1,-1,0.0,0,0,0.0,0
8,155,13801,0,9028.8212890625,20,9701,1.0016846656799316,1.110594391822815,1.0,9028.8212890625,8139.35205078125,0.0,0.0,-1,-1,0.0,0,0,0.0,0
8,156,13801,0,9573.515625,20,9702,1.001775860786438,1.100088119506836,1.0,9573.515625,8702.4990234375,0.0,0.0,-1,-1,0.0,0,0,0.0,0
8,157,13801,0,12200.234375,20,7498,1.0023407936096191,1.0791670083999634,1.0,12200.234375,11325.7158203125,1.1198277473449707,10100.62890625,20,2502,1.0047824382781982,0,0,0.0,0
8,158,13801,0,9782.4365234375,20,2507,1.002354621887207,1.105834722518921,1.0,9782.4365234375,8869.494140625,0.0,0.0,-1,-1,0.0,0,0,0.0,0
8,159,13801,0,7917.22802734375,20,9699,1.0011305809020996,1.1328202486038208,1.0,7917.22802734375,6990.5439453125,0.0,0.0,-1,-1,0.0,0,0,0.0,0
8,160,13801,0,9838.2353515625,20,7498,1.0012530088424683,1.09994375705719,1.0,9838.2353515625,8960.1376953125,0.0,0.0,-1,-1,0.0,0,0,0.0,0
8,161,13801,0,8438.72265625,20,7498,1.0013388395309448,1.1190118789672852,1.0,8438.72265625,7541.22705078125,0.0,0.0,-1,-1,0.0,0,0,0.0,0
8,162,13801,0,15052.2197265625,20,9703,1.0031489133834839,1.0570577383041382,1.0,15052.2197265625,14239.7333984375,1.1186394691467285,10123.8671875,20,7486,0.998646080493927,0,0,0.0,0
8,163,13801,0,10354.4130859375,20,11623,1.0027025938034058,1.104159951210022,1.0,10354.4130859375,9377.638671875,1.1152130365371704,10152.7646484375,20,11620,1.0024114847183228,0,0,0.0,0
8,164,13801,0,11640.3359375,20,9702,1.0033838748931885,1.0819199085235596,1.0,11640.3359375,10758.962890625,1.1131280660629272,10060.34375,20,7490,0.9997832179069519,0,0,0.0,0
8,165,13801,0,11245.853515625,20,9702,1.0032166242599487,1.0844076871871948,1.0,11245.853515625,10370.5029296875,1.1105170249938965,10001.236328125,20,9695,1.000633955001831,0,0,0.0,0
8,166,13801,0,8512.1962890625,20,7497,1.0011780261993408,1.1194710731506348,1.0,8512.1962890625,7610.2177734375,0.0,0.0,-1,-1,0.0,0,0,0.0,0
8,167,13801,0,11900.939453125,20,9702,1.002374291419983,1.076981544494629,1.0,11900.939453125,11058.1015625,1.1078213453292847,10053.388671875,20,9693,1.000461220741272,0,0,0.0,0
8,168,13801,0,8848.8076171875,20,2506,1.0021047592163086,1.119682788848877,1.0,8848.8076171875,7934.32421875,0.0,0.0,-1,-1,0.0,0,0,0.0,0
8,169,13801,0,8143.9638671875,20,9699,1.002195954322815,1.1315428018569946,1.0,8143.9638671875,7201.44091796875,0.0,0.0,-1,-1,0.0,0,0,0.0,0
8,170,13801,0,8028.798828125,20,9700,1.0023406744003296,1.131707787513733,1.0,8028.798828125,7094.41015625,0.0,0.0,-1,-1,0.0,0,0,0.0,0
8,171,13801,0,11644.7900390625,20,7499,1.0018476247787476,1.0811091661453247,1.0,11644.7900390625,10771.1513671875,1.1146016120910645,10146.998046875,20,7490,1.0002522468566895,0,0,0.0,0
8,172,13801,0,8167.046875,20,10785,1.0026942491531372,1.1340659856796265,1.0,8167.046875,7201.56201171875,0.0,0.0,-1,-1,0.0,0,0,0.0,0
8,173,13801,0,11308.048828125,20,9702,1.0028451681137085,1.0827058553695679,1.0,11308.048828125,10444.248046875,1.106945276260376,10061.0322265625,20,7491,1.0005381107330322,0,0,0.0,0
8,174,13801,0,7805.39013671875,20,9700,1.0008306503295898,1.133811593055725,1.0,7805.39013671875,6887.06689453125,0.0,0.0,-1,-1,0.0,0,0,0.0,0
8,175,13801,0,8403.96875,20,11622,1.0022084712982178,1.1300610303878784,1.0,8403.96875,7458.0029296875,0.0,0.0,-1,-1,0.0,0,0,0.0,0
8,176,13801,0,10161.306640625,20,2507,1.003265380859375,1.1010518074035645,1.0,10161.306640625,9228.7275390625,1.1105278730392456,10000.22265625,20,2504,1.0012611150741577,0,0,0.0,0
8,177,13801,0,11086.95703125,20,7498,1.0024222135543823,1.0875650644302368,1.0,11086.95703125,10198.5810546875,1.1128193140029907,10009.505859375,20,2504,1.000752568244934,0,0,0.0,0
8,178,13801,0,7773.5322265625,20,2203,1.0004680156707764,1.1382731199264526,1.0,7773.5322265625,6838.546875,0.0,0.0,-1,-1,0.0,0,0,0.0,0
8,179,13801,0,9628.208984375,20,7498,1.0019896030426025,1.1030526161193848,1.0,9628.208984375,8729.3408203125,0.0,0.0,-1,-1,0.0,0,0,0.0,0
8,180,13801,0,8789.8095703125,20,7498,1.001616358757019,1.114755392074585,1.0,8789.8095703125,7884.966796875,0.0,0.0,-1,-1,0.0,0,0,0.0,0
8,181,13801,0,8488.5927734375,20,2207,1.0011767148971558,1.1306610107421875,1.0,8488.5927734375,7507.63720703125,0.0,0.0,-1,-1,0.0,0,0,0.0,0
8,182,13801,0,9074.78515625,20,7498,1.0009440183639526,1.1103078126907349,1.0,9074.78515625,8177.35302734375,0.0,0.0,-1,-1,0.0,0,0,0.0,0
8,183,13801,0,11227.1806640625,20,9702,1.0025904178619385,1.084194302558899,1.0,11227.1806640625,10356.8037109375,1.1094386577606201,10016.703125,20,9695,0.9998314380645752,0,0,0.0,0
8,184,13801,0,9390.919921875,20,9702,1.0016281604766846,1.1027191877365112,1.0,9390.919921875,8516.1484375,0.0,0.0,-1,-1,0.0,0,0,0.0,0
8,185,13801,0,9468.0341796875,20,7498,1.000867247581482,1.103537917137146,1.0,9468.0341796875,8589.53125,0.0,0.0,-1,-1,0.0,0,0,0.0,0
8,186,13801,0,9054.0380859375,20,7498,1.0012290477752686,1.1098963022232056,1.0,9054.0380859375,8160.8798828125,0.0,0.0,-1,-1,0.0,0,0,0.0,0
8,187,13801,0,8127.5751953125,20,7498,1.000460147857666,1.1244642734527588,1.0,8127.5751953125,7232.2939453125,0.0,0.0,-1,-1,0.0,0,0,0.0,0
8,188,13801,0,9761.9853515625,20,7498,1.0019855499267578,1.1011170148849487,1.0,9761.9853515625,8870.1865234375,0.0,0.0,-1,-1,0.0,0,0,0.0,0
8,189,13801,0,10610.0595703125,20,7499,1.0026124715805054,1.090741515159607,1.0,10610.0595703125,9727.3818359375,1.1095988750457764,10053.6533203125,20,7493,1.0001444816589355,0,0,0.0,0
8,190,13801,0,9303.0380859375,20,7498,1.00082528591156,1.1061584949493408,1.0,9303.0380859375,8421.5458984375,0.0,0.0,-1,-1,0.0,0,0,0.0,0
8,191,13801,0,8648.169921875,20,7498,1.0017873048782349,1.1150398254394531,1.0,8648.169921875,7755.92919921875,0.0,0.0,-1,-1,0.0,0,0,0.0,0
8,192,13801,0,8706.87890625,20,2207,1.0019001960754395,1.1290925741195679,1.0,8706.87890625,7723.8427734375,0.0,0.0,-1,-1,0.0,0,0,0.0,0
8,193,13801,0,8565.435546875,20,7498,1.0009616613388062,1.1172868013381958,1.0,8565.435546875,7666.2822265625,0.0,0.0,-1,-1,0.0,0,0,0.0,0
8,194,13801,0,7865.84521484375,20,9700,1.0009562969207764,1.1306473016738892,1.0,7865.84521484375,6956.93994140625,0.0,0.0,-1,-1,0.0,0,0,0.0,0
8,195,13801,0,9990.0078125,20,7498,1.0012383460998535,1.0969074964523315,1.0,9990.0078125,9120.1591796875,0.0,0.0,-1,-1,0.0,0,0,0.0,0
8,196,13801,0,10668.509765625,20,7498,1.0023810863494873,1.0917928218841553,1.0,10668.509765625,9771.5517578125,1.114675521850586,10050.43359375,20,2503,1.0012086629867554,0,0,0.0,0
8,197,13801,0,11590.6337890625,20,11767,1.0043030977249146,1.0987447500228882,1.0,11590.6337890625,10557.4619140625,1.1341731548309326,10026.330078125,20,11760,0.9987183809280396,0,0,0.0,0
8,198,13801,0,7953.7568359375,20,9700,1.0022512674331665,1.1318694353103638,1.0,7953.7568359375,7027.09716796875,0.0,0.0,-1,-1,0.0,0,0,0.0,0
8,199,13801,0,9226.0009765625,20,7498,1.0018255710601807,1.1073617935180664,1.0,9226.0009765625,8332.125,0.0,0.0,-1,-1,0.0,0,0,0.0,0
8,200,13801,0,8561.078125,20,7498,1.0018316507339478,1.1181672811508179,1.0,8561.078125,7656.34814453125,0.0,0.0,-1,-1,0.0,0,0,0.0,0
8,201,13801,0,8520.79296875,20,7497,1.0011368989944458,1.1196556091308594,1.0,8520.79296875,7626.837890625,0.0,0.0,-1,-1,0.0,0,0,0.0,0
8,202,13801,0,8425.8818359375,20,11623,1.0016016960144043,1.126937985420227,1.0,8425.8818359375,7503.35205078125,0.0,0.0,-1,-1,0.0,0,0,0.0,0
8,203,13801,0,10459.4365234375,20,7499,1.0021851062774658,1.0906354188919067,1.0,10459.4365234375,9590.22265625,1.105767011642456,10046.01953125,20,9698,1.0009921789169312,0,0,0.0,0
8,204,13801,0,7901.52587890625,20,2204,1.0009232759475708,1.1379539966583252,1.0,7901.52587890625,6943.625,0.0,0.0,-1,-1,0.0,0,0,0.0,0
8,205,13801,0,10169.400390625,20,7498,1.001876711845398,1.0967768430709839,1.0,10169.400390625,9285.8251953125,1.1018517017364502,10066.701171875,20,7496,1.0013660192489624,0,0,0.0,0
8,206,13801,0,10181.21484375,20,2507,1.002484917640686,1.1028156280517578,1.0,10181.21484375,9235.150390625,1.1094075441360474,10064.232421875,20,2505,1.0014564990997314,0,0,0.0,0
8,207,13801,0,8611.390625,20,9701,1.00178861618042,1.1156946420669556,1.0,8611.390625,7719.6337890625,0.0,0.0,-1,-1,0.0,0,0,0.0,0
8,208,13801,0,9333.177734375,20,8042,1.0009593963623047,1.100698709487915,1.0,9333.177734375,8484.2158203125,0.0,0.0,-1,-1,0.0,0,0,0.0,0
8,209,13801,0,7999.51806640625,20,7497,1.001013159751892,1.126989722251892,1.0,7999.51806640625,7100.58984375,0.0,0.0,-1,-1,0.0,0,0,0.0,0
8,210,13801,0,8720.046875,20,7498,1.0008186101913452,1.1152839660644531,1.0,8720.046875,7819.52392578125,0.0,0.0,-1,-1,0.0,0,0,0.0,0
8,211,13801,0,10101.99609375,20,7498,1.0021051168441772,1.097363829612732,1.0,10101.99609375,9208.7666015625,1.10214364528656,10018.1572265625,20,7496,1.0017887353897095,0,0,0.0,0
8,212,13801,0,8841.5263671875,20,9701,1.001615285873413,1.113202691078186,1.0,8841.5263671875,7948.88720703125,0.0,0.0,-1,-1,0.0,0,0,0.0,0
8,213,13801,0,10451.9580078125,20,9702,1.0024281740188599,1.090652585029602,1.0,10451.9580078125,9583.21484375,1.1009516716003418,10143.1142578125,20,9698,1.0011537075042725,0,0,0.0,0
8,214,13801,0,8000.86279296875,20,2206,1.000895380973816,1.1347222328186035,1.0,8000.86279296875,7057.990234375,0.0,0.0,-1,-1,0.0,0,0,0.0,0
8,215,13801,0,8794.1748046875,20,7497,1.0017088651657104,1.115215539932251,1.0,8794.1748046875,7904.9658203125,0.0,0.0,-1,-1,0.0,0,0,0.0,0
8,216,13801,0,8500.654296875,20,2506,1.0015361309051514,1.1241099834442139,1.0,8500.654296875,7576.37109375,0.0,0.0,-1,-1,0.0,0,0,0.0,0
8,217,13801,0,9071.27734375,20,1790,1.0010226964950562,1.1079349517822266,1.0,9071.27734375,8194.8408203125,0.0,0.0,-1,-1,0.0,0,0,0.0,0
8,218,13801,0,8415.1484375,20,11766,1.0009576082229614,1.1296411752700806,1.0,8415.1484375,7452.3818359375,0.0,0.0,-1,-1,0.0,0,0,0.0,0
8,219,13801,0,7832.9501953125,20,9700,1.0013262033462524,1.1333677768707275,1.0,7832.9501953125,6913.384765625,0.0,0.0,-1,-1,0.0,0,0,0.0,0
8,220,13801,0,13600.240234375,20,7499,1.0025603771209717,1.0687644481658936,1.0,13600.240234375,12735.6220703125,1.1241214275360107,10202.5009765625,20,7488,0.9810793399810791,0,0,0.0,0
8,221,13801,0,8401.2587890625,20,2206,1.002150297164917,1.1333318948745728,1.0,8401.2587890625,7418.8740234375,0.0,0.0,-1,-1,0.0,0,0,0.0,0
8,222,13801,0,8298.94921875,20,11622,1.0015662908554077,1.1312496662139893,1.0,8298.94921875,7340.89404296875,0.0,0.0,-1,-1,0.0,0,0,0.0,0
8,223,13801,0,8903.3720703125,20,2208,1.0017963647842407,1.1247860193252563,1.0,8903.3720703125,7919.97021484375,0.0,0.0,-1,-1,0.0,0,0,0.0,0
8,224,13801,0,8137.755859375,20,9700,1.0009846687316895,1.1237441301345825,1.0,8137.755859375,7247.82421875,0.0,0.0,-1,-1,0.0,0,0,0.0,0
8,225,13801,0,7762.703125,20,9700,1.0011669397354126,1.1332992315292358,1.0,7762.703125,6852.43310546875,0.0,0.0,-1,-1,0.0,0,0,0.0,0
8,226,13801,0,8450.234375,20,7498,1.0013463497161865,1.1186212301254272,1.0,8450.234375,7554.15185546875,0.0,0.0,-1,-1,0.0,0,0,0.0,0
8,227,13801,0,10187.60546875,20,7498,1.0021774768829346,1.0965220928192139,1.0,10187.60546875,9300.0244140625,1.101466178894043,10089.81640625,20,7496,1.0018621683120728,0,0,0.0,0
8,228,13801,0,8548.9677734375,20,11766,1.0015778541564941,1.1274291276931763,1.0,8548.9677734375,7582.7099609375,0.0,0.0,-1,-1,0.0,0,0,0.0,0
8,229,13801,0,32751.12890625,0,738,5.720750331878662,1.0381265878677368,3.065816879272461,10682.67578125,31548.298828125,1.098046064376831,10073.9951171875,20,1786,1.0011214017868042,0,0,0.0,0
8,230,13801,0,8034.0859375,20,2204,1.0011063814163208,1.1391854286193848,1.0,8034.0859375,7052.48291015625,0.0,0.0,-1,-1,0.0,0,0,0.0,0
8,231,13801,0,8918.9990234375,20,7498,1.0014586448669434,1.1116149425506592,1.0,8918.9990234375,8023.9931640625,0.0,0.0,-1,-1,0.0,0,0,0.0,0
8,232,13801,0,8188.48486328125,20,7497,1.001550555229187,1.124821424484253,1.0,8188.48486328125,7285.083984375,0.0,0.0,-1,-1,0.0,0,0,0.0,0
8,233,13801,0,8660.3046875,20,2207,1.00168776512146,1.1288927793502808,1.0,8660.3046875,7673.02783203125,0.0,0.0,-1,-1,0.0,0,0,0.0,0
8,234,13801,0,12319.2197265625,20,7499,1.0026286840438843,1.0762486457824707,1.0,12319.2197265625,11446.443359375,1.1229188442230225,10015.6123046875,20,7488,1.0057438611984253,0,0,0.0,0
8,235,13801,0,10817.4208984375,20,9702,1.0026012659072876,1.0888786315917969,1.0,10817.4208984375,9938.0966796875,1.1075159311294556,10061.3486328125,20,7492,1.0001965761184692,0,0,0.0,0
8,236,13801,0,10633.265625,20,7498,1.0022642612457275,1.0921709537506104,1.0,10633.265625,9748.0556640625,1.1079050302505493,10110.080078125,20,7493,1.0005594491958618,0,0,0.0,0
8,237,13801,0,9911.1435546875,20,11623,1.0028856992721558,1.1084518432617188,1.0,9911.1435546875,8941.4287109375,0.0,0.0,-1,-1,0.0,0,0,0.0,0
8,238,13801,0,9307.5517578125,20,7498,1.0008131265640259,1.1066107749938965,1.0,9307.5517578125,8421.0,0.0,0.0,-1,-1,0.0,0,0,0.0,0
8,239,13801,0,11419.279296875,20,9702,1.0018783807754517,1.0808193683624268,1.0,11419.279296875,10569.662109375,1.1064772605895996,10046.134765625,20,9694,1.0002201795578003,0,0,0.0,0
8,240,13801,0,9620.7744140625,20,7498,1.0015349388122559,1.1013391017913818,1.0,9620.7744140625,8736.138671875,0.0,0.0,-1,-1,0.0,0,0,0.0,0
8,241,13801,0,9099.732421875,20,9702,1.0019264221191406,1.1075340509414673,1.0,9099.732421875,8216.2099609375,0.0,0.0,-1,-1,0.0,0,0,0.0,0
8,242,13801,0,9561.2041015625,20,7498,1.0014644861221313,1.1034328937530518,1.0,9561.2041015625,8671.5009765625,0.0,0.0,-1,-1,0.0,0,0,0.0,0
8,243,13801,0,8504.6943359375,20,7499,1.0017328262329102,1.1163301467895508,1.0,8504.6943359375,7618.43994140625,0.0,0.0,-1,-1,0.0,0,0,0.0,0
8,244,13801,0,9044.4638671875,20,7498,1.0017677545547485,1.1093140840530396,1.0,9044.4638671875,8153.2041015625,0.0,0.0,-1,-1,0.0,0,0,0.0,0
8,245,13801,0,9246.189453125,20,2209,1.0040981769561768,1.1197521686553955,1.0,9246.189453125,8257.353515625,0.0,0.0,-1,-1,0.0,0,0,0.0,0
8,246,13801,0,10466.767578125,20,7498,1.0017597675323486,1.0939345359802246,1.0,10466.767578125,9584.35546875,1.106035828590393,10116.130859375,20,7494,1.0006476640701294,0,0,0.0,0
8,247,13801,0,200673696.0,20,8911,200.37437438964844,34395.35546875,1.0,200673696.0,1478285.0,175561.75,175561.75,2,4102,1692.251220703125,16,12,200673696.0,1
8,248,13801,0,8652.0263671875,20,7498,1.0016223192214966,1.1167025566101074,1.0,8652.0263671875,7747.833984375,0.0,0.0,-1,-1,0.0,0,0,0.0,0
8,249,13801,0,8278.58984375,20,7497,1.0009855031967163,1.1220749616622925,1.0,8278.58984375,7384.087890625,0.0,0.0,-1,-1,0.0,0,0,0.0,0
8,250,13801,0,9042.4306640625,20,7498,1.0013319253921509,1.1106200218200684,1.0,9042.4306640625,8144.7490234375,0.0,0.0,-1,-1,0.0,0,0,0.0,0
8,251,13801,0,9996.1572265625,20,7499,1.0023137331008911,1.0966473817825317,1.0,9996.1572265625,9115.197265625,0.0,0.0,-1,-1,0.0,0,0,0.0,0
8,252,13801,0,8130.98095703125,20,9699,1.002204418182373,1.1320675611495972,1.0,8130.98095703125,7188.03515625,0.0,0.0,-1,-1,0.0,0,0,0.0,0
8,253,13801,0,8451.51171875,20,11621,1.0021388530731201,1.130284070968628,1.0,8451.51171875,7490.55810546875,0.0,0.0,-1,-1,0.0,0,0,0.0,0
8,254,13801,0,9102.173828125,20,7498,1.0015488862991333,1.1082466840744019,1.0,9102.173828125,8213.1298828125,0.0,0.0,-1,-1,0.0,0,0,0.0,0
8,255,13801,0,8140.32177734375,20,9700,1.002311110496521,1.1303796768188477,1.0,8140.32177734375,7201.40478515625,0.0,0.0,-1,-1,0.0,0,0,0.0,0
8,256,13801,0,7922.6767578125,20,9701,1.001381754875183,1.1278164386749268,1.0,7922.6767578125,7024.79296875,0.0,0.0,-1,-1,0.0,0,0,0.0,0
8,257,13801,0,8485.0732421875,20,2506,1.0017297267913818,1.1241074800491333,1.0,8485.0732421875,7548.27587890625,0.0,0.0,-1,-1,0.0,0,0,0.0,0
8,258,13801,0,7881.1689453125,20,9700,1.001676321029663,1.1335010528564453,1.0,7881.1689453125,6952.94384765625,0.0,0.0,-1,-1,0.0,0,0,0.0,0
8,259,13801,0,10999.4384765625,20,7498,1.0024861097335815,1.088497281074524,1.0,10999.4384765625,10105.1591796875,1.1158673763275146,10143.0595703125,20,2502,1.0007489919662476,0,0,0.0,0
8,260,13801,0,8444.814453125,20,11621,1.0019291639328003,1.1301957368850708,1.0,8444.814453125,7485.4169921875,0.0,0.0,-1,-1,0.0,0,0,0.0,0
8,261,13801,0,9670.125,20,7498,1.0012056827545166,1.1026039123535156,1.0,9670.125,8775.0859375,0.0,0.0,-1,-1,0.0,0,0,0.0,0
8,262,13801,0,8683.8466796875,20,7498,1.0016002655029297,1.114397644996643,1.0,8683.8466796875,7792.4130859375,0.0,0.0,-1,-1,0.0,0,0,0.0,0
8,263,13801,0,7906.10888671875,20,2204,1.0009480714797974,1.1380391120910645,1.0,7906.10888671875,6947.1328125,0.0,0.0,-1,-1,0.0,0,0,0.0,0
8,264,13801,0,9480.8212890625,20,7498,1.0020363330841064,1.1043637990951538,1.0,9480.8212890625,8588.748046875,0.0,0.0,-1,-1,0.0,0,0,0.0,0
8,265,13801,0,10694.134765625,20,9702,1.0021302700042725,1.087586522102356,1.0,10694.134765625,9832.904296875,1.1035844087600708,10044.0302734375,20,9696,1.0007058382034302,0,0,0.0,0
8,266,13801,0,7926.22314453125,20,9699,1.0017051696777344,1.1335484981536865,1.0,7926.22314453125,6992.39892578125,0.0,0.0,-1,-1,0.0,0,0,0.0,0
8,267,13801,0,8310.9306640625,20,2206,1.0010453462600708,1.131579875946045,1.0,8310.9306640625,7346.2490234375,0.0,0.0,-1,-1,0.0,0,0,0.0,0
8,268,13801,0,8095.8427734375,20,2206,1.001207947731018,1.134323000907898,1.0,8095.8427734375,7137.92578125,0.0,0.0,-1,-1,0.0,0,0,0.0,0
8,269,13801,0,10076.0927734375,20,7498,1.0015337467193604,1.0979722738265991,1.0,10076.0927734375,9177.4990234375,1.1030113697052002,10006.2080078125,20,7496,1.0011168718338013,0,0,0.0,0
8,270,13801,0,8806.072265625,20,10785,1.0014675855636597,1.1308956146240234,1.0,8806.072265625,7804.19921875,0.0,0.0,-1,-1,0.0,0,0,0.0,0
8,271,13801,0,8123.5,20,9698,1.0018994808197021,1.1329224109649658,1.0,8123.5,7183.73681640625,0.0,0.0,-1,-1,0.0,0,0,0.0,0
8,272,13801,0,8911.79296875,20,2507,1.002298355102539,1.1159981489181519,1.0,8911.79296875,7987.2158203125,0.0,0.0,-1,-1,0.0,0,0,0.0,0
8,273,13801,0,10830.1083984375,20,9702,1.0021291971206665,1.0857127904891968,1.0,10830.1083984375,9975.11328125,1.1018826961517334,10000.80078125,20,2077,1.0013139247894287,0,0,0.0,0
8,274,13801,0,9655.5859375,20,7498,1.0014735460281372,1.1029702425003052,1.0,9655.5859375,8765.095703125,0.0,0.0,-1,-1,0.0,0,0,0.0,0
8,275,13801,0,8487.5361328125,20,7498,1.0014102458953857,1.1180437803268433,1.0,8487.5361328125,7591.4169921875,0.0,0.0,-1,-1,0.0,0,0,0.0,0
8,276,13801,0,7970.22216796875,20,10783,1.0009382963180542,1.137781023979187,1.0,7970.22216796875,7009.35302734375,0.0,0.0,-1,-1,0.0,0,0,0.0,0
8,277,13801,0,8631.2158203125,20,7497,1.0013115406036377,1.1176458597183228,1.0,8631.2158203125,7739.98779296875,0.0,0.0,-1,-1,0.0,0,0,0.0,0
8,278,13801,0,7860.998046875,20,8322,1.0016549825668335,1.1390504837036133,1.0,7860.998046875,6901.36083984375,0.0,0.0,-1,-1,0.0,0,0,0.0,0
8,279,13801,0,9541.5087890625,20,11767,1.0032272338867188,1.1158483028411865,1.0,9541.5087890625,8550.9013671875,0.0,0.0,-1,-1,0.0,0,0,0.0,0
8,280,13801,0,8026.35986328125,20,9700,1.0018466711044312,1.1324323415756226,1.0,8026.35986328125,7087.716796875,0.0,0.0,-1,-1,0.0,0,0,0.0,0
8,281,13801,0,8658.482421875,20,7498,1.001744031906128,1.1157325506210327,1.0,8658.482421875,7760.35693359375,0.0,0.0,-1,-1,0.0,0,0,0.0,0
8,282,13801,0,8511.06640625,20,7498,1.0015575885772705,1.117608904838562,1.0,8511.06640625,7615.4248046875,0.0,0.0,-1,-1,0.0,0,0,0.0,0
8,283,13801,0,10656.9423828125,20,7498,1.0021506547927856,1.0904268026351929,1.0,10656.9423828125,9787.517578125,1.1074976921081543,10054.30859375,20,9697,1.0016841888427734,0,0,0.0,0
8,284,13801,0,8286.548828125,20,7498,1.0009551048278809,1.1212574243545532,1.0,8286.548828125,7390.4072265625,0.0,0.0,-1,-1,0.0,0,0,0.0,0
8,285,13801,0,8263.7353515625,20,9700,1.0008008480072021,1.1288225650787354,1.0,8263.7353515625,7330.31884765625,0.0,0.0,-1,-1,0.0,0,0,0.0,0
8,286,13801,0,8565.044921875,20,7498,1.0014376640319824,1.1173659563064575,1.0,8565.044921875,7665.38916015625,0.0,0.0,-1,-1,0.0,0,0,0.0,0
8,287,13801,0,8168.69580078125,20,7497,1.0005221366882324,1.1252914667129517,1.0,8168.69580078125,7273.82080078125,0.0,0.0,-1,-1,0.0,0,0,0.0,0
8,288,13801,0,8625.1650390625,20,2506,1.0016486644744873,1.1222602128982544,1.0,8625.1650390625,7716.34716796875,0.0,0.0,-1,-1,0.0,0,0,0.0,0
8,289,13801,0,7895.7900390625,20,2204,1.0010350942611694,1.1381644010543823,1.0,7895.7900390625,6937.3017578125,0.0,0.0,-1,-1,0.0,0,0,0.0,0
8,290,13801,0,11630.1474609375,20,7499,1.0025722980499268,1.0807344913482666,1.0,11630.1474609375,10761.3359375,1.1136351823806763,10141.7060546875,20,7490,1.0002572536468506,0,0,0.0,0
8,291,13801,0,9312.3662109375,20,7498,1.0020277500152588,1.1073765754699707,1.0,9312.3662109375,8409.39453125,0.0,0.0,-1,-1,0.0,0,0,0.0,0
8,292,13801,0,8509.966796875,20,7498,1.0011324882507324,1.1187735795974731,1.0,8509.966796875,7606.51416015625,0.0,0.0,-1,-1,0.0,0,0,0.0,0
8,293,13801,0,10101.8564453125,20,9702,1.0019505023956299,1.0936462879180908,1.0,10101.8564453125,9236.8583984375,1.0973225831985474,10054.3046875,20,9700,1.001798152923584,0,0,0.0,0
8,294,13801,0,8713.5029296875,20,10785,1.0010225772857666,1.1321611404418945,1.0,8713.5029296875,7711.5048828125,0.0,0.0,-1,-1,0.0,0,0,0.0,0
8,295,13801,0,7802.64501953125,20,9698,1.0007588863372803,1.1367830038070679,1.0,7802.64501953125,6865.43115234375,0.0,0.0,-1,-1,0.0,0,0,0.0,0
8,296,13801,0,7963.0078125,20,2206,1.0012314319610596,1.1348226070404053,1.0,7963.0078125,7019.60400390625,0.0,0.0,-1,-1,0.0,0,0,0.0,0
8,297,13801,0,8769.7978515625,20,7497,1.0016826391220093,1.1142752170562744,1.0,8769.7978515625,7887.42578125,0.0,0.0,-1,-1,0.0,0,0,0.0,0
8,298,13801,0,9343.0439453125,20,9701,1.001922369003296,1.1052416563034058,1.0,9343.0439453125,8463.9208984375,0.0,0.0,-1,-1,0.0,0,0,0.0,0
8,299,13801,0,8209.5087890625,20,9700,1.001302719116211,1.129602313041687,1.0,8209.5087890625,7267.60986328125,0.0,0.0,-1,-1,0.0,0,0,0.0,0
8,300,13801,0,8071.6611328125,20,9699,1.0019081830978394,1.1330931186676025,1.0,8071.6611328125,7126.06103515625,0.0,0.0,-1,-1,0.0,0,0,0.0,0
9,1,13801,0,11603.0458984375,20,7494,1.0021740198135376,1.0868427753448486,1.0,11603.0458984375,10678.919921875,1.1200461387634277,10136.11328125,20,2495,0.9955331683158875,0,0,0.0,0
9,2,13801,0,9550.9091796875,20,2500,1.001245141029358,1.1119521856307983,1.0,9550.9091796875,8599.8515625,0.0,0.0,-1,-1,0.0,0,0,0.0,0
9,3,13801,0,9166.4306640625,20,11761,1.002056360244751,1.118237018585205,1.0,9166.4306640625,8197.2158203125,0.0,0.0,-1,-1,0.0,0,0,0.0,0
9,4,13801,0,13648.5048828125,20,7495,1.0028146505355835,1.0707464218139648,1.0,13648.5048828125,12746.720703125,1.1248552799224854,10085.8271484375,20,2431,1.003153920173645,0,0,0.0,0
9,5,13801,0,9147.02734375,20,2500,1.001772165298462,1.115452766418457,1.0,9147.02734375,8219.2333984375,0.0,0.0,-1,-1,0.0,0,0,0.0,0
9,6,13801,0,9995.255859375,20,7494,1.0010181665420532,1.0995920896530151,1.0,9995.255859375,9091.236328125,0.0,0.0,-1,-1,0.0,0,0,0.0,0
9,7,13801,0,9113.0859375,20,2500,1.0019679069519043,1.1158064603805542,1.0,9113.0859375,8167.26416015625,0.0,0.0,-1,-1,0.0,0,0,0.0,0
9,8,13801,0,9011.986328125,20,10779,1.0018059015274048,1.1188881397247314,1.0,9011.986328125,8054.412109375,0.0,0.0,-1,-1,0.0,0,0,0.0,0
9,9,13801,0,8935.5849609375,20,7493,1.00086510181427,1.113736629486084,1.0,8935.5849609375,8023.06787109375,0.0,0.0,-1,-1,0.0,0,0,0.0,0
9,10,13801,0,10732.7060546875,20,7494,1.0020207166671753,1.0930852890014648,1.0,10732.7060546875,9819.3369140625,1.110713243484497,10017.484375,20,7487,1.0001726150512695,0,0,0.0,0
9,11,13801,0,10876.4765625,20,9697,1.0013428926467896,1.0893471240997314,1.0,10876.4765625,9998.224609375,1.1064882278442383,10066.775390625,20,9690,1.0008234977722168,0,0,0.0,0
9,12,13801,0,10155.130859375,20,11762,1.0031439065933228,1.1080960035324097,1.0,10155.130859375,9164.6884765625,1.1136500835418701,10047.6796875,20,11760,1.0010908842086792,0,0,0.0,0
9,13,13801,0,14080.080078125,20,9698,1.0030453205108643,1.0658466815948486,1.0,14080.080078125,13210.23046875,1.1183087825775146,10097.73828125,20,7481,0.9969620704650879,0,0,0.0,0
9,14,13801,0,9561.3359375,20,11618,1.0016838312149048,1.1128408908843994,1.0,9561.3359375,8595.5009765625,0.0,0.0,-1,-1,0.0,0,0,0.0,0
9,15,13801,0,9375.4326171875,20,7493,1.0009574890136719,1.1095858812332153,1.0,9375.4326171875,8454.0458984375,0.0,0.0,-1,-1,0.0,0,0,0.0,0
9,16,13801,0,9331.2919921875,20,9697,1.000993013381958,1.105363368988037,1.0,9331.2919921875,8441.83203125,0.0,0.0,-1,-1,0.0,0,0,0.0,0
9,17,13801,0,11356.568359375,20,7494,1.0017282962799072,1.0884337425231934,1.0,11356.568359375,10451.7724609375,1.115516185760498,10006.3173828125,20,7485,0.9994494915008545,0,0,0.0,0
9,18,13801,0,10795.486328125,20,7494,1.0019805431365967,1.0909507274627686,1.0,10795.486328125,9898.0,1.1079668998718262,10039.4736328125,20,9691,1.0010513067245483,0,0,0.0,0
9,19,13801,0,9295.736328125,20,11761,1.001247763633728,1.1168099641799927,1.0,9295.736328125,8328.3828125,0.0,0.0,-1,-1,0.0,0,0,0.0,0
9,20,13801,0,9437.7607421875,20,7493,1.0014467239379883,1.1079154014587402,1.0,9437.7607421875,8526.4140625,0.0,0.0,-1,-1,0.0,0,0,0.0,0
9,21,13801,0,10236.3515625,20,11619,1.002710223197937,1.1054434776306152,1.0,10236.3515625,9259.9501953125,1.1142027378082275,10010.73828125,20,11616,1.0006282329559326,0,0,0.0,0
9,22,13801,0,9518.3115234375,20,2500,1.0010313987731934,1.1123385429382324,1.0,9518.3115234375,8569.3759765625,0.0,0.0,-1,-1,0.0,0,0,0.0,0
9,23,13801,0,10710.2021484375,20,7494,1.0020928382873535,1.0935975313186646,1.0,10710.2021484375,9794.9072265625,1.1100393533706665,10035.5439453125,20,2499,1.0011194944381714,0,0,0.0,0
9,24,13801,0,9854.6669921875,20,7494,1.0015240907669067,1.1009527444839478,1.0,9854.6669921875,8951.03515625,0.0,0.0,-1,-1,0.0,0,0,0.0,0
9,25,13801,0,9206.5927734375,20,2500,1.0004298686981201,1.114763855934143,1.0,9206.5927734375,8263.0732421875,0.0,0.0,-1,-1,0.0,0,0,0.0,0
9,26,13801,0,11416.50390625,20,7495,1.0024776458740234,1.0850390195846558,1.0,11416.50390625,10521.7451171875,1.114022135734558,10037.2568359375,20,7485,0.9993252158164978,0,0,0.0,0
9,27,13801,0,8791.3310546875,20,7492,1.001444935798645,1.1161227226257324,1.0,8791.3310546875,7878.18798828125,0.0,0.0,-1,-1,0.0,0,0,0.0,0
9,28,13801,0,10766.64453125,20,7494,1.0021803379058838,1.0931487083435059,1.0,10766.64453125,9851.0029296875,1.1110889911651611,10034.26953125,20,7487,1.0003610849380493,0,0,0.0,0
9,29,13801,0,9890.91015625,20,11619,1.0020947456359863,1.1073812246322632,1.0,9890.91015625,8931.802734375,0.0,0.0,-1,-1,0.0,0,0,0.0,0
9,30,13801,0,9171.0380859375,20,10778,1.0018792152404785,1.1187087297439575,1.0,9171.0380859375,8201.16015625,0.0,0.0,-1,-1,0.0,0,0,0.0,0
9,31,13801,0,9100.81640625,20,7493,1.000544548034668,1.112388014793396,1.0,9100.81640625,8181.3330078125,0.0,0.0,-1,-1,0.0,0,0,0.0,0
9,32,13801,0,14773.3564453125,20,9698,1.0031592845916748,1.0625191926956177,1.0,14773.3564453125,13904.083984375,1.1186131238937378,10011.255859375,20,12257,0.9997838735580444,0,0,0.0,0
9,33,13801,0,12105.392578125,20,7494,1.0023339986801147,1.0807522535324097,1.0,12105.392578125,11219.0029296875,1.1155939102172852,10033.142578125,20,7483,0.9988515973091125,0,0,0.0,0
9,34,13801,0,45608.32421875,10,9186,45608.32421875,38.42011260986328,1.6017009019851685,28474.931640625,45608.32421875,10123.001953125,10123.001953125,11,10959,19.34708023071289,3,0,45608.32421875,0
9,35,13801,0,9373.0712890625,20,7493,1.0011794567108154,1.1097561120986938,1.0,9373.0712890625,8449.048828125,0.0,0.0,-1,-1,0.0,0,0,0.0,0
9,36,13801,0,11638.7041015625,20,7495,1.0026487112045288,1.0843170881271362,1.0,11638.7041015625,10733.671875,1.1164168119430542,10070.1298828125,20,2497,1.0009210109710693,0,0,0.0,0
9,37,13801,0,12130.0439453125,20,7495,1.0022588968276978,1.0780019760131836,1.0,12130.0439453125,11252.3388671875,1.1133673191070557,10106.1650390625,20,7483,0.9994351267814636,0,0,0.0,0
9,38,13801,0,8819.18359375,20,7492,1.0013447999954224,1.1155028343200684,1.0,8819.18359375,7906.01611328125,0.0,0.0,-1,-1,0.0,0,0,0.0,0
9,39,13801,0,12809.8056640625,20,7495,1.002535343170166,1.0739619731903076,1.0,12809.8056640625,11927.615234375,1.1163356304168701,10010.9443359375,20,9687,0.9984903335571289,0,0,0.0,0
9,40,13801,0,9859.4931640625,20,7494,1.001074194908142,1.1019823551177979,1.0,9859.4931640625,8947.0517578125,0.0,0.0,-1,-1,0.0,0,0,0.0,0
9,41,13801,0,10950.1650390625,20,7494,1.002272605895996,1.0909539461135864,1.0,10950.1650390625,10042.7080078125,1.1097352504730225,10138.8720703125,20,7487,1.0005379915237427,0,0,0.0,0
9,42,13801,0,11341.568359375,20,7494,1.0023777484893799,1.0899066925048828,1.0,11341.568359375,10411.015625,1.121976375579834,10043.3251953125,20,2494,1.0041158199310303,0,0,0.0,0
9,43,13801,0,11542365184.0,20,9715,19.111385345458984,11542365184.0,1.0,11542365184.0,22895142.0,11542365184.0,11542365184.0,20,9715,19.111385345458984,21,19,11542365184.0,1
9,44,13801,0,10260.072265625,20,1786,1.001091718673706,1.0937591791152954,1.0,10260.072265625,9380.55859375,1.0990009307861328,10074.4951171875,20,1781,1.0008107423782349,0,0,0.0,0
9,45,13801,0,9810.7666015625,20,1785,1.001024842262268,1.099613904953003,1.0,9810.7666015625,8927.2177734375,0.0,0.0,-1,-1,0.0,0,0,0.0,0
9,46,13801,0,9266.27734375,20,7493,1.001174807548523,1.1108118295669556,1.0,9266.27734375,8341.896484375,0.0,0.0,-1,-1,0.0,0,0,0.0,0
9,47,13801,0,16480.185546875,20,7495,1.003326654434204,1.059478759765625,1.0,16480.185546875,15555.3271484375,1.1324013471603394,10153.791015625,20,7482,0.9993155002593994,0,0,0.0,0
9,48,13801,0,9445.958984375,20,11761,1.000846028327942,1.1158225536346436,1.0,9445.958984375,8473.998046875,0.0,0.0,-1,-1,0.0,0,0,0.0,0
9,49,13801,0,10249.6611328125,20,7494,1.000841736793518,1.0989433526992798,1.0,10249.6611328125,9332.3701171875,1.1104344129562378,10085.4638671875,20,2499,1.001906156539917,0,0,0.0,0
9,50,13801,0,11104.9814453125,20,9697,1.0017000436782837,1.087789535522461,1.0,11104.9814453125,10223.7724609375,1.107164740562439,10155.068359375,20,7486,1.0002821683883667,0,0,0.0,0
9,51,13801,0,12099.2099609375,20,9698,1.0024691820144653,1.0770747661590576,1.0,12099.2099609375,11233.3984375,1.109055757522583,10169.6220703125,20,7484,0.9993305802345276,0,0,0.0,0
9,52,13801,0,11960.1357421875,20,7494,1.0025770664215088,1.0832704305648804,1.0,11960.1357421875,11040.7666015625,1.1209098100662231,10003.2177734375,20,2493,0.9978283643722534,0,0,0.0,0
9,53,13801,0,9999.6572265625,20,2502,1.0024049282073975,1.1046134233474731,1.0,9999.6572265625,9070.6337890625,0.0,0.0,-1,-1,0.0,0,0,0.0,0
9,54,13801,0,9528.2138671875,20,11761,1.001149296760559,1.11520516872406,1.0,9528.2138671875,8553.810546875,0.0,0.0,-1,-1,0.0,0,0,0.0,0
9,55,13801,0,9822.822265625,20,7494,1.0017168521881104,1.1024446487426758,1.0,9822.822265625,8910.037109375,0.0,0.0,-1,-1,0.0,0,0,0.0,0
9,56,13801,0,8923.767578125,20,11761,1.0012363195419312,1.1188398599624634,1.0,8923.767578125,7975.9111328125,0.0,0.0,-1,-1,0.0,0,0,0.0,0
9,57,13801,0,9965.595703125,20,9697,1.0017049312591553,1.0984619855880737,1.0,9965.595703125,9072.3173828125,0.0,0.0,-1,-1,0.0,0,0,0.0,0
9,58,13801,0,9216.0498046875,20,11760,1.0019898414611816,1.1178090572357178,1.0,9216.0498046875,8247.8212890625,0.0,0.0,-1,-1,0.0,0,0,0.0,0
9,59,13801,0,10741.681640625,20,7494,1.0023709535598755,1.0941051244735718,1.0,10741.681640625,9817.7783203125,1.1145682334899902,10127.2626953125,20,2497,1.0013295412063599,0,0,0.0,0
9,60,13801,0,11249.57421875,20,7494,1.0022120475769043,1.0874712467193604,1.0,11249.57421875,10351.9755859375,1.112302541732788,10012.1484375,20,7485,1.00016450881958,0,0,0.0,0
9,61,13801,0,9322.759765625,20,7494,1.0019638538360596,1.108543038368225,1.0,9322.759765625,8409.9208984375,0.0,0.0,-1,-1,0.0,0,0,0.0,0
9,62,13801,0,8846.177734375,20,2499,1.0007649660110474,1.1195530891418457,1.0,8846.177734375,7910.89990234375,0.0,0.0,-1,-1,0.0,0,0,0.0,0
9,63,13801,0,9197.6494140625,20,7493,1.0002819299697876,1.1108969449996948,1.0,9197.6494140625,8286.7529296875,0.0,0.0,-1,-1,0.0,0,0,0.0,0
9,64,13801,0,9453.9267578125,20,11761,1.0008344650268555,1.1161119937896729,1.0,9453.9267578125,8483.48046875,0.0,0.0,-1,-1,0.0,0,0,0.0,0
9,65,13801,0,16055.20703125,20,9698,1.0033682584762573,1.0566846132278442,1.0,16055.20703125,15214.6474609375,23.59720230102539,11295.93359375,11,8094,11295.93359375,1,0,11295.93359375,0
9,66,13801,0,9907.984375,20,9697,1.0016893148422241,1.0987017154693604,1.0,9907.984375,9017.90234375,0.0,0.0,-1,-1,0.0,0,0,0.0,0
9,67,13801,0,10503.4208984375,20,7494,1.0018892288208008,1.0943413972854614,1.0,10503.4208984375,9597.9384765625,1.1079366207122803,10009.6474609375,20,7488,1.0000869035720825,0,0,0.0,0
9,68,13801,0,10396.1552734375,20,7494,1.0015869140625,1.096398115158081,1.0,10396.1552734375,9484.1806640625,1.1075422763824463,10039.86328125,20,7489,1.0009084939956665,0,0,0.0,0
9,69,13801,0,11300.1884765625,20,11763,1.0045236349105835,1.0996215343475342,1.0,11300.1884765625,10299.2255859375,1.1245769262313843,10145.654296875,20,11755,1.0019649267196655,0,0,0.0,0
9,70,13801,0,12607.654296875,20,9698,1.0021700859069824,1.0745131969451904,1.0,12607.654296875,11733.3642578125,1.112297773361206,10222.505859375,20,7483,0.9986335039138794,0,0,0.0,0
9,71,13801,0,11681.990234375,20,7495,1.0026353597640991,1.0837140083312988,1.0,11681.990234375,10779.587890625,1.1146516799926758,10096.5,20,2497,1.0013227462768555,0,0,0.0,0
9,72,13801,0,10720.0322265625,20,7494,1.002366542816162,1.094201683998108,1.0,10720.0322265625,9797.126953125,1.114877462387085,10115.283203125,20,2497,1.0015037059783936,0,0,0.0,0
9,73,13801,0,9215.8818359375,20,11761,1.0015536546707153,1.1172003746032715,1.0,9215.8818359375,8249.0859375,0.0,0.0,-1,-1,0.0,0,0,0.0,0
9,74,13801,0,9004.5537109375,20,11761,1.0018543004989624,1.1183394193649292,1.0,9004.5537109375,8051.7177734375,0.0,0.0,-1,-1,0.0,0,0,0.0,0
9,75,13801,0,13130.26171875,20,7494,1.003211498260498,1.076398491859436,1.0,13130.26171875,12198.328125,1.1293230056762695,10017.9130859375,20,2430,0.9994996786117554,0,0,0.0,0
9,76,13801,0,13065.1962890625,20,10782,1.0031365156173706,1.094587802886963,1.0,13065.1962890625,11973.03125,1.1325784921646118,10082.3486328125,20,2573,1.0070239305496216,0,0,0.0,0
9,77,13801,0,11868.9072265625,20,9698,1.0019421577453613,1.078904628753662,1.0,11868.9072265625,11000.88671875,1.1097750663757324,10078.994140625,20,7484,0.9994927644729614,0,0,0.0,0
9,78,13801,0,10082.4521484375,20,7494,1.0015150308609009,1.0981534719467163,1.0,10082.4521484375,9181.2783203125,1.1013774871826172,10030.138671875,20,7492,1.0004254579544067,0,0,0.0,0
9,79,13801,0,10108.0283203125,20,7494,1.0016093254089355,1.0977938175201416,1.0,10108.0283203125,9207.583984375,1.1029144525527954,10001.3759765625,20,7491,1.0012614727020264,0,0,0.0,0
9,80,13801,0,11853.9453125,20,7495,1.0024995803833008,1.0815929174423218,1.0,11853.9453125,10959.7099609375,1.1153931617736816,10066.994140625,20,7484,0.999699592590332,0,0,0.0,0
9,81,13801,0,11549.580078125,20,9697,1.0021401643753052,1.0829956531524658,1.0,11549.580078125,10674.435546875,1.1072070598602295,10150.2998046875,20,7485,1.0004061460494995,0,0,0.0,0
9,82,13801,0,9562.0244140625,20,2501,1.00137460231781,1.1108059883117676,1.0,9562.0244140625,8622.6796875,0.0,0.0,-1,-1,0.0,0,0,0.0,0
9,83,13801,0,12336.51171875,20,11619,1.0034412145614624,1.0893237590789795,1.0,12336.51171875,11338.748046875,1.1294317245483398,10037.1728515625,20,11754,1.0026603937149048,0,0,0.0,0
9,84,13801,0,8984.0498046875,20,9696,1.0012719631195068,1.111834168434143,1.0,8984.0498046875,8081.85302734375,0.0,0.0,-1,-1,0.0,0,0,0.0,0
9,85,13801,0,10879.0986328125,20,7494,1.0020201206207275,1.0926398038864136,1.0,10879.0986328125,9956.7109375,1.1160980463027954,10094.3671875,20,2496,1.000931978225708,0,0,0.0,0
9,86,13801,0,8987.1904296875,20,11761,1.0015435218811035,1.118491768836975,1.0,8987.1904296875,8035.09716796875,0.0,0.0,-1,-1,0.0,0,0,0.0,0
9,87,13801,0,9712.1591796875,20,7493,1.0016417503356934,1.1032794713974,1.0,9712.1591796875,8812.6689453125,0.0,0.0,-1,-1,0.0,0,0,0.0,0
9,88,13801,0,9330.9072265625,20,11761,1.0013700723648071,1.117061734199524,1.0,9330.9072265625,8370.7001953125,0.0,0.0,-1,-1,0.0,0,0,0.0,0
9,89,13801,0,9251.1162109375,20,10779,1.0022190809249878,1.118295669555664,1.0,9251.1162109375,8272.513671875,0.0,0.0,-1,-1,0.0,0,0,0.0,0
9,90,13801,0,9063.7685546875,20,7492,1.0018839836120605,1.1138060092926025,1.0,9063.7685546875,8144.92578125,0.0,0.0,-1,-1,0.0,0,0,0.0,0
9,91,13801,0,11195.1572265625,20,7494,1.001600742340088,1.0889863967895508,1.0,11195.1572265625,10296.1591796875,1.111835241317749,10069.482421875,20,9691,1.0008604526519775,0,0,0.0,0
9,92,13801,0,10456.9169921875,20,7494,1.0014703273773193,1.0967555046081543,1.0,10456.9169921875,9534.41015625,1.1124188899993896,10109.458984375,20,2498,1.00014328956604,0,0,0.0,0
9,93,13801,0,9243.5888671875,20,11760,1.0019747018814087,1.1178257465362549,1.0,9243.5888671875,8271.94921875,0.0,0.0,-1,-1,0.0,0,0,0.0,0
9,94,13801,0,15619.73046875,20,9698,1.0031635761260986,1.057862401008606,1.0,15619.73046875,14777.99609375,1.119759202003479,10106.400390625,20,7480,0.9949514865875244,0,0,0.0,0
9,95,13801,0,9119.7666015625,20,11761,1.0019937753677368,1.118236780166626,1.0,9119.7666015625,8160.1181640625,0.0,0.0,-1,-1,0.0,0,0,0.0,0
9,96,13801,0,12679.1943359375,20,7495,1.002489447593689,1.0745126008987427,1.0,12679.1943359375,11799.94921875,1.1137073040008545,10017.3759765625,20,12259,1.0012716054916382,0,0,0.0,0
9,97,13801,0,9291.91015625,20,2500,1.000922679901123,1.1142852306365967,1.0,9291.91015625,8342.169921875,0.0,0.0,-1,-1,0.0,0,0,0.0,0
9,98,13801,0,15927.40625,20,7495,1.0034650564193726,1.060999870300293,1.0,15927.40625,15011.6943359375,1.1309833526611328,10044.5087890625,20,5285,0.9980645179748535,0,0,0.0,0
9,99,13801,0,10460.4287109375,20,11619,1.0018366575241089,1.1022073030471802,1.0,10460.4287109375,9490.4365234375,1.1177868843078613,10056.9296875,20,11759,0.9991076588630676,0,0,0.0,0
9,100,13801,0,9237.34765625,20,10779,1.001746416091919,1.1184264421463013,1.0,9237.34765625,8259.2353515625,0.0,0.0,-1,-1,0.0,0,0,0.0,0
9,101,13801,0,8900.146484375,20,11761,1.001054048538208,1.1194157600402832,1.0,8900.146484375,7950.70703125,0.0,0.0,-1,-1,0.0,0,0,0.0,0
9,102,13801,0,12393.6396484375,20,7495,1.0028376579284668,1.078370451927185,1.0,12393.6396484375,11492.93359375,1.1165326833724976,10043.7138671875,20,9689,0.9997596144676208,0,0,0.0,0
9,103,13801,0,9574.115234375,20,7494,1.001062035560608,1.1042041778564453,1.0,9574.115234375,8670.6025390625,0.0,0.0,-1,-1,0.0,0,0,0.0,0
9,104,13801,0,9228.7802734375,20,11761,1.001667857170105,1.1171948909759521,1.0,9228.7802734375,8271.5703125,0.0,0.0,-1,-1,0.0,0,0,0.0,0
9,105,13801,0,12376.0078125,20,9698,1.002034306526184,1.0750279426574707,1.0,12376.0078125,11512.2666015625,1.1109431982040405,10099.830078125,20,7483,0.9998820424079895,0,0,0.0,0
9,106,13801,0,11023.509765625,20,2502,1.0031564235687256,1.0948508977890015,1.0,11023.509765625,10068.5029296875,1.118341088294983,10023.8466796875,20,11614,0.997175395488739,0,0,0.0,0
9,107,13801,0,9501.197265625,20,2501,1.0015379190444946,1.1116031408309937,1.0,9501.197265625,8547.29296875,0.0,0.0,-1,-1,0.0,0,0,0.0,0
9,108,13801,0,9295.27734375,20,7494,1.0014326572418213,1.1079667806625366,1.0,9295.27734375,8389.4912109375,0.0,0.0,-1,-1,0.0,0,0,0.0,0
9,109,13801,0,8855.251953125,20,2499,1.0005180835723877,1.1176837682724,1.0,8855.251953125,7923.83203125,0.0,0.0,-1,-1,0.0,0,0,0.0,0
9,110,13801,0,10560.5166015625,20,7494,1.0010967254638672,1.0932799577713013,1.0,10560.5166015625,9665.8681640625,1.1067217588424683,10028.140625,20,9692,1.0009636878967285,0,0,0.0,0
9,111,13801,0,10654.7275390625,20,7494,1.0022070407867432,1.0943355560302734,1.0,10654.7275390625,9738.3046875,1.1106623411178589,10025.279296875,20,2499,1.001666784286499,0,0,0.0,0
9,112,13801,0,8813.30078125,20,11760,1.0003185272216797,1.120193362236023,1.0,8813.30078125,7870.52978515625,0.0,0.0,-1,-1,0.0,0,0,0.0,0
9,113,13801,0,12887.494140625,20,7495,1.0029592514038086,1.0744115114212036,1.0,12887.494140625,11994.9326171875,1.1168724298477173,10035.3828125,20,11296,0.9986794590950012,0,0,0.0,0
9,114,13801,0,9733.203125,20,7493,1.0015690326690674,1.1036502122879028,1.0,9733.203125,8831.154296875,0.0,0.0,-1,-1,0.0,0,0,0.0,0
9,115,13801,0,10394.71484375,20,11762,1.0032316446304321,1.1063265800476074,1.0,10394.71484375,9398.697265625,1.1178405284881592,10053.5576171875,20,11758,0.9990334510803223,0,0,0.0,0
9,116,13801,0,12899.0087890625,20,7495,1.002581000328064,1.075603723526001,1.0,12899.0087890625,11992.3427734375,1.121562123298645,10090.8984375,20,7482,1.0067814588546753,0,0,0.0,0
9,117,13801,0,12685.921875,20,7495,1.002643346786499,1.0765492916107178,1.0,12685.921875,11783.8740234375,1.1209226846694946,10092.6962890625,20,2495,0.996819019317627,0,0,0.0,0
9,118,13801,0,12039.4013671875,20,7495,1.0023458003997803,1.0787607431411743,1.0,12039.4013671875,11160.3994140625,1.114382028579712,10015.951171875,20,7483,0.998512327671051,0,0,0.0,0
9,119,13801,0,9140.3935546875,20,11761,1.001887321472168,1.1175274848937988,1.0,9140.3935546875,8179.1220703125,0.0,0.0,-1,-1,0.0,0,0,0.0,0
9,120,13801,0,10893.2783203125,20,7494,1.0021672248840332,1.0921894311904907,1.0,10893.2783203125,9977.4501953125,1.1124091148376465,10073.7373046875,20,2498,1.0005749464035034,0,0,0.0,0
9,121,13801,0,11631.3935546875,20,7495,1.0023071765899658,1.0836864709854126,1.0,11631.3935546875,10733.171875,1.114065408706665,10053.927734375,20,9690,0.9987423419952393,0,0,0.0,0
9,122,13801,0,13873.8984375,20,7495,1.0028408765792847,1.0700347423553467,1.0,13873.8984375,12965.8388671875,1.124204158782959,10146.947265625,20,7481,0.9926304817199707,0,0,0.0,0
9,123,13801,0,10418.046875,20,7494,1.0019428730010986,1.0966415405273438,1.0,10418.046875,9499.9560546875,1.107969045639038,10055.7900390625,20,7489,1.0010802745819092,0,0,0.0,0
9,124,13801,0,12317.580078125,20,7495,1.0024983882904053,1.0777477025985718,1.0,12317.580078125,11429.001953125,1.1157362461090088,10013.4072265625,20,9688,0.9998528361320496,0,0,0.0,0
9,125,13801,0,9203.5517578125,20,10779,1.0024516582489014,1.1180729866027832,1.0,9203.5517578125,8231.6201171875,0.0,0.0,-1,-1,0.0,0,0,0.0,0
9,126,13801,0,11293.6083984375,20,11619,1.0031105279922485,1.0962976217269897,1.0,11293.6083984375,10305.234375,1.1227197647094727,10139.7421875,20,11610,1.0021952390670776,0,0,0.0,0
9,127,13801,0,11968.9248046875,20,7494,1.0024322271347046,1.081297516822815,1.0,11968.9248046875,11081.75390625,1.1120878458023071,10179.2783203125,20,7484,0.9992647767066956,0,0,0.0,0
9,128,13801,0,11343.658203125,20,11763,1.0047236680984497,1.098516821861267,1.0,11343.658203125,10326.33984375,1.1234183311462402,10223.9873046875,20,11755,1.0017023086547852,0,0,0.0,0
9,129,13801,0,12285.0791015625,20,9698,1.0026463270187378,1.076468586921692,1.0,12285.0791015625,11412.3896484375,1.11141836643219,10157.912109375,20,7483,0.9997875094413757,0,0,0.0,0
9,130,13801,0,9472.94140625,20,2501,1.0013909339904785,1.1118634939193726,1.0,9472.94140625,8519.8779296875,0.0,0.0,-1,-1,0.0,0,0,0.0,0
9,131,13801,0,10703.275390625,20,7494,1.002021074295044,1.0939053297042847,1.0,10703.275390625,9784.4619140625,1.1120328903198242,10060.4111328125,20,2498,1.0013097524642944,0,0,0.0,0
9,132,13801,0,11206.88671875,20,9697,1.0014212131500244,1.0854085683822632,1.0,11206.88671875,10334.537109375,1.1061320304870605,10088.3408203125,20,7486,1.000458836555481,0,0,0.0,0
9,133,13801,0,9308.78515625,20,11618,1.0010216236114502,1.1154996156692505,1.0,9308.78515625,8344.947265625,0.0,0.0,-1,-1,0.0,0,0,0.0,0
9,134,13801,0,12713.080078125,20,9698,1.0026153326034546,1.0728589296340942,1.0,12713.080078125,11849.7216796875,1.1129847764968872,10039.6806640625,20,7482,0.999778687953949,0,0,0.0,0
9,135,13801,0,9464.828125,20,7494,1.0014584064483643,1.1066973209381104,1.0,9464.828125,8552.318359375,0.0,0.0,-1,-1,0.0,0,0,0.0,0
9,136,13801,0,9055.53515625,20,11761,1.0016875267028809,1.1186758279800415,1.0,9055.53515625,8094.8701171875,0.0,0.0,-1,-1,0.0,0,0,0.0,0
9,137,13801,0,14836.537109375,20,7494,1.0035510063171387,1.068680763244629,1.0,14836.537109375,13903.9033203125,1.1331127882003784,10073.86328125,20,3608,1.000169277191162,0,0,0.0,0
9,138,13801,0,9849.3701171875,20,7494,1.0017329454421997,1.102545976638794,1.0,9849.3701171875,8933.296875,0.0,0.0,-1,-1,0.0,0,0,0.0,0
9,139,13801,0,11678.2119140625,20,9698,1.002386212348938,1.0810714960098267,1.0,11678.2119140625,10802.4423828125,1.1113017797470093,10052.248046875,20,7484,1.0000860691070557,0,0,0.0,0
9,140,13801,0,9889.283203125,20,11619,1.0023653507232666,1.107999563217163,1.0,9889.283203125,8925.349609375,0.0,0.0,-1,-1,0.0,0,0,0.0,0
9,141,13801,0,9765.734375,20,7494,1.0019075870513916,1.1035176515579224,1.0,9765.734375,8849.640625,0.0,0.0,-1,-1,0.0,0,0,0.0,0
9,142,13801,0,14062.3134765625,20,9698,1.0030603408813477,1.0661402940750122,1.0,14062.3134765625,13189.927734375,1.1169503927230835,10015.0576171875,20,12257,0.9987216591835022,0,0,0.0,0
9,143,13801,0,10193.4453125,20,11762,1.0028324127197266,1.1065986156463623,1.0,10193.4453125,9211.5107421875,1.1144996881484985,10038.6865234375,20,11759,1.0009676218032837,0,0,0.0,0
9,144,13801,0,10008.474609375,20,10781,1.0029360055923462,1.1101757287979126,1.0,10008.474609375,9015.216796875,1.1126415729522705,10001.19921875,20,10780,1.000705599784851,0,0,0.0,0
9,145,13801,0,11488.3681640625,20,2502,1.0025091171264648,1.0929245948791504,1.0,11488.3681640625,10555.1650390625,1.1199729442596436,10001.7998046875,20,2072,0.9994474053382874,0,0,0.0,0
9,146,13801,0,9705.810546875,20,7493,1.0016099214553833,1.1039254665374756,1.0,9705.810546875,8804.0517578125,0.0,0.0,-1,-1,0.0,0,0,0.0,0
9,147,13801,0,15656.177734375,20,9698,1.0032341480255127,1.0582150220870972,1.0,15656.177734375,14795.140625,1.1193205118179321,10010.560546875,20,12256,0.9993349313735962,0,0,0.0,0
9,148,13801,0,9094.642578125,20,10779,1.0022399425506592,1.118436574935913,1.0,9094.642578125,8131.56787109375,0.0,0.0,-1,-1,0.0,0,0,0.0,0
9,149,13801,0,9090.189453125,20,10779,1.0023378133773804,1.1183171272277832,1.0,9090.189453125,8128.4541015625,0.0,0.0,-1,-1,0.0,0,0,0.0,0
9,150,13801,0,13987.6474609375,20,9698,1.0029083490371704,1.0655474662780762,1.0,13987.6474609375,13127.193359375,28.55889892578125,10140.3798828125,11,7534,10140.3798828125,1,0,10140.3798828125,0
9,151,13801,0,10090.505859375,20,9697,1.0004886388778687,1.09766685962677,1.0,10090.505859375,9199.248046875,1.1007726192474365,10050.1806640625,20,9695,1.0016568899154663,0,0,0.0,0
9,152,13801,0,9440.5302734375,20,2500,1.0022262334823608,1.1135774850845337,1.0,9440.5302734375,8484.759765625,0.0,0.0,-1,-1,0.0,0,0,0.0,0
9,153,13801,0,9959.2265625,20,7494,1.0002869367599487,1.1002486944198608,1.0,9959.2265625,9059.36328125,0.0,0.0,-1,-1,0.0,0,0,0.0,0
9,154,13801,0,9154.171875,20,10779,1.002025842666626,1.1178253889083862,1.0,9154.171875,8189.26806640625,0.0,0.0,-1,-1,0.0,0,0,0.0,0
9,155,13801,0,11524.3232421875,20,7494,1.0022975206375122,1.0874484777450562,1.0,11524.3232421875,10597.5908203125,1.1206051111221313,10000.4951171875,20,2434,0.9959282875061035,0,0,0.0,0
9,156,13801,0,572292.625,13,2015,432.5419616699219,109.35945129394531,41.700679779052734,13723.8203125,572292.625,364.1339416503906,498626.8125,0,2015,498626.8125,4,3,572292.625,0
9,157,13801,0,9472.705078125,20,7493,1.0009084939956665,1.1067774295806885,1.0,9472.705078125,8564.6337890625,0.0,0.0,-1,-1,0.0,0,0,0.0,0
9,158,13801,0,12195.6552734375,20,7495,1.002457857131958,1.0797842741012573,1.0,12195.6552734375,11294.529296875,1.1164860725402832,10090.201171875,20,2496,1.000787615776062,0,0,0.0,0
9,159,13801,0,12781.9990234375,20,7494,1.00281822681427,1.077853798866272,1.0,12781.9990234375,11870.294921875,1.1232006549835205,10021.1572265625,20,2494,0.9933032393455505,0,0,0.0,0
9,160,13801,0,12195.470703125,20,2502,1.0035858154296875,1.0873448848724365,1.0,12195.470703125,11215.826171875,1.1243535280227661,10062.5498046875,20,2432,1.0017871856689453,0,0,0.0,0
9,161,13801,0,9425.57421875,20,7494,1.001865267753601,1.1074175834655762,1.0,9425.57421875,8511.3095703125,0.0,0.0,-1,-1,0.0,0,0,0.0,0
9,162,13801,0,10947.763671875,20,2502,1.0030509233474731,1.096303105354309,1.0,10947.763671875,9986.0732421875,1.115973949432373,10028.0712890625,20,12259,0.99971604347229,0,0,0.0,0
9,163,13801,0,10461.439453125,20,7494,1.001952886581421,1.0948755741119385,1.0,10461.439453125,9554.912109375,1.1057413816452026,10105.7529296875,20,7489,1.001038670539856,0,0,0.0,0
9,164,13801,0,9475.1650390625,20,11761,1.0012074708938599,1.1143423318862915,1.0,9475.1650390625,8511.4404296875,0.0,0.0,-1,-1,0.0,0,0,0.0,0
9,165,13801,0,9976.4658203125,20,11762,1.0030477046966553,1.1092296838760376,1.0,9976.4658203125,8994.048828125,0.0,0.0,-1,-1,0.0,0,0,0.0,0
9,166,13801,0,9738.671875,20,2501,1.0016818046569824,1.1097244024276733,1.0,9738.671875,8775.7568359375,0.0,0.0,-1,-1,0.0,0,0,0.0,0
9,167,13801,0,25149474.0,11,6566,13965.7421875,44.259517669677734,1219.429443359375,20623.96875,25149474.0,3295.10400390625,464059.34375,11,1930,2796.658447265625,8,6,25149474.0,1
9,168,13801,0,12946.751953125,20,7494,1.0029183626174927,1.0768845081329346,1.0,12946.751953125,12022.4150390625,1.1266872882843018,10028.828125,20,2430,1.0026437044143677,0,0,0.0,0
9,169,13801,0,9113.630859375,20,7494,1.00143301486969,1.1100891828536987,1.0,9113.630859375,8209.818359375,0.0,0.0,-1,-1,0.0,0,0,0.0,0
9,170,13801,0,10607.5908203125,20,9697,1.001062273979187,1.092363715171814,1.0,10607.5908203125,9721.271484375,1.1065129041671753,10016.439453125,20,7487,1.0002492666244507,0,0,0.0,0
9,171,13801,0,9771.9169921875,20,11618,1.002137541770935,1.1113641262054443,1.0,9771.9169921875,8807.373046875,0.0,0.0,-1,-1,0.0,0,0,0.0,0
9,172,13801,0,17110.6953125,20,7495,1.00334632396698,1.0572328567504883,1.0,17110.6953125,16184.4150390625,1.1299587488174438,10091.9853515625,20,11612,1.0001004934310913,0,0,0.0,0
9,173,13801,0,14221.404296875,20,9698,1.0030348300933838,1.0646960735321045,1.0,14221.404296875,13357.2431640625,1.1169794797897339,10151.888671875,20,7481,0.9983037710189819,0,0,0.0,0
9,174,13801,0,8679.0927734375,20,9695,1.000868558883667,1.1159404516220093,1.0,8679.0927734375,7777.3798828125,0.0,0.0,-1,-1,0.0,0,0,0.0,0
9,175,13801,0,10775.4228515625,20,7494,1.0013240575790405,1.0916731357574463,1.0,10775.4228515625,9880.1396484375,1.108721375465393,10062.939453125,20,7487,0.999131441116333,0,0,0.0,0
9,176,13801,0,77708.25,12,9035,62116.90234375,6.556860446929932,4.787482261657715,16231.548828125,77708.25,6.556860446929932,77708.25,12,9035,62116.90234375,1,1,77708.25,0
9,177,13801,0,13346.51171875,20,7495,1.0030840635299683,1.0717675685882568,1.0,13346.51171875,12452.8037109375,1.1188088655471802,10041.0390625,20,1876,0.998028576374054,0,0,0.0,0
9,178,13801,0,8773.6845703125,20,11759,1.0000590085983276,1.121012806892395,1.0,8773.6845703125,7832.93603515625,0.0,0.0,-1,-1,0.0,0,0,0.0,0
9,179,13801,0,10333.0966796875,20,11762,1.0030893087387085,1.105944275856018,1.0,10333.0966796875,9343.234375,1.117035150527954,10021.9267578125,20,11758,0.999695360660553,0,0,0.0,0
9,180,13801,0,13255.888671875,20,9698,1.0027625560760498,1.0694866180419922,1.0,13255.888671875,12394.6279296875,1.1133153438568115,10142.583984375,20,7482,0.9984416961669922,0,0,0.0,0
9,181,13801,0,9652.5078125,20,9697,1.0012258291244507,1.1023828983306885,1.0,9652.5078125,8756.0390625,0.0,0.0,-1,-1,0.0,0,0,0.0,0
9,182,13801,0,11588.9267578125,20,7494,1.0024334192276,1.0850743055343628,1.0,11588.9267578125,10693.103515625,1.1123688220977783,10138.7275390625,20,7485,0.9991794228553772,0,0,0.0,0
9,183,13801,0,11788.3828125,20,2502,1.0027154684066772,1.091217279434204,1.0,11788.3828125,10817.9912109375,1.124584436416626,10004.3857421875,20,2432,1.0029131174087524,0,0,0.0,0
9,184,13801,0,11002.833984375,20,2502,1.0030404329299927,1.0969282388687134,1.0,11002.833984375,10031.1298828125,1.1179357767105103,10111.576171875,20,2496,0.9983194470405579,0,0,0.0,0
9,185,13801,0,9842.94140625,20,7494,1.0016518831253052,1.1034995317459106,1.0,9842.94140625,8919.7509765625,0.0,0.0,-1,-1,0.0,0,0,0.0,0
9,186,13801,0,10057.2451171875,20,2501,1.0008076429367065,1.1060640811920166,1.0,10057.2451171875,9109.1484375,1.1082035303115845,10042.80078125,20,2500,1.001942753791809,0,0,0.0,0
9,187,13801,0,10290.0078125,20,7494,1.0020772218704224,1.098899245262146,1.0,10290.0078125,9363.9228515625,1.1130739450454712,10053.853515625,20,2498,1.0008375644683838,0,0,0.0,0
9,188,13801,0,10033.4580078125,20,7494,1.0013782978057861,1.0983108282089233,1.0,10033.4580078125,9135.353515625,1.0997146368026733,10022.26953125,20,7493,1.0014017820358276,0,0,0.0,0
9,189,13801,0,15029.376953125,20,11620,1.0048922300338745,1.0750776529312134,1.0,15029.376953125,13979.8056640625,1.1366896629333496,10008.7890625,20,1872,1.007020354270935,0,0,0.0,0
9,190,13801,0,11400.4287109375,20,7494,1.0021313428878784,1.0876787900924683,1.0,11400.4287109375,10499.2685546875,1.1122550964355469,10103.896484375,20,2498,1.0005465745925903,0,0,0.0,0
9,191,13801,0,10149.052734375,20,7494,1.0016485452651978,1.0975407361984253,1.0,10149.052734375,9247.0849609375,1.1028110980987549,10038.5810546875,20,7491,1.0012938976287842,0,0,0.0,0
9,192,13801,0,11352.361328125,20,2502,1.0030367374420166,1.0924714803695679,1.0,11352.361328125,10391.4482421875,1.1191867589950562,10018.5703125,20,2072,0.9990087747573853,0,0,0.0,0
9,193,13801,0,329418506240.0,20,749,1677.575927734375,329418506240.0,1.0,329418506240.0,2374226176.0,329418506240.0,329418506240.0,20,749,1677.575927734375,62,56,329418506240.0,1
9,194,13801,0,10820.3349609375,20,7494,1.0018329620361328,1.0939279794692993,1.0,10820.3349609375,9892.3046875,1.117801547050476,10044.7919921875,20,2496,1.0003491640090942,0,0,0.0,0
9,195,13801,0,8951.771484375,20,10778,1.001036524772644,1.1194324493408203,1.0,8951.771484375,7998.69189453125,0.0,0.0,-1,-1,0.0,0,0,0.0,0
9,196,13801,0,11624.3173828125,20,7495,1.0024645328521729,1.08297598361969,1.0,11624.3173828125,10733.6796875,1.1145802736282349,10009.5849609375,20,7484,0.9990661144256592,0,0,0.0,0
9,197,13801,0,9339.181640625,20,7493,1.0016034841537476,1.1089529991149902,1.0,9339.181640625,8426.8642578125,0.0,0.0,-1,-1,0.0,0,0,0.0,0
9,198,13801,0,9267.9140625,20,11761,1.000983476638794,1.1169401407241821,1.0,9267.9140625,8297.5927734375,0.0,0.0,-1,-1,0.0,0,0,0.0,0
9,199,13801,0,12851.4677734375,20,7495,1.0027008056640625,1.0753090381622314,1.0,12851.4677734375,11951.41796875,1.1199781894683838,10039.9677734375,20,7483,0.9943783283233643,0,0,0.0,0
9,200,13801,0,10976.2490234375,20,9697,1.001939296722412,1.0888835191726685,1.0,10976.2490234375,10093.9345703125,1.108784556388855,10031.1298828125,20,7486,0.9991139769554138,0,0,0.0,0
9,201,13801,0,10517.822265625,20,7494,1.0013067722320557,1.0954432487487793,1.0,10517.822265625,9607.322265625,1.1074587106704712,10050.3701171875,20,9694,1.0017229318618774,0,0,0.0,0
9,202,13801,0,10176.591796875,20,7494,1.0019892454147339,1.0992484092712402,1.0,10176.591796875,9257.7724609375,1.105351448059082,10046.98828125,20,7491,1.0013775825500488,0,0,0.0,0
9,203,13801,0,10663.5185546875,20,9697,1.0011343955993652,1.0917061567306519,1.0,10663.5185546875,9778.994140625,1.106361746788025,10041.8486328125,20,7487,1.0006762742996216,0,0,0.0,0
9,204,13801,0,8889.6533203125,20,11760,1.000765323638916,1.1194041967391968,1.0,8889.6533203125,7949.462890625,0.0,0.0,-1,-1,0.0,0,0,0.0,0
9,205,13801,0,9383.05859375,20,7494,1.0011941194534302,1.1073940992355347,1.0,9383.05859375,8473.09765625,0.0,0.0,-1,-1,0.0,0,0,0.0,0
9,206,13801,0,11301.4365234375,20,7494,1.0026060342788696,1.0898633003234863,1.0,11301.4365234375,10369.5908203125,1.121060848236084,10013.564453125,20,2495,0.9930853247642517,0,0,0.0,0
9,207,13801,0,10582.7255859375,20,7494,1.0018335580825806,1.0936822891235352,1.0,10582.7255859375,9676.234375,1.1075705289840698,10066.3046875,20,7488,1.0002020597457886,0,0,0.0,0
9,208,13801,0,12317.6259765625,20,9698,1.0020657777786255,1.0764071941375732,1.0,12317.6259765625,11443.27734375,1.1126643419265747,10122.1064453125,20,7483,0.9986200332641602,0,0,0.0,0
9,209,13801,0,10202.154296875,20,9697,1.000801682472229,1.0961679220199585,1.0,10202.154296875,9316.4208984375,1.101697325706482,10039.765625,20,7491,1.0012530088424683,0,0,0.0,0
9,210,13801,0,10197.2236328125,20,11619,1.0020743608474731,1.1046721935272217,1.0,10197.2236328125,9230.9951171875,1.1120549440383911,10064.005859375,20,11616,1.0017589330673218,0,0,0.0,0
9,211,13801,0,8728.8095703125,20,11758,1.0005383491516113,1.1216470003128052,1.0,8728.8095703125,7783.81298828125,0.0,0.0,-1,-1,0.0,0,0,0.0,0
9,212,13801,0,11552.7392578125,20,7494,1.0022740364074707,1.0855929851531982,1.0,11552.7392578125,10654.228515625,1.1123045682907104,10092.888671875,20,2497,1.0012390613555908,0,0,0.0,0
9,213,13801,0,12071.5693359375,20,7494,1.0027003288269043,1.082996129989624,1.0,12071.5693359375,11147.4267578125,1.1228491067886353,10012.953125,20,3610,1.0043200254440308,0,0,0.0,0
9,214,13801,0,9105.7099609375,20,7493,1.0010247230529785,1.1122996807098389,1.0,9105.7099609375,8186.3818359375,0.0,0.0,-1,-1,0.0,0,0,0.0,0
9,215,13801,0,9926.3046875,20,7494,1.001381754875183,1.0994470119476318,1.0,9926.3046875,9028.4521484375,0.0,0.0,-1,-1,0.0,0,0,0.0,0
9,216,13801,0,9141.259765625,20,9696,1.0004355907440186,1.1091928482055664,1.0,9141.259765625,8248.81640625,0.0,0.0,-1,-1,0.0,0,0,0.0,0
9,217,13801,0,10741.7744140625,20,7494,1.0023024082183838,1.093848705291748,1.0,10741.7744140625,9820.1650390625,1.1140958070755005,10118.9677734375,20,2497,1.0006271600723267,0,0,0.0,0
9,218,13801,0,104201.0703125,12,8854,3195.91064453125,146.08248901367188,6.978311061859131,14932.1328125,104201.0703125,146.08248901367188,104201.0703125,12,8854,3195.91064453125,1,1,104201.0703125,0
9,219,13801,0,10525.3037109375,20,9697,1.0017011165618896,1.0916929244995117,1.0,10525.3037109375,9641.267578125,1.1031244993209839,10079.890625,20,9691,1.000906229019165,0,0,0.0,0
9,220,13801,0,8945.69140625,20,7493,1.0007035732269287,1.1130914688110352,1.0,8945.69140625,8037.47900390625,0.0,0.0,-1,-1,0.0,0,0,0.0,0
9,221,13801,0,11496.64453125,20,7495,1.0024257898330688,1.0857943296432495,1.0,11496.64453125,10588.234375,1.11487877368927,10068.541015625,20,2498,1.0018706321716309,0,0,0.0,0
9,222,13801,0,11971.486328125,20,9698,1.0019737482070923,1.0782585144042969,1.0,11971.486328125,11102.6123046875,1.1101529598236084,10012.111328125,20,9687,0.9999693632125854,0,0,0.0,0
9,223,13801,0,11016.486328125,20,7494,1.0024219751358032,1.091394305229187,1.0,11016.486328125,10096.5908203125,1.1157644987106323,10018.529296875,20,2497,1.0010675191879272,0,0,0.0,0
9,224,13801,0,10540.8701171875,20,2502,1.00271475315094,1.0998138189315796,1.0,10540.8701171875,9584.2314453125,1.1136808395385742,10143.494140625,20,2497,1.00103759765625,0,0,0.0,0
9,225,13801,0,8956.3076171875,20,2499,1.0004349946975708,1.1187593936920166,1.0,8956.3076171875,8014.166015625,0.0,0.0,-1,-1,0.0,0,0,0.0,0
9,226,13801,0,9228.13671875,20,9696,1.0016930103302002,1.1089016199111938,1.0,9228.13671875,8325.7158203125,0.0,0.0,-1,-1,0.0,0,0,0.0,0
9,227,13801,0,16436.08984375,20,7495,1.0032318830490112,1.0596996545791626,1.0,16436.08984375,15540.578125,1.1330703496932983,10042.1884765625,20,7482,0.9971925616264343,0,0,0.0,0
9,228,13801,0,9526.025390625,20,7494,1.0018643140792847,1.1057093143463135,1.0,9526.025390625,8615.3076171875,0.0,0.0,-1,-1,0.0,0,0,0.0,0
9,229,13801,0,16599.455078125,20,9698,1.0036293268203735,1.0553244352340698,1.0,16599.455078125,15729.244140625,1.1276731491088867,10010.9150390625,20,7479,0.9960711002349854,0,0,0.0,0
9,230,13801,0,9694.7939453125,20,1786,1.0006232261657715,1.1006531715393066,1.0,9694.7939453125,8808.3916015625,0.0,0.0,-1,-1,0.0,0,0,0.0,0
9,231,13801,0,9835.6171875,20,2501,1.0010699033737183,1.108031153678894,1.0,9835.6171875,8880.603515625,0.0,0.0,-1,-1,0.0,0,0,0.0,0
9,232,13801,0,9046.228515625,20,7494,1.0017330646514893,1.1107763051986694,1.0,9046.228515625,8144.06005859375,0.0,0.0,-1,-1,0.0,0,0,0.0,0
9,233,13801,0,9964.404296875,20,7494,1.0019506216049194,1.1011403799057007,1.0,9964.404296875,9049.16796875,0.0,0.0,-1,-1,0.0,0,0,0.0,0
9,234,13801,0,9268.462890625,20,2500,1.0011886358261108,1.114444613456726,1.0,9268.462890625,8318.396484375,0.0,0.0,-1,-1,0.0,0,0,0.0,0
9,235,13801,0,8969.693359375,20,11761,1.00111722946167,1.119410753250122,1.0,8969.693359375,8012.916015625,0.0,0.0,-1,-1,0.0,0,0,0.0,0
9,236,13801,0,9471.755859375,20,10779,1.0005847215652466,1.1168639659881592,1.0,9471.755859375,8485.0546875,0.0,0.0,-1,-1,0.0,0,0,0.0,0
9,237,13801,0,9088.220703125,20,11760,1.0003762245178223,1.1177946329116821,1.0,9088.220703125,8131.412109375,0.0,0.0,-1,-1,0.0,0,0,0.0,0
9,238,13801,0,92235.609375,2,4072,92235.609375,92235.609375,5.885807991027832,15670.849609375,92235.609375,92235.609375,92235.609375,2,4072,92235.609375,3,2,92235.609375,0
9,239,13801,0,11687.6953125,20,2502,1.003038763999939,1.0902152061462402,1.0,11687.6953125,10720.5390625,1.1216105222702026,10027.1884765625,20,2071,0.9991380572319031,0,0,0.0,0
9,240,13801,0,10055.6484375,20,7494,1.0005491971969604,1.100314736366272,1.0,10055.6484375,9144.751953125,1.1037894487380981,10013.845703125,20,7492,1.0016847848892212,0,0,0.0,0
9,241,13801,0,10151.3369140625,20,7494,1.000665307044983,1.0996484756469727,1.0,10151.3369140625,9236.8330078125,1.1068133115768433,10018.3037109375,20,2501,1.0007379055023193,0,0,0.0,0
9,242,13801,0,8916.8984375,20,11761,1.0011088848114014,1.1190004348754883,1.0,8916.8984375,7968.6279296875,0.0,0.0,-1,-1,0.0,0,0,0.0,0
9,243,13801,0,10256.13671875,20,7494,1.001392126083374,1.0976283550262451,1.0,10256.13671875,9344.048828125,1.1058539152145386,10043.40625,20,7490,1.0011693239212036,0,0,0.0,0
9,244,13801,0,11788.1826171875,20,7495,1.0026487112045288,1.0825674533843994,1.0,11788.1826171875,10889.09765625,1.1142233610153198,10081.7724609375,20,2497,1.0008620023727417,0,0,0.0,0
9,245,13801,0,9446.4111328125,20,9697,1.001407265663147,1.1038415431976318,1.0,9446.4111328125,8557.759765625,0.0,0.0,-1,-1,0.0,0,0,0.0,0
9,246,13801,0,8947.123046875,20,10779,1.0013377666473389,1.1192368268966675,1.0,8947.123046875,7993.9501953125,0.0,0.0,-1,-1,0.0,0,0,0.0,0
9,247,13801,0,9613.2880859375,20,7494,1.0014150142669678,1.1050440073013306,1.0,9613.2880859375,8699.4619140625,0.0,0.0,-1,-1,0.0,0,0,0.0,0
9,248,13801,0,11935.1865234375,20,7494,1.0024280548095703,1.0813192129135132,1.0,11935.1865234375,11049.78125,1.1119345426559448,10163.8740234375,20,7484,0.9992028474807739,0,0,0.0,0
9,249,13801,0,9300.5185546875,20,7493,1.000937819480896,1.108388066291809,1.0,9300.5185546875,8395.7626953125,0.0,0.0,-1,-1,0.0,0,0,0.0,0
9,250,13801,0,14547.185546875,20,9698,1.003152847290039,1.0639575719833374,1.0,14547.185546875,13672.7119140625,1.1203653812408447,10064.3564453125,20,7481,0.9944337606430054,0,0,0.0,0
9,251,13801,0,11458.7529296875,20,7494,1.0021781921386719,1.0856175422668457,1.0,11458.7529296875,10566.98828125,1.1114639043807983,10115.1982421875,20,7485,1.0003485679626465,0,0,0.0,0
9,252,13801,0,8961.2880859375,20,11761,1.001686453819275,1.1183720827102661,1.0,8961.2880859375,8012.796875,0.0,0.0,-1,-1,0.0,0,0,0.0,0
9,253,13801,0,9220.16796875,20,2500,1.0015052556991577,1.1148298978805542,1.0,9220.16796875,8285.7490234375,0.0,0.0,-1,-1,0.0,0,0,0.0,0
9,254,13801,0,9149.251953125,20,11761,1.0017422437667847,1.1175545454025269,1.0,9149.251953125,8186.85009765625,0.0,0.0,-1,-1,0.0,0,0,0.0,0
9,255,13801,0,13857.1279296875,20,7495,1.0026484727859497,1.0701426267623901,1.0,13857.1279296875,12948.8603515625,1.126603126525879,10021.70703125,20,7480,1.0015641450881958,0,0,0.0,0
9,256,13801,0,9388.6630859375,20,7493,1.0009106397628784,1.1076409816741943,1.0,9388.6630859375,8478.0703125,0.0,0.0,-1,-1,0.0,0,0,0.0,0
9,257,13801,0,10025.9091796875,20,2501,1.0008208751678467,1.1062812805175781,1.0,10025.9091796875,9073.9775390625,1.1083858013153076,10016.486328125,20,2500,1.0019656419754028,0,0,0.0,0
9,258,13801,0,9384.3095703125,20,7494,1.0010522603988647,1.1064597368240356,1.0,9384.3095703125,8481.3837890625,0.0,0.0,-1,-1,0.0,0,0,0.0,0
9,259,13801,0,11303.220703125,20,7494,1.0022674798965454,1.087048053741455,1.0,11303.220703125,10405.685546875,1.1123539209365845,10035.99609375,20,7485,1.0003751516342163,0,0,0.0,0
9,260,13801,0,9551.5810546875,20,11618,1.0015404224395752,1.1131449937820435,1.0,9551.5810546875,8587.58203125,0.0,0.0,-1,-1,0.0,0,0,0.0,0
9,261,13801,0,9758.556640625,20,7494,1.0014498233795166,1.1035195589065552,1.0,9758.556640625,8843.12109375,0.0,0.0,-1,-1,0.0,0,0,0.0,0
9,262,13801,0,11221.017578125,20,7494,1.0017696619033813,1.0895484685897827,1.0,11221.017578125,10307.125,1.1176183223724365,10025.279296875,20,2496,1.0003849267959595,0,0,0.0,0
9,263,13801,0,9876.9619140625,20,9697,1.0014623403549194,1.0990655422210693,1.0,9876.9619140625,8986.6904296875,0.0,0.0,-1,-1,0.0,0,0,0.0,0
9,264,13801,0,9642.87890625,20,2501,1.0011581182479858,1.1096725463867188,1.0,9642.87890625,8689.841796875,0.0,0.0,-1,-1,0.0,0,0,0.0,0
9,265,13801,0,13185.525390625,20,7494,1.0024112462997437,1.0758392810821533,1.0,13185.525390625,12275.55078125,1.1268547773361206,10022.8271484375,20,2431,1.0003383159637451,0,0,0.0,0
9,266,13801,0,8960.8623046875,20,11761,1.001539707183838,1.1184736490249634,1.0,8960.8623046875,8011.68798828125,0.0,0.0,-1,-1,0.0,0,0,0.0,0
9,267,13801,0,9478.669921875,20,10779,1.0011460781097412,1.1182303428649902,1.0,9478.669921875,8486.4658203125,0.0,0.0,-1,-1,0.0,0,0,0.0,0
9,268,13801,0,9563.4384765625,20,7494,1.001250147819519,1.1058707237243652,1.0,9563.4384765625,8647.880859375,0.0,0.0,-1,-1,0.0,0,0,0.0,0
9,269,13801,0,11123.95703125,20,7494,1.0019035339355469,1.0889068841934204,1.0,11123.95703125,10225.0615234375,1.1104918718338013,10108.826171875,20,7486,1.0001713037490845,0,0,0.0,0
9,270,13801,0,13735.45703125,20,2502,1.0038121938705444,1.0790095329284668,1.0,13735.45703125,12739.4765625,1.1289751529693604,10185.955078125,20,2430,1.0006673336029053,0,0,0.0,0
9,271,13801,0,12675.3427734375,20,9698,1.0029176473617554,1.0737764835357666,1.0,12675.3427734375,11804.4521484375,1.1117687225341797,10222.7607421875,20,7483,0.9986040592193604,0,0,0.0,0
9,272,13801,0,12411.49609375,20,9698,1.002730131149292,1.0755614042282104,1.0,12411.49609375,11539.55078125,1.111727237701416,10167.05859375,20,7483,0.999694287776947,0,0,0.0,0
9,273,13801,0,9583.8818359375,20,7494,1.0015801191329956,1.1050024032592773,1.0,9583.8818359375,8673.177734375,0.0,0.0,-1,-1,0.0,0,0,0.0,0
9,274,13801,0,10627.28125,20,11619,1.0028440952301025,1.1010069847106934,1.0,10627.28125,9652.3291015625,1.1202685832977295,10003.7138671875,20,11612,1.0025086402893066,0,0,0.0,0
9,275,13801,0,9768.7802734375,20,7494,1.0017606019973755,1.1040375232696533,1.0,9768.7802734375,8848.232421875,0.0,0.0,-1,-1,0.0,0,0,0.0,0
9,276,13801,0,9345.5654296875,20,7493,1.0016343593597412,1.10832941532135,1.0,9345.5654296875,8436.783203125,0.0,0.0,-1,-1,0.0,0,0,0.0,0
9,277,13801,0,9116.375,20,11761,1.001512050628662,1.1174697875976562,1.0,9116.375,8163.42919921875,0.0,0.0,-1,-1,0.0,0,0,0.0,0
9,278,13801,0,10136.9951171875,20,11762,1.0032845735549927,1.1083582639694214,1.0,10136.9951171875,9149.044921875,1.114256739616394,10025.8994140625,20,11760,0.999475359916687,0,0,0.0,0
9,279,13801,0,10181.9267578125,20,2501,1.0017451047897339,1.1055749654769897,1.0,10181.9267578125,9224.9716796875,1.1105197668075562,10081.279296875,20,2499,1.0015169382095337,0,0,0.0,0
9,280,13801,0,11108.103515625,20,7494,1.001721739768982,1.0906225442886353,1.0,11108.103515625,10188.978515625,1.1160333156585693,10179.6484375,20,2496,1.0007920265197754,0,0,0.0,0
9,281,13801,0,11804.4716796875,20,7494,1.002347469329834,1.0825691223144531,1.0,11804.4716796875,10914.9111328125,1.1122065782546997,10124.40625,20,7484,1.000005841255188,0,0,0.0,0
9,282,13801,0,10872.244140625,20,7494,1.0014264583587646,1.0920460224151611,1.0,10872.244140625,9967.779296875,1.1116209030151367,10050.2197265625,20,2498,1.001333475112915,0,0,0.0,0
9,283,13801,0,12868.1513671875,20,7494,1.0028775930404663,1.0774550437927246,1.0,12868.1513671875,11943.0986328125,1.1245672702789307,10132.83984375,20,2492,1.0029717683792114,0,0,0.0,0
9,284,13801,0,10978.08984375,20,7494,1.0021579265594482,1.0916513204574585,1.0,10978.08984375,10056.4072265625,1.1170315742492676,10048.96484375,20,2496,1.0004298686981201,0,0,0.0,0
9,285,13801,0,9451.4384765625,20,11761,1.0008659362792969,1.1155773401260376,1.0,9451.4384765625,8478.9990234375,0.0,0.0,-1,-1,0.0,0,0,0.0,0
9,286,13801,0,10265.3857421875,20,7494,1.0019068717956543,1.0974140167236328,1.0,10265.3857421875,9354.306640625,1.1054892539978027,10045.3447265625,20,7490,1.000361442565918,0,0,0.0,0
9,287,13801,0,8755.5078125,20,10777,1.0008878707885742,1.1196248531341553,1.0,8755.5078125,7820.39404296875,0.0,0.0,-1,-1,0.0,0,0,0.0,0
9,288,13801,0,10224.392578125,20,2204,1.0026847124099731,1.107796311378479,1.0,10224.392578125,9232.244140625,1.1192340850830078,10021.28125,20,2199,1.0018353462219238,0,0,0.0,0
9,289,13801,0,9300.767578125,20,11761,1.0008209943771362,1.1166175603866577,1.0,9300.767578125,8329.412109375,0.0,0.0,-1,-1,0.0,0,0,0.0,0
9,290,13801,0,9627.3056640625,20,7494,1.001495122909546,1.1043074131011963,1.0,9627.3056640625,8717.9580078125,0.0,0.0,-1,-1,0.0,0,0,0.0,0
9,291,13801,0,10494.6982421875,20,7494,1.0018260478973389,1.0949852466583252,1.0,10494.6982421875,9584.328125,1.1085705757141113,10007.26953125,20,7488,1.000693917274475,0,0,0.0,0
9,292,13801,0,8776.705078125,20,2498,1.0006800889968872,1.1204479932785034,1.0,8776.705078125,7860.5361328125,0.0,0.0,-1,-1,0.0,0,0,0.0,0
9,293,13801,0,10052.876953125,20,2501,1.0017929077148438,1.106679081916809,1.0,10052.876953125,9104.9189453125,1.1089487075805664,10026.1064453125,20,2500,1.0016595125198364,0,0,0.0,0
9,294,13801,0,9398.2119140625,20,7493,1.0016199350357056,1.1084250211715698,1.0,9398.2119140625,8484.365234375,0.0,0.0,-1,-1,0.0,0,0,0.0,0
9,295,13801,0,9857.6318359375,20,7494,1.0018870830535889,1.1017529964447021,1.0,9857.6318359375,8947.224609375,0.0,0.0,-1,-1,0.0,0,0,0.0,0
9,296,13801,0,9201.7646484375,20,7494,1.00058114528656,1.1091290712356567,1.0,9201.7646484375,8296.3876953125,0.0,0.0,-1,-1,0.0,0,0,0.0,0
9,297,13801,0,9565.134765625,20,7494,1.0014455318450928,1.1054154634475708,1.0,9565.134765625,8652.9775390625,0.0,0.0,-1,-1,0.0,0,0,0.0,0
9,298,13801,0,10664.2666015625,20,7494,1.0022317171096802,1.094365119934082,1.0,10664.2666015625,9746.041015625,1.1107591390609741,10055.265625,20,2499,1.001929759979248,0,0,0.0,0
9,299,13801,0,10171.5,20,2501,1.0017234086990356,1.105003833770752,1.0,10171.5,9222.5712890625,1.1097540855407715,10078.7666015625,20,2499,1.0013374090194702,0,0,0.0,0
9,300,13801,0,11260.3408203125,20,7494,1.0019750595092773,1.0894200801849365,1.0,11260.3408203125,10337.3896484375,1.1171469688415527,10168.1748046875,20,2496,1.0004931688308716,0,0,0.0,0
10,1,13801,0,3433.089111328125,20,8377,1.0006377696990967,1.398574948310852,1.0,3433.089111328125,2455.280029296875,0.0,0.0,-1,-1,0.0,0,0,0.0,0
10,2,13801,0,3688.416015625,20,2412,1.0046323537826538,1.3147923946380615,1.0,3688.416015625,2818.27294921875,0.0,0.0,-1,-1,0.0,0,0,0.0,0
10,3,13801,0,7087.6240234375,20,8922,1.7755589485168457,1.1230913400650024,1.0,7087.6240234375,6865.62109375,0.0,0.0,-1,-1,0.0,0,0,0.0,0
10,4,13801,0,3433.72509765625,20,8843,1.002339243888855,1.3701311349868774,1.0,3433.72509765625,2582.930908203125,0.0,0.0,-1,-1,0.0,0,0,0.0,0
10,5,13801,0,3335.863037109375,20,10839,1.0005179643630981,1.398557424545288,1.0,3335.863037109375,2385.9560546875,0.0,0.0,-1,-1,0.0,0,0,0.0,0
10,6,13801,0,3532.091064453125,20,10841,1.0008593797683716,1.4018588066101074,1.0,3532.091064453125,2528.23193359375,0.0,0.0,-1,-1,0.0,0,0,0.0,0
10,7,13801,0,3426.55810546875,20,8844,1.0011595487594604,1.3604319095611572,1.0,3426.55810546875,2557.385986328125,0.0,0.0,-1,-1,0.0,0,0,0.0,0
10,8,13801,0,4248.18994140625,20,7524,1.0033403635025024,1.2195684909820557,1.0,4248.18994140625,3496.7939453125,0.0,0.0,-1,-1,0.0,0,0,0.0,0
10,9,13801,0,3424.943115234375,20,8843,1.000902771949768,1.3612337112426758,1.0,3424.943115234375,2554.488037109375,0.0,0.0,-1,-1,0.0,0,0,0.0,0
10,10,13801,0,3821.779052734375,20,9727,1.0013597011566162,1.2726079225540161,1.0,3821.779052734375,3029.02392578125,0.0,0.0,-1,-1,0.0,0,0,0.0,0
10,11,13801,0,3596.56201171875,20,7525,1.0041958093643188,1.2888214588165283,1.0,3596.56201171875,2790.58203125,0.0,0.0,-1,-1,0.0,0,0,0.0,0
10,12,13801,0,3507.291015625,20,10843,1.0025829076766968,1.3685083389282227,1.0,3507.291015625,2565.159912109375,0.0,0.0,-1,-1,0.0,0,0,0.0,0
10,13,13801,0,3364.861083984375,20,10839,1.0005176067352295,1.3985017538070679,1.0,3364.861083984375,2408.220947265625,0.0,0.0,-1,-1,0.0,0,0,0.0,0
10,14,13801,0,4330.8740234375,20,7525,1.0023465156555176,1.212605595588684,1.0,4330.8740234375,3571.5439453125,0.0,0.0,-1,-1,0.0,0,0,0.0,0
10,15,13801,0,3438.60400390625,20,8845,1.001542329788208,1.3580965995788574,1.0,3438.60400390625,2579.406982421875,0.0,0.0,-1,-1,0.0,0,0,0.0,0
10,16,13801,0,3677.488037109375,20,10843,1.0017650127410889,1.3891912698745728,1.0,3677.488037109375,2669.306884765625,0.0,0.0,-1,-1,0.0,0,0,0.0,0
10,17,13801,0,3459.531982421875,20,8377,1.0006879568099976,1.398278832435608,1.0,3459.531982421875,2477.2939453125,0.0,0.0,-1,-1,0.0,0,0,0.0,0
10,18,13801,0,4777.45703125,20,8074,1.0026475191116333,1.2029199600219727,1.0,4777.45703125,3972.006103515625,0.0,0.0,-1,-1,0.0,0,0,0.0,0
10,19,13801,0,3412.68701171875,20,10839,1.0006409883499146,1.401633381843567,1.0,3412.68701171875,2439.346923828125,0.0,0.0,-1,-1,0.0,0,0,0.0,0
10,20,13801,0,3402.85595703125,20,10839,1.00053071975708,1.3976753950119019,1.0,3402.85595703125,2448.02587890625,0.0,0.0,-1,-1,0.0,0,0,0.0,0
10,21,13801,0,3520.555908203125,20,10844,1.0046591758728027,1.362141728401184,1.0,3520.555908203125,2586.135986328125,0.0,0.0,-1,-1,0.0,0,0,0.0,0
10,22,13801,0,45713436672.0,13,8927,442311.6875,2733.965087890625,1704.8262939453125,26814132.0,45713436672.0,1090232.75,1090232.75,9,12764,198.23182678222656,78,61,45713436672.0,1
10,23,13801,0,3835.5009765625,20,7526,1.0031102895736694,1.2580647468566895,1.0,3835.5009765625,3048.73095703125,0.0,0.0,-1,-1,0.0,0,0,0.0,0
10,24,13801,0,3613.092041015625,20,10844,1.004324197769165,1.3561303615570068,1.0,3613.092041015625,2670.408935546875,0.0,0.0,-1,-1,0.0,0,0,0.0,0
10,25,13801,0,4700.73388671875,20,7526,1.002717137336731,1.185331106185913,1.0,4700.73388671875,3965.756103515625,0.0,0.0,-1,-1,0.0,0,0,0.0,0
10,26,13801,0,4749.4208984375,20,7523,1.0031739473342896,1.1822350025177002,1.0,4749.4208984375,4018.7548828125,0.0,0.0,-1,-1,0.0,0,0,0.0,0
10,27,13801,0,3710.7470703125,20,7521,1.0034767389297485,1.2877116203308105,1.0,3710.7470703125,2897.83203125,0.0,0.0,-1,-1,0.0,0,0,0.0,0
10,28,13801,0,3843.949951171875,20,7522,1.0028843879699707,1.2635200023651123,1.0,3843.949951171875,3049.806884765625,0.0,0.0,-1,-1,0.0,0,0,0.0,0
10,29,13801,0,3434.76708984375,20,10843,1.0011063814163208,1.372449278831482,1.0,3434.76708984375,2545.052001953125,0.0,0.0,-1,-1,0.0,0,0,0.0,0
10,30,13801,0,4715.47314453125,20,7526,1.0026288032531738,1.1828628778457642,1.0,4715.47314453125,3986.491943359375,0.0,0.0,-1,-1,0.0,0,0,0.0,0
10,31,13801,0,3399.820068359375,20,10839,1.0006400346755981,1.4023079872131348,1.0,3399.820068359375,2427.10693359375,0.0,0.0,-1,-1,0.0,0,0,0.0,0
10,32,13801,0,4232.14111328125,20,10845,1.0046133995056152,1.2968196868896484,1.0,4232.14111328125,3361.93701171875,0.0,0.0,-1,-1,0.0,0,0,0.0,0
10,33,13801,0,4859.548828125,20,9729,1.0027680397033691,1.1845635175704956,1.0,4859.548828125,4117.0380859375,0.0,0.0,-1,-1,0.0,0,0,0.0,0
10,34,13801,0,3484.550048828125,20,10840,1.0008035898208618,1.401987910270691,1.0,3484.550048828125,2493.695068359375,0.0,0.0,-1,-1,0.0,0,0,0.0,0
10,35,13801,0,3576.9140625,20,7526,1.0038396120071411,1.2919548749923706,1.0,3576.9140625,2768.60595703125,0.0,0.0,-1,-1,0.0,0,0,0.0,0
10,36,13801,0,3923.571044921875,20,9729,1.0035167932510376,1.2592531442642212,1.0,3923.571044921875,3115.7919921875,0.0,0.0,-1,-1,0.0,0,0,0.0,0
10,37,13801,0,3529.79296875,20,10841,1.0012328624725342,1.3968374729156494,1.0,3529.79296875,2551.633056640625,0.0,0.0,-1,-1,0.0,0,0,0.0,0
10,38,13801,0,3726.551025390625,20,8073,1.0017125606536865,1.2933013439178467,1.0,3726.551025390625,2882.951904296875,0.0,0.0,-1,-1,0.0,0,0,0.0,0
10,39,13801,0,3595.14892578125,20,10843,1.002720832824707,1.3646341562271118,1.0,3595.14892578125,2670.197998046875,0.0,0.0,-1,-1,0.0,0,0,0.0,0
10,40,13801,0,3390.652099609375,20,8844,1.000583291053772,1.363389253616333,1.0,3390.652099609375,2510.02392578125,0.0,0.0,-1,-1,0.0,0,0,0.0,0
10,41,13801,0,3604.3330078125,20,7522,1.002088189125061,1.298531174659729,1.0,3604.3330078125,2784.739990234375,0.0,0.0,-1,-1,0.0,0,0,0.0,0
10,42,13801,0,4810.43701171875,20,9731,1.002834439277649,1.1865156888961792,1.0,4810.43701171875,4054.2548828125,0.0,0.0,-1,-1,0.0,0,0,0.0,0
10,43,13801,0,3889.6640625,20,7523,1.002771019935608,1.2578115463256836,1.0,3889.6640625,3105.051025390625,0.0,0.0,-1,-1,0.0,0,0,0.0,0
10,44,13801,0,3384.761962890625,20,8845,1.0005028247833252,1.363671898841858,1.0,3384.761962890625,2511.2939453125,0.0,0.0,-1,-1,0.0,0,0,0.0,0
10,45,13801,0,3460.339111328125,20,10843,1.0031559467315674,1.368459701538086,1.0,3460.339111328125,2577.705078125,0.0,0.0,-1,-1,0.0,0,0,0.0,0
10,46,13801,0,3631.156005859375,20,7521,1.001629114151001,1.3013609647750854,1.0,3631.156005859375,2810.989013671875,0.0,0.0,-1,-1,0.0,0,0,0.0,0
10,47,13801,0,3525.656005859375,20,8376,1.0017575025558472,1.3992347717285156,1.0,3525.656005859375,2519.702880859375,0.0,0.0,-1,-1,0.0,0,0,0.0,0
10,48,13801,0,3394.032958984375,20,10839,1.000550389289856,1.3977711200714111,1.0,3394.032958984375,2450.339111328125,0.0,0.0,-1,-1,0.0,0,0,0.0,0
10,49,13801,0,3482.06201171875,20,10842,1.0028407573699951,1.368912696838379,1.0,3482.06201171875,2633.2509765625,0.0,0.0,-1,-1,0.0,0,0,0.0,0
10,50,13801,0,5465.93115234375,20,9730,1.00290846824646,1.1476386785507202,1.0,5465.93115234375,4762.76318359375,0.0,0.0,-1,-1,0.0,0,0,0.0,0
10,51,13801,0,3507.823974609375,20,10841,1.0012201070785522,1.3960483074188232,1.0,3507.823974609375,2528.4140625,0.0,0.0,-1,-1,0.0,0,0,0.0,0
10,52,13801,0,4965.2890625,20,9730,1.002733588218689,1.1799341440200806,1.0,4965.2890625,4211.369140625,0.0,0.0,-1,-1,0.0,0,0,0.0,0
10,53,13801,0,3524.217041015625,20,10843,1.002758264541626,1.3674118518829346,1.0,3524.217041015625,2622.73291015625,0.0,0.0,-1,-1,0.0,0,0,0.0,0
10,54,13801,0,3529.89404296875,20,10841,1.0007905960083008,1.404327630996704,1.0,3529.89404296875,2533.01708984375,0.0,0.0,-1,-1,0.0,0,0,0.0,0
10,55,13801,0,4794.42822265625,20,9731,1.0024218559265137,1.190023422241211,1.0,4794.42822265625,4028.85205078125,0.0,0.0,-1,-1,0.0,0,0,0.0,0
10,56,13801,0,53349445632.0,14,10577,1671534.75,1.945452094078064,1549572.75,34428.48828125,53349445632.0,895509.125,895509.125,1,13177,1989.0787353515625,73,67,53349445632.0,1
10,57,13801,0,14297.1748046875,0,733,11.648015022277832,1.0085906982421875,2.7526111602783203,5194.041015625,14175.3984375,1.0095397233963013,10801.6845703125,0,12796,5.7565741539001465,0,0,0.0,0
10,58,13801,0,4839.19091796875,20,7525,1.002549648284912,1.1848413944244385,1.0,4839.19091796875,4090.447021484375,0.0,0.0,-1,-1,0.0,0,0,0.0,0
10,59,13801,0,4068.06396484375,20,8075,1.0023424625396729,1.2532397508621216,1.0,4068.06396484375,3246.0380859375,0.0,0.0,-1,-1,0.0,0,0,0.0,0
10,60,13801,0,3383.6201171875,20,10839,1.0005886554718018,1.3985460996627808,1.0,3383.6201171875,2421.34912109375,0.0,0.0,-1,-1,0.0,0,0,0.0,0
10,61,13801,0,3393.89306640625,20,10842,1.0002950429916382,1.3792147636413574,1.0,3393.89306640625,2492.654052734375,0.0,0.0,-1,-1,0.0,0,0,0.0,0
10,62,13801,0,3724.531005859375,20,10842,1.003488302230835,1.394536018371582,1.0,3724.531005859375,2694.2509765625,0.0,0.0,-1,-1,0.0,0,0,0.0,0
10,63,13801,0,3637.10107421875,20,2412,1.004909634590149,1.3198623657226562,1.0,3637.10107421875,2811.570068359375,0.0,0.0,-1,-1,0.0,0,0,0.0,0
10,64,13801,0,6378.65185546875,20,9730,1.0027267932891846,1.1206648349761963,1.0,6378.65185546875,5693.97607421875,0.0,0.0,-1,-1,0.0,0,0,0.0,0
10,65,13801,0,3512.6689453125,20,10840,1.0011804103851318,1.39805269241333,1.0,3512.6689453125,2547.791015625,0.0,0.0,-1,-1,0.0,0,0,0.0,0
10,66,13801,0,3597.6630859375,20,10842,1.0015435218811035,1.3828332424163818,1.0,3597.6630859375,2654.2548828125,0.0,0.0,-1,-1,0.0,0,0,0.0,0
10,67,13801,0,4043.048095703125,20,7524,1.0028102397918701,1.235603928565979,1.0,4043.048095703125,3273.2490234375,0.0,0.0,-1,-1,0.0,0,0,0.0,0
10,68,13801,0,4434.2529296875,20,7525,1.0028765201568604,1.202364444732666,1.0,4434.2529296875,3687.944091796875,0.0,0.0,-1,-1,0.0,0,0,0.0,0
10,69,13801,0,3441.489990234375,20,8843,1.002770185470581,1.370164394378662,1.0,3441.489990234375,2594.23193359375,0.0,0.0,-1,-1,0.0,0,0,0.0,0
10,70,13801,0,4678.56884765625,20,8075,1.0017963647842407,1.2064383029937744,1.0,4678.56884765625,3878.0009765625,0.0,0.0,-1,-1,0.0,0,0,0.0,0
10,71,13801,0,3928.009033203125,20,7523,1.003139615058899,1.2517600059509277,1.0,3928.009033203125,3144.237060546875,0.0,0.0,-1,-1,0.0,0,0,0.0,0
10,72,13801,0,3440.72900390625,20,10841,1.001678228378296,1.3743520975112915,1.0,3440.72900390625,2587.126953125,0.0,0.0,-1,-1,0.0,0,0,0.0,0
10,73,13801,0,3471.837890625,20,10840,1.0008352994918823,1.3981852531433105,1.0,3471.837890625,2495.0400390625,0.0,0.0,-1,-1,0.0,0,0,0.0,0
10,74,13801,0,3374.10205078125,20,10841,1.0003676414489746,1.3855253458023071,1.0,3374.10205078125,2459.302978515625,0.0,0.0,-1,-1,0.0,0,0,0.0,0
10,75,13801,0,3552.22705078125,20,10842,1.0013084411621094,1.3934695720672607,1.0,3552.22705078125,2583.680908203125,0.0,0.0,-1,-1,0.0,0,0,0.0,0
10,76,13801,0,3432.25,20,10839,1.0006728172302246,1.4020766019821167,1.0,3432.25,2455.220947265625,0.0,0.0,-1,-1,0.0,0,0,0.0,0
10,77,13801,0,26645041152.0,5,10258,469708.375,612.395751953125,942.8660888671875,28259624.0,26645041152.0,411235.25,411235.25,8,7601,161.64306640625,156,127,26645041152.0,1
10,78,13801,0,4706.94287109375,20,7526,1.0023484230041504,1.1900328397750854,1.0,4706.94287109375,3955.304931640625,0.0,0.0,-1,-1,0.0,0,0,0.0,0
10,79,13801,0,3677.26708984375,20,9729,1.001842737197876,1.2968659400939941,1.0,3677.26708984375,2835.5029296875,0.0,0.0,-1,-1,0.0,0,0,0.0,0
10,80,13801,0,3420.02392578125,20,10840,1.0005793571472168,1.3941919803619385,1.0,3420.02392578125,2476.794921875,0.0,0.0,-1,-1,0.0,0,0,0.0,0
10,81,13801,0,162857.53125,17,8304,162857.53125,215.13829040527344,29.292009353637695,5559.7939453125,162857.53125,215.13829040527344,162857.53125,17,8304,162857.53125,1,1,162857.53125,0
10,82,13801,0,4383.919921875,20,7523,1.0037680864334106,1.206754207611084,1.0,4383.919921875,3632.819091796875,0.0,0.0,-1,-1,0.0,0,0,0.0,0
10,83,13801,0,3546.34912109375,20,10842,1.0011688470840454,1.3953088521957397,1.0,3546.34912109375,2558.968994140625,0.0,0.0,-1,-1,0.0,0,0,0.0,0
10,84,13801,0,3348.360107421875,20,10841,1.0003753900527954,1.3859421014785767,1.0,3348.360107421875,2438.7119140625,0.0,0.0,-1,-1,0.0,0,0,0.0,0
10,85,13801,0,4603.32080078125,20,7526,1.002671718597412,1.1912120580673218,1.0,4603.32080078125,3864.40087890625,0.0,0.0,-1,-1,0.0,0,0,0.0,0
10,86,13801,0,3443.676025390625,20,10840,1.0006358623504639,1.4032903909683228,1.0,3443.676025390625,2460.764892578125,0.0,0.0,-1,-1,0.0,0,0,0.0,0
10,87,13801,0,3554.001953125,20,10841,1.0012866258621216,1.3980458974838257,1.0,3554.001953125,2549.345947265625,0.0,0.0,-1,-1,0.0,0,0,0.0,0
10,88,13801,0,3533.2119140625,20,10840,1.0008983612060547,1.4019469022750854,1.0,3533.2119140625,2535.955078125,0.0,0.0,-1,-1,0.0,0,0,0.0,0
10,89,13801,0,3939.806884765625,20,7523,1.0030865669250488,1.2522497177124023,1.0,3939.806884765625,3164.10400390625,0.0,0.0,-1,-1,0.0,0,0,0.0,0
10,90,13801,0,3681.52294921875,20,10843,1.0012180805206299,1.3884544372558594,1.0,3681.52294921875,2696.112060546875,0.0,0.0,-1,-1,0.0,0,0,0.0,0
10,91,13801,0,3379.1669921875,20,10839,1.0006310939788818,1.4010586738586426,1.0,3379.1669921875,2412.948974609375,0.0,0.0,-1,-1,0.0,0,0,0.0,0
10,92,13801,0,3897.72998046875,20,8073,1.002345323562622,1.2737417221069336,1.0,3897.72998046875,3060.06298828125,0.0,0.0,-1,-1,0.0,0,0,0.0,0
10,93,13801,0,3439.31396484375,20,10842,1.0025330781936646,1.370751976966858,1.0,3439.31396484375,2583.43310546875,0.0,0.0,-1,-1,0.0,0,0,0.0,0
10,94,13801,0,3405.491943359375,20,10839,1.0005589723587036,1.398443341255188,1.0,3405.491943359375,2443.360107421875,0.0,0.0,-1,-1,0.0,0,0,0.0,0
10,95,13801,0,3437.64794921875,20,10840,1.0004971027374268,1.3945493698120117,1.0,3437.64794921875,2491.993896484375,0.0,0.0,-1,-1,0.0,0,0,0.0,0
10,96,13801,0,4152.25390625,20,7526,1.0012614727020264,1.2278188467025757,1.0,4152.25390625,3382.64501953125,0.0,0.0,-1,-1,0.0,0,0,0.0,0
10,97,13801,0,3613.529052734375,20,2413,1.0038127899169922,1.3191263675689697,1.0,3613.529052734375,2752.81689453125,0.0,0.0,-1,-1,0.0,0,0,0.0,0
10,98,13801,0,3314.950927734375,20,10839,1.0003595352172852,1.3932147026062012,1.0,3314.950927734375,2407.583984375,0.0,0.0,-1,-1,0.0,0,0,0.0,0
10,99,13801,0,4685.52685546875,20,9729,1.0027070045471191,1.1951508522033691,1.0,4685.52685546875,3929.860107421875,0.0,0.0,-1,-1,0.0,0,0,0.0,0
10,100,13801,0,522030.03125,10,3666,71.10723876953125,4.823016166687012,63.436424255371094,8229.1845703125,522030.03125,85439.2109375,85439.2109375,6,6977,632.28125,9,7,522030.03125,0
10,101,13801,0,3419.8291015625,20,8846,1.0015344619750977,1.358202576637268,1.0,3419.8291015625,2564.85791015625,0.0,0.0,-1,-1,0.0,0,0,0.0,0
10,102,13801,0,3353.465087890625,20,10839,1.0004712343215942,1.39546537399292,1.0,3353.465087890625,2430.37890625,0.0,0.0,-1,-1,0.0,0,0,0.0,0
10,103,13801,0,3493.89111328125,20,10840,1.0008033514022827,1.395728588104248,1.0,3493.89111328125,2540.118896484375,0.0,0.0,-1,-1,0.0,0,0,0.0,0
10,104,13801,0,3562.51806640625,20,10841,1.0014500617980957,1.3912254571914673,1.0,3562.51806640625,2618.4150390625,0.0,0.0,-1,-1,0.0,0,0,0.0,0
10,105,13801,0,4788.2861328125,20,8074,1.0026869773864746,1.2012090682983398,1.0,4788.2861328125,3988.373046875,0.0,0.0,-1,-1,0.0,0,0,0.0,0
10,106,13801,0,3823.56005859375,20,10842,1.0033973455429077,1.388028860092163,1.0,3823.56005859375,2825.52392578125,0.0,0.0,-1,-1,0.0,0,0,0.0,0
10,107,13801,0,3392.339111328125,20,10839,1.0005319118499756,1.3977683782577515,1.0,3392.339111328125,2438.60693359375,0.0,0.0,-1,-1,0.0,0,0,0.0,0
10,108,13801,0,3391.68408203125,20,10839,1.0006394386291504,1.4017505645751953,1.0,3391.68408203125,2421.95703125,0.0,0.0,-1,-1,0.0,0,0,0.0,0
10,109,13801,0,3353.405029296875,20,10839,1.0004398822784424,1.3951644897460938,1.0,3353.405029296875,2429.77001953125,0.0,0.0,-1,-1,0.0,0,0,0.0,0
10,110,13801,0,4302.3388671875,20,7525,1.0022294521331787,1.2141916751861572,1.0,4302.3388671875,3547.51806640625,0.0,0.0,-1,-1,0.0,0,0,0.0,0
10,111,13801,0,3787.903076171875,20,7524,1.002515435218811,1.2680082321166992,1.0,3787.903076171875,2987.285888671875,0.0,0.0,-1,-1,0.0,0,0,0.0,0
10,112,13801,0,3653.909912109375,20,8076,1.000848412513733,1.2993264198303223,1.0,3653.909912109375,2812.156982421875,0.0,0.0,-1,-1,0.0,0,0,0.0,0
10,113,13801,0,4144.80419921875,20,7523,1.0024292469024658,1.2273482084274292,1.0,4144.80419921875,3380.217041015625,0.0,0.0,-1,-1,0.0,0,0,0.0,0
10,114,13801,0,3586.23095703125,20,10844,1.0058645009994507,1.3566628694534302,1.0,3586.23095703125,2643.4208984375,0.0,0.0,-1,-1,0.0,0,0,0.0,0
10,115,13801,0,3663.882080078125,20,10843,1.0020039081573486,1.3835639953613281,1.0,3663.882080078125,2691.617919921875,0.0,0.0,-1,-1,0.0,0,0,0.0,0
10,116,13801,0,3580.493896484375,20,10842,1.0031429529190063,1.3676965236663818,1.0,3580.493896484375,2726.4970703125,0.0,0.0,-1,-1,0.0,0,0,0.0,0
10,117,13801,0,3427.944091796875,20,10842,1.000410556793213,1.379172921180725,1.0,3427.944091796875,2536.735107421875,0.0,0.0,-1,-1,0.0,0,0,0.0,0
10,118,13801,0,3555.337890625,20,10843,1.002776861190796,1.3664144277572632,1.0,3555.337890625,2664.5830078125,0.0,0.0,-1,-1,0.0,0,0,0.0,0
10,119,13801,0,4342.48291015625,20,7523,1.0031400918960571,1.213619351387024,1.0,4342.48291015625,3604.009033203125,0.0,0.0,-1,-1,0.0,0,0,0.0,0
10,120,13801,0,4354.68994140625,20,7523,1.0029717683792114,1.2117829322814941,1.0,4354.68994140625,3595.535888671875,0.0,0.0,-1,-1,0.0,0,0,0.0,0
10,121,13801,0,3500.3369140625,20,10842,1.002333164215088,1.3706241846084595,1.0,3500.3369140625,2639.56005859375,0.0,0.0,-1,-1,0.0,0,0,0.0,0
10,122,13801,0,3377.242919921875,20,10839,1.0004593133926392,1.39531672000885,1.0,3377.242919921875,2437.26904296875,0.0,0.0,-1,-1,0.0,0,0,0.0,0
10,123,13801,0,3375.0,20,10839,1.000550389289856,1.3989551067352295,1.0,3375.0,2415.412109375,0.0,0.0,-1,-1,0.0,0,0,0.0,0
10,124,13801,0,3571.943115234375,20,7526,1.0040273666381836,1.2927215099334717,1.0,3571.943115234375,2763.118896484375,0.0,0.0,-1,-1,0.0,0,0,0.0,0
10,125,13801,0,3636.56494140625,20,9729,1.0037665367126465,1.2936240434646606,1.0,3636.56494140625,2811.14501953125,0.0,0.0,-1,-1,0.0,0,0,0.0,0
10,126,13801,0,4011.613037109375,20,10844,1.0047318935394287,1.3627463579177856,1.0,4011.613037109375,3000.89697265625,0.0,0.0,-1,-1,0.0,0,0,0.0,0
10,127,13801,0,3352.513916015625,20,8377,1.0009245872497559,1.3946940898895264,1.0,3352.513916015625,2405.5849609375,0.0,0.0,-1,-1,0.0,0,0,0.0,0
10,128,13801,0,4197.56103515625,20,9730,1.0026806592941284,1.2287280559539795,1.0,4197.56103515625,3416.18408203125,0.0,0.0,-1,-1,0.0,0,0,0.0,0
10,129,13801,0,3670.39404296875,20,7524,1.003844141960144,1.285115122795105,1.0,3670.39404296875,2860.56103515625,0.0,0.0,-1,-1,0.0,0,0,0.0,0
10,130,13801,0,3880.325927734375,20,7523,1.0023159980773926,1.26076340675354,1.0,3880.325927734375,3100.66796875,0.0,0.0,-1,-1,0.0,0,0,0.0,0
10,131,13801,0,4963.509765625,20,9730,1.0028083324432373,1.1797785758972168,1.0,4963.509765625,4207.15380859375,0.0,0.0,-1,-1,0.0,0,0,0.0,0
10,132,13801,0,3858.87890625,20,10845,1.0047495365142822,1.3294239044189453,1.0,3858.87890625,2927.181884765625,0.0,0.0,-1,-1,0.0,0,0,0.0,0
10,133,13801,0,3566.4970703125,20,10844,1.005497932434082,1.3592449426651,1.0,3566.4970703125,2623.881103515625,0.0,0.0,-1,-1,0.0,0,0,0.0,0
10,134,13801,0,3468.242919921875,20,8844,1.0017151832580566,1.3582193851470947,1.0,3468.242919921875,2617.280029296875,0.0,0.0,-1,-1,0.0,0,0,0.0,0
10,135,13801,0,4469.990234375,20,7525,1.002637505531311,1.199985146522522,1.0,4469.990234375,3733.89697265625,0.0,0.0,-1,-1,0.0,0,0,0.0,0
10,136,13801,0,3400.0390625,20,10839,1.000529170036316,1.3971450328826904,1.0,3400.0390625,2458.31591796875,0.0,0.0,-1,-1,0.0,0,0,0.0,0
10,137,13801,0,4609.8671875,20,7526,1.0023852586746216,1.1914812326431274,1.0,4609.8671875,3869.02197265625,0.0,0.0,-1,-1,0.0,0,0,0.0,0
10,138,13801,0,3801.177978515625,20,7524,1.0023235082626343,1.2698050737380981,1.0,3801.177978515625,3001.23095703125,0.0,0.0,-1,-1,0.0,0,0,0.0,0
10,139,13801,0,3520.5439453125,20,10841,1.001599907875061,1.3934712409973145,1.0,3520.5439453125,2549.162109375,0.0,0.0,-1,-1,0.0,0,0,0.0,0
10,140,13801,0,4849.212890625,20,8074,1.0013251304626465,1.1974595785140991,1.0,4849.212890625,4052.406982421875,0.0,0.0,-1,-1,0.0,0,0,0.0,0
10,141,13801,0,3831.01611328125,20,10842,1.0045702457427979,1.3850278854370117,1.0,3831.01611328125,2806.239990234375,0.0,0.0,-1,-1,0.0,0,0,0.0,0
10,142,13801,0,3373.70703125,20,9751,1.002272367477417,1.3694716691970825,1.0,3373.70703125,2492.361083984375,0.0,0.0,-1,-1,0.0,0,0,0.0,0
10,143,13801,0,4381.7939453125,20,9729,1.001816749572754,1.221089482307434,1.0,4381.7939453125,3590.447021484375,0.0,0.0,-1,-1,0.0,0,0,0.0,0
10,144,13801,0,4007.12109375,20,7525,1.0020171403884888,1.2395187616348267,1.0,4007.12109375,3232.803955078125,0.0,0.0,-1,-1,0.0,0,0,0.0,0
10,145,13801,0,3892.7880859375,20,8376,1.010192632675171,1.4020476341247559,1.0,3892.7880859375,2860.7109375,0.0,0.0,-1,-1,0.0,0,0,0.0,0
10,146,13801,0,3607.412109375,20,10842,1.0017123222351074,1.3889812231063843,1.0,3607.412109375,2657.194091796875,0.0,0.0,-1,-1,0.0,0,0,0.0,0
10,147,13801,0,7302.1328125,20,9732,1.0041829347610474,1.0964630842208862,1.0,7302.1328125,6659.7158203125,0.0,0.0,-1,-1,0.0,0,0,0.0,0
10,148,13801,0,3552.172119140625,20,7522,1.002001166343689,1.3051438331604004,1.0,3552.172119140625,2739.87890625,0.0,0.0,-1,-1,0.0,0,0,0.0,0
10,149,13801,0,3546.56298828125,20,7522,1.001298427581787,1.3074389696121216,1.0,3546.56298828125,2727.615966796875,0.0,0.0,-1,-1,0.0,0,0,0.0,0
10,150,13801,0,3375.74609375,20,10839,1.0006083250045776,1.4009530544281006,1.0,3375.74609375,2411.2119140625,0.0,0.0,-1,-1,0.0,0,0,0.0,0
10,151,13801,0,3398.884033203125,20,10839,1.0005384683609009,1.3988984823226929,1.0,3398.884033203125,2434.611083984375,0.0,0.0,-1,-1,0.0,0,0,0.0,0
10,152,13801,0,3587.656005859375,20,10842,1.0009523630142212,1.3941181898117065,1.0,3587.656005859375,2616.928955078125,0.0,0.0,-1,-1,0.0,0,0,0.0,0
10,153,13801,0,3335.469970703125,20,10838,1.0005106925964355,1.4000831842422485,1.0,3335.469970703125,2385.177978515625,0.0,0.0,-1,-1,0.0,0,0,0.0,0
10,154,13801,0,3409.845947265625,20,10840,1.000523567199707,1.393174409866333,1.0,3409.845947265625,2478.160888671875,0.0,0.0,-1,-1,0.0,0,0,0.0,0
10,155,13801,0,3719.81005859375,20,7521,1.0031802654266357,1.286813497543335,1.0,3719.81005859375,2923.947021484375,0.0,0.0,-1,-1,0.0,0,0,0.0,0
10,156,13801,0,3637.467041015625,20,8376,1.0037736892700195,1.4017294645309448,1.0,3637.467041015625,2597.0439453125,0.0,0.0,-1,-1,0.0,0,0,0.0,0
10,157,13801,0,3463.991943359375,20,10840,1.00064218044281,1.3953170776367188,1.0,3463.991943359375,2510.89306640625,0.0,0.0,-1,-1,0.0,0,0,0.0,0
10,158,13801,0,3719.2880859375,20,10842,1.0023449659347534,1.3919610977172852,1.0,3719.2880859375,2721.803955078125,0.0,0.0,-1,-1,0.0,0,0,0.0,0
10,159,13801,0,3379.8359375,20,9751,1.0004390478134155,1.3644464015960693,1.0,3379.8359375,2480.85107421875,0.0,0.0,-1,-1,0.0,0,0,0.0,0
10,160,13801,0,3763.47509765625,20,8076,1.0009232759475708,1.2894032001495361,1.0,3763.47509765625,2918.77294921875,0.0,0.0,-1,-1,0.0,0,0,0.0,0
10,161,13801,0,3487.10009765625,20,10843,1.002684235572815,1.368449330329895,1.0,3487.10009765625,2573.2041015625,0.0,0.0,-1,-1,0.0,0,0,0.0,0
10,162,13801,0,3819.513916015625,20,7522,1.0032095909118652,1.267447829246521,1.0,3819.513916015625,3017.287109375,0.0,0.0,-1,-1,0.0,0,0,0.0,0
10,163,13801,0,3570.423095703125,20,10841,1.0008704662322998,1.4027255773544312,1.0,3570.423095703125,2564.865966796875,0.0,0.0,-1,-1,0.0,0,0,0.0,0
10,164,13801,0,3563.139892578125,20,2413,1.0045232772827148,1.3247320652008057,1.0,3563.139892578125,2732.764892578125,0.0,0.0,-1,-1,0.0,0,0,0.0,0
10,165,13801,0,4375.201171875,20,7523,1.0037224292755127,1.2087290287017822,1.0,4375.201171875,3619.6708984375,0.0,0.0,-1,-1,0.0,0,0,0.0,0
10,166,13801,0,3499.95703125,20,10840,1.0010552406311035,1.3996171951293945,1.0,3499.95703125,2520.846923828125,0.0,0.0,-1,-1,0.0,0,0,0.0,0
10,167,13801,0,3558.0029296875,20,7522,1.0015294551849365,1.3068368434906006,1.0,3558.0029296875,2751.55908203125,0.0,0.0,-1,-1,0.0,0,0,0.0,0
10,168,13801,0,4088.35107421875,20,7523,1.0009934902191162,1.2330191135406494,1.0,4088.35107421875,3322.032958984375,0.0,0.0,-1,-1,0.0,0,0,0.0,0
10,169,13801,0,3644.84912109375,20,10843,1.0055162906646729,1.3585659265518188,1.0,3644.84912109375,2761.37890625,0.0,0.0,-1,-1,0.0,0,0,0.0,0
10,170,13801,0,3405.0,20,10842,1.0004664659500122,1.3808032274246216,1.0,3405.0,2503.8779296875,0.0,0.0,-1,-1,0.0,0,0,0.0,0
10,171,13801,0,4435.93115234375,20,7525,1.0026723146438599,1.2030961513519287,1.0,4435.93115234375,3688.406982421875,0.0,0.0,-1,-1,0.0,0,0,0.0,0
10,172,13801,0,3960.662109375,20,7522,1.0030885934829712,1.2515861988067627,1.0,3960.662109375,3169.301025390625,0.0,0.0,-1,-1,0.0,0,0,0.0,0
10,173,13801,0,22983.626953125,0,744,19.855226516723633,1.0071965456008911,4.36639404296875,5263.7548828125,22819.40625,1.6642990112304688,17202.69140625,1,12807,2.7520837783813477,7,0,22983.626953125,0
10,174,13801,0,4105.06787109375,20,7524,1.0025092363357544,1.2352451086044312,1.0,4105.06787109375,3332.827880859375,0.0,0.0,-1,-1,0.0,0,0,0.0,0
10,175,13801,0,3778.404052734375,20,9727,1.0024662017822266,1.2778295278549194,1.0,3778.404052734375,2975.8779296875,0.0,0.0,-1,-1,0.0,0,0,0.0,0
10,176,13801,0,3635.280029296875,20,10843,1.001344084739685,1.388033390045166,1.0,3635.280029296875,2663.1259765625,0.0,0.0,-1,-1,0.0,0,0,0.0,0
10,177,13801,0,3459.256103515625,20,10839,1.0005683898925781,1.4063113927841187,1.0,3459.256103515625,2467.14306640625,0.0,0.0,-1,-1,0.0,0,0,0.0,0
10,178,13801,0,3367.1708984375,20,8844,1.0003231763839722,1.366180181503296,1.0,3367.1708984375,2480.705078125,0.0,0.0,-1,-1,0.0,0,0,0.0,0
10,179,13801,0,3573.256103515625,20,9731,1.0015637874603271,1.3052351474761963,1.0,3573.256103515625,2737.634033203125,0.0,0.0,-1,-1,0.0,0,0,0.0,0
10,180,13801,0,3714.5419921875,20,10844,1.002579689025879,1.3482930660247803,1.0,3714.5419921875,2775.573974609375,0.0,0.0,-1,-1,0.0,0,0,0.0,0
10,181,13801,0,3332.264892578125,20,10839,1.0004109144210815,1.3941282033920288,1.0,3332.264892578125,2417.7900390625,0.0,0.0,-1,-1,0.0,0,0,0.0,0
10,182,13801,0,3299.01708984375,20,10839,1.0003759860992432,1.3938871622085571,1.0,3299.01708984375,2392.6259765625,0.0,0.0,-1,-1,0.0,0,0,0.0,0
10,183,13801,0,3417.73388671875,20,10840,1.0004218816757202,1.39218008518219,1.0,3417.73388671875,2490.87109375,0.0,0.0,-1,-1,0.0,0,0,0.0,0
10,184,13801,0,4172.81005859375,20,7523,1.002384901046753,1.2256900072097778,1.0,4172.81005859375,3409.055908203125,0.0,0.0,-1,-1,0.0,0,0,0.0,0
10,185,13801,0,4253.34716796875,20,9730,1.001309871673584,1.2262587547302246,1.0,4253.34716796875,3468.555908203125,0.0,0.0,-1,-1,0.0,0,0,0.0,0
10,186,13801,0,3750.51708984375,20,7523,1.0029550790786743,1.2731250524520874,1.0,3750.51708984375,2951.10205078125,0.0,0.0,-1,-1,0.0,0,0,0.0,0
10,187,13801,0,53243788.0,7,8866,1946.2529296875,2.8488364219665527,465.5201721191406,114374.828125,53243788.0,544196.25,544196.25,0,9672,546.0996704101562,78,68,53243788.0,1
10,188,13801,0,312339712.0,1,767,376700.0625,3.199084758758545,330.3508605957031,945478.75,312339712.0,751872.125,751872.125,0,713,760.9279174804688,47,42,312339712.0,1
10,189,13801,0,3912.930908203125,20,7525,1.0029489994049072,1.2482095956802368,1.0,3912.930908203125,3134.8349609375,0.0,0.0,-1,-1,0.0,0,0,0.0,0
10,190,13801,0,4727.56982421875,20,8075,1.002465009689331,1.204308271408081,1.0,4727.56982421875,3925.548095703125,0.0,0.0,-1,-1,0.0,0,0,0.0,0
10,191,13801,0,3399.06396484375,20,10840,1.0003163814544678,1.3913666009902954,1.0,3399.06396484375,2467.9189453125,0.0,0.0,-1,-1,0.0,0,0,0.0,0
10,192,13801,0,3644.85693359375,20,10842,1.0013982057571411,1.3967258930206299,1.0,3644.85693359375,2640.867919921875,0.0,0.0,-1,-1,0.0,0,0,0.0,0
10,193,13801,0,3839.416015625,20,7523,1.0026649236679077,1.2630892992019653,1.0,3839.416015625,3042.382080078125,0.0,0.0,-1,-1,0.0,0,0,0.0,0
10,194,13801,0,3630.14501953125,20,2413,1.0026135444641113,1.3181267976760864,1.0,3630.14501953125,2764.160888671875,0.0,0.0,-1,-1,0.0,0,0,0.0,0
10,195,13801,0,3371.76708984375,20,10839,1.0005110502243042,1.397676944732666,1.0,3371.76708984375,2424.4140625,0.0,0.0,-1,-1,0.0,0,0,0.0,0
10,196,13801,0,3541.6259765625,20,10844,1.0042580366134644,1.3623037338256836,1.0,3541.6259765625,2599.73291015625,0.0,0.0,-1,-1,0.0,0,0,0.0,0
10,197,13801,0,3310.8759765625,20,10839,1.0004138946533203,1.395859718322754,1.0,3310.8759765625,2379.592041015625,0.0,0.0,-1,-1,0.0,0,0,0.0,0
10,198,13801,0,3825.430908203125,20,7524,1.0016462802886963,1.2647377252578735,1.0,3825.430908203125,3036.779052734375,0.0,0.0,-1,-1,0.0,0,0,0.0,0
10,199,13801,0,3515.013916015625,20,8376,1.0012096166610718,1.401248574256897,1.0,3515.013916015625,2520.76806640625,0.0,0.0,-1,-1,0.0,0,0,0.0,0
10,200,13801,0,3499.22998046875,20,10840,1.0007399320602417,1.4033108949661255,1.0,3499.22998046875,2500.27490234375,0.0,0.0,-1,-1,0.0,0,0,0.0,0
10,201,13801,0,4793.55078125,20,7523,1.0027822256088257,1.1797003746032715,1.0,4793.55078125,4067.764892578125,0.0,0.0,-1,-1,0.0,0,0,0.0,0
10,202,13801,0,4859.86376953125,20,7526,1.001387357711792,1.1758034229278564,1.0,4859.86376953125,4137.615234375,0.0,0.0,-1,-1,0.0,0,0,0.0,0
10,203,13801,0,3709.14697265625,20,7523,1.002855658531189,1.2789558172225952,1.0,3709.14697265625,2900.136962890625,0.0,0.0,-1,-1,0.0,0,0,0.0,0
10,204,13801,0,3507.072021484375,20,10841,1.0010673999786377,1.3992785215377808,1.0,3507.072021484375,2511.200927734375,0.0,0.0,-1,-1,0.0,0,0,0.0,0
10,205,13801,0,22544.498046875,0,756,4.966742515563965,1.0012283325195312,3.9861037731170654,5655.77294921875,22516.83984375,11287.1298828125,11287.1298828125,16,10245,11287.1298828125,2,0,17041.53125,0
10,206,13801,0,3520.60107421875,20,9725,1.0045392513275146,1.3238208293914795,1.0,3520.60107421875,2684.1279296875,0.0,0.0,-1,-1,0.0,0,0,0.0,0
10,207,13801,0,4566.68017578125,20,9730,1.0026341676712036,1.1980880498886108,1.0,4566.68017578125,3811.639892578125,0.0,0.0,-1,-1,0.0,0,0,0.0,0
10,208,13801,0,3773.451904296875,20,7523,1.0029865503311157,1.2701725959777832,1.0,3773.451904296875,2978.304931640625,0.0,0.0,-1,-1,0.0,0,0,0.0,0
10,209,13801,0,3730.39892578125,20,7524,1.0011066198349,1.276334524154663,1.0,3730.39892578125,2922.985107421875,0.0,0.0,-1,-1,0.0,0,0,0.0,0
10,210,13801,0,3428.576904296875,20,10842,1.0023534297943115,1.3720728158950806,1.0,3428.576904296875,2567.205078125,0.0,0.0,-1,-1,0.0,0,0,0.0,0
10,211,13801,0,3472.0439453125,20,8844,1.0016833543777466,1.3576003313064575,1.0,3472.0439453125,2622.510009765625,0.0,0.0,-1,-1,0.0,0,0,0.0,0
10,212,13801,0,3667.493896484375,20,7524,1.0037884712219238,1.2850854396820068,1.0,3667.493896484375,2857.468994140625,0.0,0.0,-1,-1,0.0,0,0,0.0,0
10,213,13801,0,3808.1201171875,20,10843,1.0024462938308716,1.3832377195358276,1.0,3808.1201171875,2820.639892578125,0.0,0.0,-1,-1,0.0,0,0,0.0,0
10,214,13801,0,4051.9189453125,20,7524,1.0028728246688843,1.236712098121643,1.0,4051.9189453125,3280.9541015625,0.0,0.0,-1,-1,0.0,0,0,0.0,0
10,215,13801,0,4112.30322265625,20,7523,1.000116229057312,1.2310733795166016,1.0,4112.30322265625,3355.090087890625,0.0,0.0,-1,-1,0.0,0,0,0.0,0
10,216,13801,0,6192.5390625,20,7528,1.0030920505523682,1.1195257902145386,1.0,6192.5390625,5981.8720703125,0.0,0.0,-1,-1,0.0,0,0,0.0,0
10,217,13801,0,3464.965087890625,20,10840,1.0009783506393433,1.399518370628357,1.0,3464.965087890625,2482.080078125,0.0,0.0,-1,-1,0.0,0,0,0.0,0
10,218,13801,0,3732.342041015625,20,10844,1.0048530101776123,1.3453919887542725,1.0,3732.342041015625,2794.830078125,0.0,0.0,-1,-1,0.0,0,0,0.0,0
10,219,13801,0,3854.047119140625,20,7523,1.002642273902893,1.2624857425689697,1.0,3854.047119140625,3066.01806640625,0.0,0.0,-1,-1,0.0,0,0,0.0,0
10,220,13801,0,4823.5078125,20,7524,1.0021394491195679,1.1752084493637085,1.0,4823.5078125,4104.384765625,0.0,0.0,-1,-1,0.0,0,0,0.0,0
10,221,13801,0,3466.385009765625,20,10839,1.0005488395690918,1.404924750328064,1.0,3466.385009765625,2476.720947265625,0.0,0.0,-1,-1,0.0,0,0,0.0,0
10,222,13801,0,3487.18994140625,20,10840,1.0010441541671753,1.3985227346420288,1.0,3487.18994140625,2513.757080078125,0.0,0.0,-1,-1,0.0,0,0,0.0,0
10,223,13801,0,3438.6689453125,20,10842,1.002413034439087,1.3717868328094482,1.0,3438.6689453125,2580.284912109375,0.0,0.0,-1,-1,0.0,0,0,0.0,0
10,224,13801,0,754138021888.0,1,2978,10320195.0,7281.11083984375,11736.2958984375,64256900.0,754138021888.0,175819.421875,175819.421875,12,2975,2102.600341796875,178,135,754138021888.0,1
10,225,13801,0,3503.27392578125,20,10843,1.0016095638275146,1.3697000741958618,1.0,3503.27392578125,2593.652099609375,0.0,0.0,-1,-1,0.0,0,0,0.0,0
10,226,13801,0,3448.826904296875,20,10839,1.0006190538406372,1.4038323163986206,1.0,3448.826904296875,2461.993896484375,0.0,0.0,-1,-1,0.0,0,0,0.0,0
10,227,13801,0,3789.30908203125,20,9727,1.0011286735534668,1.2792705297470093,1.0,3789.30908203125,2977.6630859375,0.0,0.0,-1,-1,0.0,0,0,0.0,0
10,228,13801,0,3752.52197265625,20,7523,1.0032131671905518,1.2727488279342651,1.0,3752.52197265625,2951.39306640625,0.0,0.0,-1,-1,0.0,0,0,0.0,0
10,229,13801,0,4318.384765625,20,7523,1.0032768249511719,1.2146859169006348,1.0,4318.384765625,3570.9619140625,0.0,0.0,-1,-1,0.0,0,0,0.0,0
10,230,13801,0,3468.800048828125,20,8377,1.0005357265472412,1.3990182876586914,1.0,3468.800048828125,2488.614990234375,0.0,0.0,-1,-1,0.0,0,0,0.0,0
10,231,13801,0,4339.33984375,20,7525,1.0025888681411743,1.2106057405471802,1.0,4339.33984375,3588.989990234375,0.0,0.0,-1,-1,0.0,0,0,0.0,0
10,232,13801,0,4410.98193359375,20,8075,1.0016543865203857,1.2250893115997314,1.0,4410.98193359375,3600.5390625,0.0,0.0,-1,-1,0.0,0,0,0.0,0
10,233,13801,0,3568.9189453125,20,10844,1.0053681135177612,1.3577136993408203,1.0,3568.9189453125,2639.738037109375,0.0,0.0,-1,-1,0.0,0,0,0.0,0
10,234,13801,0,42536775680.0,9,3667,2341612.75,12439.8125,1110.50244140625,38304080.0,42536775680.0,309237.03125,309237.03125,10,6890,0.9661470055580139,140,105,42536775680.0,1
10,235,13801,0,3473.4599609375,20,10839,1.0006825923919678,1.402012825012207,1.0,3473.4599609375,2486.25,0.0,0.0,-1,-1,0.0,0,0,0.0,0
10,236,13801,0,4045.052001953125,20,10845,1.0053342580795288,1.3124516010284424,1.0,4045.052001953125,3152.840087890625,0.0,0.0,-1,-1,0.0,0,0,0.0,0
10,237,13801,0,4404.28076171875,20,7525,1.0022615194320679,1.2109020948410034,1.0,4404.28076171875,3637.18994140625,0.0,0.0,-1,-1,0.0,0,0,0.0,0
10,238,13801,0,3823.3779296875,20,7523,1.0020612478256226,1.2683013677597046,1.0,3823.3779296875,3032.281982421875,0.0,0.0,-1,-1,0.0,0,0,0.0,0
10,239,13801,0,2075281664.0,10,709,104585.6953125,10.252338409423828,8477.7939453125,244790.28125,2075281664.0,1073820.375,1073820.375,0,709,2850.140625,21,18,2075281664.0,1
10,240,13801,0,3784.85693359375,20,10843,1.0020782947540283,1.376751184463501,1.0,3784.85693359375,2843.47802734375,0.0,0.0,-1,-1,0.0,0,0,0.0,0
10,241,13801,0,3483.799072265625,20,10840,1.000808596611023,1.3960599899291992,1.0,3483.799072265625,2524.172119140625,0.0,0.0,-1,-1,0.0,0,0,0.0,0
10,242,13801,0,3629.7099609375,20,9729,1.003883957862854,1.2930876016616821,1.0,3629.7099609375,2807.010009765625,0.0,0.0,-1,-1,0.0,0,0,0.0,0
10,243,13801,0,3388.06201171875,20,10839,1.000636339187622,1.4004491567611694,1.0,3388.06201171875,2420.77392578125,0.0,0.0,-1,-1,0.0,0,0,0.0,0
10,244,13801,0,3975.967041015625,20,10844,1.002919316291809,1.36121666431427,1.0,3975.967041015625,2999.008056640625,0.0,0.0,-1,-1,0.0,0,0,0.0,0
10,245,13801,0,3432.77197265625,20,10840,1.000805139541626,1.40166175365448,1.0,3432.77197265625,2451.514892578125,0.0,0.0,-1,-1,0.0,0,0,0.0,0
10,246,13801,0,3502.737060546875,20,10840,1.000854253768921,1.4011223316192627,1.0,3502.737060546875,2522.251953125,0.0,0.0,-1,-1,0.0,0,0,0.0,0
10,247,13801,0,3570.902099609375,20,10844,1.005671739578247,1.358496069908142,1.0,3570.902099609375,2633.73193359375,0.0,0.0,-1,-1,0.0,0,0,0.0,0
10,248,13801,0,3484.198974609375,20,10841,1.0012729167938232,1.3970375061035156,1.0,3484.198974609375,2498.762939453125,0.0,0.0,-1,-1,0.0,0,0,0.0,0
10,249,13801,0,3375.717041015625,20,10840,1.000411868095398,1.3923169374465942,1.0,3375.717041015625,2452.760986328125,0.0,0.0,-1,-1,0.0,0,0,0.0,0
10,250,13801,0,5108.8349609375,20,7526,1.002681016921997,1.1585005521774292,1.0,5108.8349609375,4409.8681640625,0.0,0.0,-1,-1,0.0,0,0,0.0,0
10,251,13801,0,3424.321044921875,20,10840,1.0005635023117065,1.3923639059066772,1.0,3424.321044921875,2514.090087890625,0.0,0.0,-1,-1,0.0,0,0,0.0,0
10,252,13801,0,3959.7041015625,20,7525,1.0022544860839844,1.2451468706130981,1.0,3959.7041015625,3180.110107421875,0.0,0.0,-1,-1,0.0,0,0,0.0,0
10,253,13801,0,3576.014892578125,20,10842,1.0021822452545166,1.3863263130187988,1.0,3576.014892578125,2613.7119140625,0.0,0.0,-1,-1,0.0,0,0,0.0,0
10,254,13801,0,3472.135009765625,20,8845,1.0012304782867432,1.3574310541152954,1.0,3472.135009765625,2632.666015625,0.0,0.0,-1,-1,0.0,0,0,0.0,0
10,255,13801,0,3757.39892578125,20,8076,1.001155972480774,1.2869025468826294,1.0,3757.39892578125,2919.722900390625,0.0,0.0,-1,-1,0.0,0,0,0.0,0
10,256,13801,0,3632.806884765625,20,8376,1.0027369260787964,1.4029196500778198,1.0,3632.806884765625,2624.258056640625,0.0,0.0,-1,-1,0.0,0,0,0.0,0
10,257,13801,0,3499.1650390625,20,10842,1.0027180910110474,1.3678487539291382,1.0,3499.1650390625,2667.10009765625,0.0,0.0,-1,-1,0.0,0,0,0.0,0
10,258,13801,0,4790.7841796875,20,10840,1.0882582664489746,1.3664116859436035,1.0,4790.7841796875,3540.181884765625,0.0,0.0,-1,-1,0.0,0,0,0.0,0
10,259,13801,0,3395.070068359375,20,8377,1.0008639097213745,1.3964879512786865,1.0,3395.070068359375,2432.7958984375,0.0,0.0,-1,-1,0.0,0,0,0.0,0
10,260,13801,0,3474.569091796875,20,8844,1.0012563467025757,1.3568205833435059,1.0,3474.569091796875,2627.05810546875,0.0,0.0,-1,-1,0.0,0,0,0.0,0
10,261,13801,0,3427.31103515625,20,10840,1.0004271268844604,1.3911179304122925,1.0,3427.31103515625,2527.51806640625,0.0,0.0,-1,-1,0.0,0,0,0.0,0
10,262,13801,0,3550.718994140625,20,10842,1.0018426179885864,1.3884955644607544,1.0,3550.718994140625,2587.263916015625,0.0,0.0,-1,-1,0.0,0,0,0.0,0
10,263,13801,0,3664.323974609375,20,8376,1.0028988122940063,1.40243661403656,1.0,3664.323974609375,2664.319091796875,0.0,0.0,-1,-1,0.0,0,0,0.0,0
10,264,13801,0,5459.89306640625,20,9730,1.002751350402832,1.1488407850265503,1.0,5459.89306640625,4752.52392578125,0.0,0.0,-1,-1,0.0,0,0,0.0,0
10,265,13801,0,3430.802978515625,20,8845,1.0014617443084717,1.3591806888580322,1.0,3430.802978515625,2570.197021484375,0.0,0.0,-1,-1,0.0,0,0,0.0,0
10,266,13801,0,3510.2880859375,20,10840,1.0009794235229492,1.401102900505066,1.0,3510.2880859375,2516.054931640625,0.0,0.0,-1,-1,0.0,0,0,0.0,0
10,267,13801,0,3487.51806640625,20,10840,1.001070261001587,1.3994282484054565,1.0,3487.51806640625,2504.464111328125,0.0,0.0,-1,-1,0.0,0,0,0.0,0
10,268,13801,0,5765.40283203125,20,7528,1.00328528881073,1.1306557655334473,1.0,5765.40283203125,5099.1669921875,0.0,0.0,-1,-1,0.0,0,0,0.0,0
10,269,13801,0,3816.37109375,20,4919,1.0017952919006348,1.3230293989181519,1.0,3816.37109375,2951.741943359375,0.0,0.0,-1,-1,0.0,0,0,0.0,0
10,270,13801,0,4251.0380859375,20,7521,1.0035433769226074,1.2306867837905884,1.0,4251.0380859375,3491.281982421875,0.0,0.0,-1,-1,0.0,0,0,0.0,0
10,271,13801,0,3366.43896484375,20,10839,1.0005435943603516,1.3987140655517578,1.0,3366.43896484375,2408.802001953125,0.0,0.0,-1,-1,0.0,0,0,0.0,0
10,272,13801,0,3657.876953125,20,9729,1.0025725364685059,1.2949639558792114,1.0,3657.876953125,2824.694091796875,0.0,0.0,-1,-1,0.0,0,0,0.0,0
10,273,13801,0,3418.60693359375,20,3107,1.0029464960098267,1.3893003463745117,1.0,3418.60693359375,2460.66796875,0.0,0.0,-1,-1,0.0,0,0,0.0,0
10,274,13801,0,3357.26806640625,20,10841,1.0003732442855835,1.3852053880691528,1.0,3357.26806640625,2450.5859375,0.0,0.0,-1,-1,0.0,0,0,0.0,0
10,275,13801,0,741137280.0,1,1956,70210.5078125,4.894445419311523,45.71334457397461,16212712.0,741137280.0,48946.31640625,48946.31640625,12,3799,48946.31640625,79,61,741137280.0,1
10,276,13801,0,3446.72998046875,20,10840,1.000664472579956,1.394707202911377,1.0,3446.72998046875,2496.923095703125,0.0,0.0,-1,-1,0.0,0,0,0.0,0
10,277,13801,0,3494.489013671875,20,10842,1.0030338764190674,1.3695789575576782,1.0,3494.489013671875,2638.81005859375,0.0,0.0,-1,-1,0.0,0,0,0.0,0
10,278,13801,0,3508649.5,1,12253,7160.97705078125,148.22239685058594,123.9786148071289,28300.44140625,3508649.5,272632.03125,272632.03125,2,892,272632.03125,19,10,3508649.5,1
10,279,13801,0,3509.44189453125,20,10843,1.0007355213165283,1.3710707426071167,1.0,3509.44189453125,2616.56103515625,0.0,0.0,-1,-1,0.0,0,0,0.0,0
10,280,13801,0,4016.717041015625,20,7525,1.0021051168441772,1.2411755323410034,1.0,4016.717041015625,3237.325927734375,0.0,0.0,-1,-1,0.0,0,0,0.0,0
10,281,13801,0,9532.509765625,20,7528,1.5744105577468872,1.0737146139144897,1.0,9532.509765625,8878.06640625,0.0,0.0,-1,-1,0.0,0,0,0.0,0
10,282,13801,0,4414.3740234375,20,7525,1.002411961555481,1.2036981582641602,1.0,4414.3740234375,3669.35205078125,0.0,0.0,-1,-1,0.0,0,0,0.0,0
10,283,13801,0,3582.162109375,20,8376,1.0014047622680664,1.3995569944381714,1.0,3582.162109375,2583.179931640625,0.0,0.0,-1,-1,0.0,0,0,0.0,0
10,284,13801,0,3522.22607421875,20,10841,1.0008244514465332,1.4020054340362549,1.0,3522.22607421875,2520.1279296875,0.0,0.0,-1,-1,0.0,0,0,0.0,0
10,285,13801,0,3564.01611328125,20,10842,1.0021145343780518,1.387658953666687,1.0,3564.01611328125,2597.486083984375,0.0,0.0,-1,-1,0.0,0,0,0.0,0
10,286,13801,0,15128.2109375,0,12802,21.50633430480957,1.009325623512268,3.312878131866455,4566.48583984375,14988.4345703125,1.0228686332702637,10661.82421875,1,738,5.379228115081787,3,0,15128.2109375,0
10,287,13801,0,3951.60888671875,20,2471,1.0029864311218262,1.2566224336624146,1.0,3951.60888671875,3154.320068359375,0.0,0.0,-1,-1,0.0,0,0,0.0,0
10,288,13801,0,3584.403076171875,20,10842,1.0021753311157227,1.386215090751648,1.0,3584.403076171875,2622.81689453125,0.0,0.0,-1,-1,0.0,0,0,0.0,0
10,289,13801,0,3405.780029296875,20,10839,1.0005806684494019,1.3998676538467407,1.0,3405.780029296875,2438.01611328125,0.0,0.0,-1,-1,0.0,0,0,0.0,0
10,290,13801,0,3546.35009765625,20,7522,1.0015679597854614,1.3082811832427979,1.0,3546.35009765625,2741.0009765625,0.0,0.0,-1,-1,0.0,0,0,0.0,0
10,291,13801,0,3564.81005859375,20,10841,1.00173020362854,1.3905452489852905,1.0,3564.81005859375,2615.4150390625,0.0,0.0,-1,-1,0.0,0,0,0.0,0
10,292,13801,0,3519.41796875,20,10840,1.001125454902649,1.3972880840301514,1.0,3519.41796875,2569.035888671875,0.0,0.0,-1,-1,0.0,0,0,0.0,0
10,293,13801,0,3371.172119140625,20,10842,1.0004918575286865,1.3768861293792725,1.0,3371.172119140625,2463.56591796875,0.0,0.0,-1,-1,0.0,0,0,0.0,0
10,294,13801,0,3951.819091796875,20,7522,1.0033185482025146,1.2533462047576904,1.0,3951.819091796875,3154.822021484375,0.0,0.0,-1,-1,0.0,0,0,0.0,0
10,295,13801,0,3819.845947265625,20,7523,1.003076195716858,1.2613937854766846,1.0,3819.845947265625,3028.27392578125,0.0,0.0,-1,-1,0.0,0,0,0.0,0
10,296,13801,0,3623.781005859375,20,10843,1.0020860433578491,1.3811004161834717,1.0,3623.781005859375,2688.465087890625,0.0,0.0,-1,-1,0.0,0,0,0.0,0
10,297,13801,0,3495.089111328125,20,10841,1.0013082027435303,1.3966485261917114,1.0,3495.089111328125,2514.114013671875,0.0,0.0,-1,-1,0.0,0,0,0.0,0
10,298,13801,0,4510.34521484375,20,9730,1.0017496347427368,1.209568738937378,1.0,4510.34521484375,3735.51611328125,0.0,0.0,-1,-1,0.0,0,0,0.0,0
10,299,13801,0,4241.0400390625,20,7524,1.0030789375305176,1.218583583831787,1.0,4241.0400390625,3480.302978515625,0.0,0.0,-1,-1,0.0,0,0,0.0,0
10,300,13801,0,4052.514892578125,20,7525,1.002363681793213,1.2395896911621094,1.0,4052.514892578125,3269.239013671875,0.0,0.0,-1,-1,0.0,0,0,0.0,0
11,1,13801,0,10486.7626953125,20,11654,1.0013850927352905,1.1446375846862793,1.0,10486.7626953125,9161.64453125,1.1550555229187012,10022.46875,20,7564,1.0004866123199463,0,0,0.0,0
11,2,13801,0,12079.791015625,20,7520,1.0018401145935059,1.119072675704956,1.0,12079.791015625,10794.46484375,1.1690356731414795,10100.7080078125,20,9769,1.0013850927352905,0,0,0.0,0
11,3,13801,0,1857610.25,1,6963,17838.138671875,35.53728103637695,64.44268035888672,28825.77734375,1857610.25,18236.29296875,18236.29296875,0,6997,186.42323303222656,7,5,1857610.25,1
11,4,13801,0,11275.8134765625,20,11655,1.0018366575241089,1.1374069452285767,1.0,11275.8134765625,9927.552734375,1.161691665649414,10051.66015625,20,2513,1.0010219812393188,0,0,0.0,0
11,5,13801,0,12970.5087890625,20,8908,1.001752495765686,1.1068569421768188,1.0,12970.5087890625,11720.09375,1.1725959777832031,10100.97265625,20,9774,1.000972032546997,0,0,0.0,0
11,6,13801,0,12687.984375,20,7520,1.0022026300430298,1.1144320964813232,1.0,12687.984375,11394.2783203125,1.171831488609314,10288.0380859375,20,7566,1.0017118453979492,0,0,0.0,0
11,7,13801,0,10624.3369140625,20,8906,1.0009173154830933,1.1369338035583496,1.0,10624.3369140625,9353.994140625,1.157921314239502,10041.6484375,20,9771,1.0007398128509521,0,0,0.0,0
11,8,13801,0,10472.810546875,20,10898,1.0014336109161377,1.1495332717895508,1.0,10472.810546875,9110.4892578125,1.154447317123413,10063.005859375,20,10892,1.0006799697875977,0,0,0.0,0
11,9,13801,0,10741.837890625,20,7519,1.0009318590164185,1.1362576484680176,1.0,10741.837890625,9454.912109375,1.1582534313201904,10038.0380859375,20,7564,1.0005693435668945,0,0,0.0,0
11,10,13801,0,14158.7177734375,20,8908,1.0023856163024902,1.099764347076416,1.0,14158.7177734375,12874.3193359375,1.1844412088394165,10057.9912109375,20,9772,1.0069774389266968,0,0,0.0,0
11,11,13801,0,205626.6875,13,1955,46359.30078125,155.56825256347656,9.898850440979004,20772.78515625,205626.6875,1688.1632080078125,155542.296875,13,5011,26093.322265625,2,2,205626.6875,0
11,12,13801,0,11004.3583984375,20,11655,1.0010342597961426,1.139886736869812,1.0,11004.3583984375,9659.3037109375,1.160284399986267,10043.37890625,20,9768,1.0009160041809082,0,0,0.0,0
11,13,13801,0,10564.822265625,20,7519,1.0006027221679688,1.1375716924667358,1.0,10564.822265625,9287.5380859375,1.1559231281280518,10024.1142578125,20,7564,1.0005296468734741,0,0,0.0,0
11,14,13801,0,10928.783203125,20,10899,1.0025427341461182,1.1479233503341675,1.0,10928.783203125,9520.4814453125,1.1586023569107056,10072.7236328125,20,10892,1.000847578048706,0,0,0.0,0
11,15,13801,0,11285.8271484375,20,2286,1.0015307664871216,1.1411961317062378,1.0,11285.8271484375,9895.9189453125,1.15920090675354,10174.00390625,20,10892,1.0009114742279053,0,0,0.0,0
11,16,13801,0,10309.1142578125,20,11653,1.0010557174682617,1.1475318670272827,1.0,10309.1142578125,9014.9970703125,1.1556272506713867,10025.642578125,20,7565,1.000549077987671,0,0,0.0,0
11,17,13801,0,11106.8994140625,20,7519,1.00099515914917,1.1305500268936157,1.0,11106.8994140625,9829.974609375,1.1604630947113037,10136.1337890625,20,7565,1.0007638931274414,0,0,0.0,0
11,18,13801,0,11115.8056640625,20,7520,1.0011330842971802,1.1300350427627563,1.0,11115.8056640625,9836.69140625,1.1614359617233276,10034.8232421875,20,7564,1.0006968975067139,0,0,0.0,0
11,19,13801,0,11136.28515625,20,11655,1.0022011995315552,1.1381072998046875,1.0,11136.28515625,9789.712890625,1.158506989479065,10061.6162109375,20,8893,1.000738263130188,0,0,0.0,0
11,20,13801,0,14246.81640625,20,7520,1.0020968914031982,1.099090337753296,1.0,14246.81640625,12974.185546875,1.1875889301300049,10021.0166015625,20,7568,0.9903697371482849,0,0,0.0,0
11,21,13801,0,10494.318359375,20,11654,1.000435709953308,1.1455626487731934,1.0,10494.318359375,9166.8759765625,1.155312180519104,10000.1083984375,20,7564,1.0004276037216187,0,0,0.0,0
11,22,13801,0,943211968.0,20,8926,858.0606079101562,21636.810546875,1.0,943211968.0,132553760.0,1055985.875,1055985.875,12,2049,2666.546630859375,42,34,943211968.0,1
11,23,13801,0,10987.9267578125,20,3708,1.0010132789611816,1.1276556253433228,1.0,10987.9267578125,9744.044921875,1.160499930381775,10008.314453125,20,9773,1.0008407831192017,0,0,0.0,0
11,24,13801,0,11111.9169921875,20,7520,1.0010943412780762,1.13011634349823,1.0,11111.9169921875,9832.54296875,1.1603800058364868,10067.0048828125,20,7564,1.0006697177886963,0,0,0.0,0
11,25,13801,0,11572.40234375,20,8907,1.001349925994873,1.124535083770752,1.0,11572.40234375,10292.0029296875,1.1644070148468018,10023.845703125,20,7565,1.0006855726242065,0,0,0.0,0
11,26,13801,0,11069.005859375,20,11655,1.000736117362976,1.1394429206848145,1.0,11069.005859375,9730.3837890625,1.1594175100326538,10018.74609375,20,8893,1.0008950233459473,0,0,0.0,0
11,27,13801,0,10793.83203125,20,2285,1.0011647939682007,1.1456087827682495,1.0,10793.83203125,9421.91796875,1.1560840606689453,10145.8115234375,20,10892,1.0007672309875488,0,0,0.0,0
11,28,13801,0,10293.4814453125,20,7518,1.0010491609573364,1.1416712999343872,1.0,10293.4814453125,9016.1513671875,1.1543766260147095,10003.13671875,20,7565,1.0004535913467407,0,0,0.0,0
11,29,13801,0,15702.5654296875,20,7520,1.0028126239776611,1.0910698175430298,1.0,15702.5654296875,14411.9208984375,1.190672516822815,10201.611328125,20,7567,1.0227012634277344,0,0,0.0,0
11,30,13801,0,13238.271484375,20,8908,1.0020116567611694,1.1055370569229126,1.0,13238.271484375,11974.5166015625,1.1742228269577026,10149.0869140625,20,7568,1.003211498260498,0,0,0.0,0
11,31,13801,0,11088.5712890625,20,2286,1.0013723373413086,1.141448974609375,1.0,11088.5712890625,9714.4697265625,1.1596558094024658,10024.5830078125,20,10891,1.0002347230911255,0,0,0.0,0
11,32,13801,0,14266.720703125,20,7520,1.0023061037063599,1.0993192195892334,1.0,14266.720703125,12992.890625,1.1833947896957397,10072.9619140625,20,9770,1.0139193534851074,0,0,0.0,0
11,33,13801,0,12546.568359375,20,7520,1.0014293193817139,1.1147797107696533,1.0,12546.568359375,11268.8603515625,1.1703351736068726,10263.169921875,20,7566,1.0003149509429932,0,0,0.0,0
11,34,13801,0,12287.9990234375,20,611,1.0009382963180542,1.108495831489563,1.0,12287.9990234375,11089.1513671875,1.1666383743286133,10033.3017578125,20,9773,1.0020827054977417,0,0,0.0,0
11,35,13801,0,11178.005859375,20,8907,1.000449538230896,1.129642367362976,1.0,11178.005859375,9903.4580078125,1.1642236709594727,10032.2568359375,20,7566,1.000896692276001,0,0,0.0,0
11,36,13801,0,19012.482421875,20,7576,1.2595999240875244,1.0983309745788574,1.0,19012.482421875,17310.33984375,1.2001932859420776,10185.6494140625,20,2515,1.0070034265518188,0,0,0.0,0
11,37,13801,0,13326.435546875,20,7520,1.0017658472061157,1.106759786605835,1.0,13326.435546875,12050.9150390625,1.1789509057998657,10083.072265625,20,9770,1.0042296648025513,0,0,0.0,0
11,38,13801,0,13962.7265625,20,8908,1.0013306140899658,1.0974271297454834,1.0,13962.7265625,12730.8837890625,1.1673836708068848,10166.3447265625,20,9769,1.001107096672058,0,0,0.0,0
11,39,13801,0,12172.2958984375,20,7520,1.001621127128601,1.116635799407959,1.0,12172.2958984375,10900.8642578125,1.1692631244659424,10178.6689453125,20,7566,1.0010772943496704,0,0,0.0,0
11,40,13801,0,10754.4345703125,20,7520,1.0015352964401245,1.134389042854309,1.0,10754.4345703125,9480.3759765625,1.1559957265853882,10086.154296875,20,7564,1.0006152391433716,0,0,0.0,0
11,41,13801,0,13765.365234375,20,7520,1.0020626783370972,1.103339672088623,1.0,13765.365234375,12490.48828125,1.180512547492981,10235.9775390625,20,7568,1.0028725862503052,0,0,0.0,0
11,42,13801,0,11000.859375,20,2285,1.0010743141174316,1.1452728509902954,1.0,11000.859375,9605.4482421875,1.1585737466812134,10133.8037109375,20,10892,1.0007466077804565,0,0,0.0,0
11,43,13801,0,238881.28125,13,7557,238881.28125,258.8104553222656,17.600982666015625,13572.04296875,238881.28125,258.8104553222656,238881.28125,13,7557,238881.28125,1,1,238881.28125,0
11,44,13801,0,11993.296875,20,7520,1.0015507936477661,1.119126319885254,1.0,11993.296875,10716.66015625,1.1696369647979736,10028.3408203125,20,7565,1.0008578300476074,0,0,0.0,0
11,45,13801,0,10505.9384765625,20,11654,1.0008962154388428,1.1441597938537598,1.0,10505.9384765625,9190.81640625,1.1550599336624146,10033.1142578125,20,7564,1.0005086660385132,0,0,0.0,0
11,46,13801,0,10679.5732421875,20,11654,1.0011614561080933,1.1443939208984375,1.0,10679.5732421875,9341.4140625,1.1563489437103271,10044.05078125,20,4966,1.0007967948913574,0,0,0.0,0
11,47,13801,0,12576.701171875,20,7520,1.0020322799682617,1.1132577657699585,1.0,12576.701171875,11297.205078125,1.1752568483352661,10047.6181640625,20,7566,1.0030572414398193,0,0,0.0,0
11,48,13801,0,13028.791015625,20,612,1.0010806322097778,1.100157618522644,1.0,13028.791015625,11842.658203125,1.1679069995880127,10097.7890625,20,9774,1.0008126497268677,0,0,0.0,0
11,49,13801,0,11943.7333984375,20,3652,1.0024244785308838,1.1270133256912231,1.0,11943.7333984375,10609.0751953125,1.1683731079101562,10194.2412109375,20,2514,1.0013819932937622,0,0,0.0,0
11,50,13801,0,14492.6845703125,20,8908,1.0024724006652832,1.0969305038452148,1.0,14492.6845703125,13212.03515625,1.188060998916626,10005.947265625,20,7570,0.9986760020256042,0,0,0.0,0
11,51,13801,0,10572.7431640625,20,2283,1.0016981363296509,1.1491444110870361,1.0,10572.7431640625,9207.6318359375,1.1558406352996826,10037.4443359375,20,4966,1.000923991203308,0,0,0.0,0
11,52,13801,0,12340.1884765625,20,8908,1.0011011362075806,1.1128993034362793,1.0,12340.1884765625,11089.08984375,1.1689059734344482,10015.302734375,20,7567,1.0012599229812622,0,0,0.0,0
11,53,13801,0,10994.8720703125,20,11655,1.001488208770752,1.138962745666504,1.0,10994.8720703125,9660.181640625,1.1595264673233032,10072.5146484375,20,7564,1.0005899667739868,0,0,0.0,0
11,54,13801,0,11525.6123046875,20,7520,1.0014208555221558,1.1236320734024048,1.0,11525.6123046875,10257.4609375,1.1686171293258667,10011.9853515625,20,9770,1.001007318496704,0,0,0.0,0
11,55,13801,0,10833.8291015625,20,7519,1.0006563663482666,1.1332098245620728,1.0,10833.8291015625,9560.302734375,1.1565104722976685,10049.2138671875,20,9768,1.0007507801055908,0,0,0.0,0
11,56,13801,0,10325.7626953125,20,7518,1.0012394189834595,1.1416822671890259,1.0,10325.7626953125,9044.33984375,1.154086709022522,10023.2001953125,20,7565,1.0004857778549194,0,0,0.0,0
11,57,13801,0,11265.884765625,20,11655,1.0024664402008057,1.1374661922454834,1.0,11265.884765625,9904.4228515625,1.1623104810714722,10106.7890625,20,4966,1.00121009349823,0,0,0.0,0
11,58,13801,0,12516.1796875,20,8908,1.001080870628357,1.1112754344940186,1.0,12516.1796875,11265.7080078125,1.1721330881118774,10030.4189453125,20,9774,0.9998877644538879,0,0,0.0,0
11,59,13801,0,10541.03515625,20,11654,1.0011136531829834,1.1446255445480347,1.0,10541.03515625,9211.8662109375,1.1554762125015259,10026.1416015625,20,7564,1.0004889965057373,0,0,0.0,0
11,60,13801,0,10716.779296875,20,11654,1.0014773607254028,1.143197774887085,1.0,10716.779296875,9383.0361328125,1.1570771932601929,10053.525390625,20,7564,1.0005173683166504,0,0,0.0,0
11,61,8929,1,711674671661056.0,20,8928,2.0,11606.8798828125,1.0,711674671661056.0,61314899968.0,31552226459648.0,31552226459648.0,20,8923,6876.68212890625,66,50,198400544866304.0,1
11,62,13801,0,13363.0849609375,20,11655,1.0036060810089111,1.1170120239257812,1.0,13363.0849609375,11968.8173828125,1.1825605630874634,10180.48828125,20,4967,1.0021966695785522,0,0,0.0,0
11,63,13801,0,12229.736328125,20,7520,1.0019725561141968,1.1188528537750244,1.0,12229.736328125,10940.98046875,1.1669384241104126,10263.0927734375,20,7565,1.001258134841919,0,0,0.0,0
11,64,13801,0,10684.150390625,20,11654,1.0013552904129028,1.144391655921936,1.0,10684.150390625,9342.6748046875,1.1563475131988525,10054.357421875,20,4966,1.0008636713027954,0,0,0.0,0
11,65,13801,0,10388.98828125,20,10898,1.0012270212173462,1.1496832370758057,1.0,10388.98828125,9036.3916015625,1.1540066003799438,10033.5927734375,20,10892,1.0006048679351807,0,0,0.0,0
11,66,13801,0,11335.845703125,20,11655,1.0022287368774414,1.1363025903701782,1.0,11335.845703125,10034.1533203125,1.1626312732696533,10070.44140625,20,9768,1.0010076761245728,0,0,0.0,0
11,67,13801,0,11266.0751953125,20,11655,1.0020606517791748,1.1366090774536133,1.0,11266.0751953125,9924.494140625,1.1608237028121948,10098.8759765625,20,7564,1.0007200241088867,0,0,0.0,0
11,68,13801,0,10886.6171875,20,7520,1.0011531114578247,1.13225519657135,1.0,10886.6171875,9614.9853515625,1.1590973138809204,10031.39453125,20,7564,1.0006173849105835,0,0,0.0,0
11,69,13801,0,13172.6064453125,20,7520,1.00179922580719,1.1097050905227661,1.0,13172.6064453125,11888.3896484375,1.1796045303344727,10036.0107421875,20,7566,1.0033295154571533,0,0,0.0,0
11,70,13801,0,13307.7958984375,20,7520,1.002059817314148,1.1081345081329346,1.0,13307.7958984375,12025.3330078125,1.1786229610443115,10162.66015625,20,7567,1.0003573894500732,0,0,0.0,0
11,71,13801,0,14916.240234375,20,11655,1.0050078630447388,1.1066657304763794,1.0,14916.240234375,13489.40625,1.1910874843597412,10206.0283203125,20,4967,1.0007898807525635,0,0,0.0,0
11,72,13801,0,12287.013671875,20,11702,1.0029804706573486,1.1265285015106201,1.0,12287.013671875,10906.970703125,1.1671476364135742,10123.888671875,20,11784,1.001455545425415,0,0,0.0,0
11,73,13801,0,12588.60546875,20,7520,1.0015175342559814,1.1135250329971313,1.0,12588.60546875,11309.6328125,1.175415277481079,10057.7158203125,20,9770,1.0023813247680664,0,0,0.0,0
11,74,13801,0,10567.0234375,20,11654,1.0004433393478394,1.1454459428787231,1.0,10567.0234375,9233.6318359375,1.1558165550231934,10000.9638671875,20,2513,1.0006909370422363,0,0,0.0,0
11,75,13801,0,11866.58203125,20,3653,1.0025436878204346,1.1273529529571533,1.0,11866.58203125,10526.0576171875,1.1676958799362183,10282.81640625,20,4967,1.0018478631973267,0,0,0.0,0
11,76,13801,0,11239.30859375,20,11655,1.002160906791687,1.137249231338501,1.0,11239.30859375,9893.208984375,1.159117579460144,10002.5908203125,20,9767,1.0006064176559448,0,0,0.0,0
11,77,13801,0,12010.267578125,20,11655,1.00235116481781,1.1284620761871338,1.0,12010.267578125,10643.041015625,1.1667184829711914,10345.4404296875,20,4967,1.0019646883010864,0,0,0.0,0
11,78,13801,0,10904.111328125,20,2285,1.0008035898208618,1.144214153289795,1.0,10904.111328125,9539.9072265625,1.1575254201889038,10123.7685546875,20,4966,1.0011016130447388,0,0,0.0,0
11,79,13801,0,12695.5322265625,20,2530,1.0014406442642212,1.118368148803711,1.0,12695.5322265625,11366.3720703125,1.1742514371871948,10177.0185546875,20,2514,1.0017284154891968,0,0,0.0,0
11,80,13801,0,15770.234375,20,8908,1.002852439880371,1.0886683464050293,1.0,15770.234375,14485.802734375,1.1918424367904663,10042.9990234375,20,7569,1.0033247470855713,0,0,0.0,0
11,81,13801,0,12138.5078125,20,2471,1.0018669366836548,1.1251593828201294,1.0,12138.5078125,10803.2373046875,1.1701263189315796,10188.921875,20,2514,1.0026544332504272,0,0,0.0,0
11,82,13801,0,14506.3017578125,20,7520,1.0024042129516602,1.0980873107910156,1.0,14506.3017578125,13230.8359375,1.1829605102539062,10206.947265625,20,7567,1.0200334787368774,0,0,0.0,0
11,83,13801,0,11696.18359375,20,7519,1.001336693763733,1.1232134103775024,1.0,11696.18359375,10423.990234375,1.1652427911758423,10008.1435546875,20,7564,1.0007818937301636,0,0,0.0,0
11,84,13801,0,15079.4560546875,20,7520,1.0023101568222046,1.094521403312683,1.0,15079.4560546875,13790.6240234375,1.189096450805664,10215.4970703125,20,7569,0.9258450269699097,0,0,0.0,0
11,85,13801,0,16449.5078125,20,7578,1.257907748222351,1.1057847738265991,1.0,16449.5078125,14875.8681640625,1.1915719509124756,10278.7333984375,20,7569,1.0033468008041382,0,0,0.0,0
11,86,13801,0,13667.580078125,20,2530,1.00175940990448,1.1105120182037354,1.0,13667.580078125,12334.9755859375,1.1781914234161377,10051.013671875,20,7564,1.001503586769104,0,0,0.0,0
11,87,13801,0,28318.5234375,0,727,83.37142944335938,1.0297555923461914,1.886208415031433,15013.46484375,27500.236328125,1.1794801950454712,10025.7822265625,20,7570,0.9874123930931091,0,0,0.0,0
11,88,13801,0,11993.76953125,20,7520,1.0008774995803833,1.1191375255584717,1.0,11993.76953125,10717.9755859375,1.1664499044418335,10047.767578125,20,7564,1.000795841217041,0,0,0.0,0
11,89,13801,0,8316989440.0,6,6586,35006.15234375,8.078736305236816,1120.2410888671875,7424285.5,8316989440.0,789134.6875,789134.6875,4,6586,7.1107025146484375,19,15,8316989440.0,1
11,90,13801,0,12166.494140625,20,8908,1.0016744136810303,1.1155520677566528,1.0,12166.494140625,10906.25390625,1.169155240058899,10096.66015625,20,9772,1.0008221864700317,0,0,0.0,0
11,91,13801,0,13291.2861328125,20,1869,1.0034291744232178,1.1165350675582886,1.0,13291.2861328125,11904.046875,1.1734273433685303,10474.7939453125,20,4967,1.0027315616607666,0,0,0.0,0
11,92,13801,0,10880.1591796875,20,11655,1.001766324043274,1.1401441097259521,1.0,10880.1591796875,9542.79296875,1.155712604522705,10048.275390625,20,8893,1.0007688999176025,0,0,0.0,0
11,93,13801,0,12196.08984375,20,7520,1.0018904209136963,1.1176934242248535,1.0,12196.08984375,10911.837890625,1.173408031463623,10042.412109375,20,7566,1.0010221004486084,0,0,0.0,0
11,94,13801,0,10938.6201171875,20,7520,1.0014114379882812,1.1320314407348633,1.0,10938.6201171875,9662.8232421875,1.1594657897949219,10044.5712890625,20,7564,1.0005964040756226,0,0,0.0,0
11,95,13801,0,12936.73828125,20,8908,1.0017080307006836,1.107155442237854,1.0,12936.73828125,11686.763671875,1.1733490228652954,10034.7431640625,20,9773,1.0000413656234741,0,0,0.0,0
11,96,13801,0,11371.400390625,20,7519,1.0014495849609375,1.1270291805267334,1.0,11371.400390625,10089.712890625,1.1661672592163086,10144.9072265625,20,7567,1.001096487045288,0,0,0.0,0
11,97,13801,0,11073.1806640625,20,7520,1.0015950202941895,1.131148099899292,1.0,11073.1806640625,9789.3291015625,1.1603690385818481,10071.4560546875,20,7564,1.0006600618362427,0,0,0.0,0
11,98,13801,0,13828.65234375,20,7520,1.0022752285003662,1.1026185750961304,1.0,13828.65234375,12551.5107421875,1.179724097251892,10140.259765625,20,7566,1.001794695854187,0,0,0.0,0
11,99,13801,0,11206.1396484375,20,2286,1.0009541511535645,1.1416934728622437,1.0,11206.1396484375,9823.8974609375,1.159336805343628,10228.228515625,20,10892,1.0010316371917725,0,0,0.0,0
11,100,13801,0,12724.4599609375,20,7520,1.0014538764953613,1.1115151643753052,1.0,12724.4599609375,11448.3056640625,1.1726129055023193,10108.2744140625,20,9769,1.001495122909546,0,0,0.0,0
11,101,13801,0,11375.017578125,20,7520,1.00163733959198,1.127707600593567,1.0,11375.017578125,10086.8505859375,1.1623038053512573,10090.74609375,20,7564,1.000685691833496,0,0,0.0,0
11,102,13801,0,12442.1474609375,20,7520,1.0019809007644653,1.1169546842575073,1.0,12442.1474609375,11149.9765625,1.1738046407699585,10025.2861328125,20,7565,1.0010391473770142,0,0,0.0,0
11,103,13801,0,13468.4541015625,20,11702,1.0051463842391968,1.1188677549362183,1.0,13468.4541015625,12037.5751953125,1.1777337789535522,10198.4580078125,20,4967,1.0016509294509888,0,0,0.0,0
11,104,13801,0,10190.69921875,20,11653,1.0006624460220337,1.1469749212265015,1.0,10190.69921875,8886.33984375,1.1525154113769531,10010.3154296875,20,7567,1.0001872777938843,0,0,0.0,0
11,105,13801,0,11662.5712890625,20,7520,1.0008188486099243,1.1239491701126099,1.0,11662.5712890625,10383.6015625,1.1673786640167236,10061.94140625,20,7565,1.0007966756820679,0,0,0.0,0
11,106,13801,0,11239.0712890625,20,7520,1.0013389587402344,1.1265958547592163,1.0,11239.0712890625,9976.1337890625,1.1611194610595703,10112.1728515625,20,9769,1.0009478330612183,0,0,0.0,0
11,107,13801,0,10935.279296875,20,11655,1.0012357234954834,1.14043390750885,1.0,10935.279296875,9593.498046875,1.1574374437332153,10021.6318359375,20,8893,1.000712513923645,0,0,0.0,0
11,108,13801,0,10347.0673828125,20,11653,1.001060128211975,1.1475697755813599,1.0,10347.0673828125,9017.236328125,1.1545982360839844,10031.7353515625,20,7565,1.0004563331604004,0,0,0.0,0
11,109,13801,0,13876.7314453125,20,8908,1.0021718740463257,1.1011791229248047,1.0,13876.7314453125,12601.7021484375,1.1826119422912598,10023.298828125,20,7569,0.979011058807373,0,0,0.0,0
11,110,13801,0,12374.5517578125,20,2530,1.001848578453064,1.1215789318084717,1.0,12374.5517578125,11046.328125,1.1744149923324585,10072.5234375,20,2514,1.0021319389343262,0,0,0.0,0
11,111,13801,0,10414.5234375,20,2283,1.001050591468811,1.1489228010177612,1.0,10414.5234375,9067.30078125,1.1540826559066772,10018.18359375,20,8894,1.0006035566329956,0,0,0.0,0
11,112,13801,0,14998.05859375,20,8908,1.002684473991394,1.0935293436050415,1.0,14998.05859375,13715.2783203125,1.1895803213119507,10046.3916015625,20,9775,1.0003935098648071,0,0,0.0,0
11,113,13801,0,15177.076171875,20,7520,1.0025171041488647,1.0934233665466309,1.0,15177.076171875,13893.431640625,1.1849445104599,10172.0380859375,20,7566,0.9975358843803406,0,0,0.0,0
11,114,13801,0,11378.5908203125,20,2286,1.0019363164901733,1.139506220817566,1.0,11378.5908203125,9998.1171875,1.160780906677246,10046.3056640625,20,10891,1.0004912614822388,0,0,0.0,0
11,115,13801,0,13082.5068359375,20,7520,1.0022246837615967,1.109994888305664,1.0,13082.5068359375,11795.8994140625,1.173707365989685,10250.630859375,20,7566,1.0017269849777222,0,0,0.0,0
11,116,13801,0,12765.0146484375,20,8908,1.001816749572754,1.1083991527557373,1.0,12765.0146484375,11516.623046875,1.1714507341384888,10046.451171875,20,7569,0.9994590282440186,0,0,0.0,0
11,117,13801,0,11909.1435546875,20,3652,1.0022374391555786,1.127608060836792,1.0,11909.1435546875,10573.7744140625,1.1686025857925415,10189.7236328125,20,2514,1.001331090927124,0,0,0.0,0
11,118,13801,0,11256.666015625,20,11655,1.001107931137085,1.138153076171875,1.0,11256.666015625,9910.353515625,1.1631979942321777,10012.943359375,20,4966,1.0011804103851318,0,0,0.0,0
11,119,13801,0,10588.7099609375,20,11654,1.001163363456726,1.1440792083740234,1.0,10588.7099609375,9268.576171875,1.156562328338623,10034.3779296875,20,7564,1.0006073713302612,0,0,0.0,0
11,120,13801,0,10767.6337890625,20,11654,1.0015946626663208,1.1438610553741455,1.0,10767.6337890625,9421.5322265625,1.1569697856903076,10078.16796875,20,4966,1.0009726285934448,0,0,0.0,0
11,121,13801,0,13535.212890625,20,7520,1.0023431777954102,1.104152798652649,1.0,13535.212890625,12258.4599609375,1.1814383268356323,10092.9765625,20,7567,1.0261588096618652,0,0,0.0,0
11,122,13801,0,11691.4443359375,20,7519,1.0014793872833252,1.1225225925445557,1.0,11691.4443359375,10418.1376953125,1.165761947631836,10071.7470703125,20,9769,1.0010383129119873,0,0,0.0,0
11,123,13801,0,12421.060546875,20,7520,1.0018812417984009,1.1168067455291748,1.0,12421.060546875,11130.1025390625,1.1678519248962402,10285.14453125,20,7565,1.0014396905899048,0,0,0.0,0
11,124,13801,0,11382.96875,20,7520,1.0016483068466187,1.1265949010849,1.0,11382.96875,10103.8701171875,1.1659475564956665,10033.9296875,20,9769,1.0011563301086426,0,0,0.0,0
11,125,13801,0,11032.1689453125,20,11655,1.0021523237228394,1.1392135620117188,1.0,11032.1689453125,9684.021484375,1.1577612161636353,10041.677734375,20,8893,1.0008023977279663,0,0,0.0,0
11,126,13801,0,10367.6220703125,20,11654,1.000314474105835,1.1458765268325806,1.0,10367.6220703125,9051.822265625,1.1544256210327148,10015.0595703125,20,8894,1.000595211982727,0,0,0.0,0
11,127,13801,0,15914.4248046875,0,727,3.913936138153076,1.0314748287200928,1.1945050954818726,13323.0283203125,15428.806640625,1.1691124439239502,10076.5703125,20,9773,1.0015097856521606,0,0,0.0,0
11,128,13801,0,10926.955078125,20,11655,1.0005885362625122,1.1410760879516602,1.0,10926.955078125,9583.3056640625,1.158852219581604,10077.4521484375,20,4966,1.000776767730713,0,0,0.0,0
11,129,13801,0,12561.1865234375,20,7520,1.00163996219635,1.1150546073913574,1.0,12561.1865234375,11276.466796875,1.1730470657348633,10067.20703125,20,7565,1.0006903409957886,0,0,0.0,0
11,130,13801,0,10765.908203125,20,8906,1.0010257959365845,1.1358298063278198,1.0,10765.908203125,9491.3994140625,1.1579270362854004,10040.9189453125,20,9769,1.0007649660110474,0,0,0.0,0
11,131,13801,0,10294.6826171875,20,11653,1.000680685043335,1.1475205421447754,1.0,10294.6826171875,8972.90625,1.1540062427520752,10019.7509765625,20,7565,1.0004571676254272,0,0,0.0,0
11,132,13801,0,15952.7392578125,20,2531,1.0027225017547607,1.0948363542556763,1.0,15952.7392578125,14572.140625,1.1974495649337769,10035.34375,20,2515,1.019216537475586,0,0,0.0,0
11,133,13801,0,11103.7568359375,20,2285,1.0007425546646118,1.1444265842437744,1.0,11103.7568359375,9723.25,1.1587719917297363,10113.75390625,20,10892,1.0006734132766724,0,0,0.0,0
11,134,13801,0,11259.7880859375,20,8907,1.0012472867965698,1.126456379890442,1.0,11259.7880859375,9999.1396484375,1.1621241569519043,10009.7939453125,20,9771,1.000786304473877,0,0,0.0,0
11,135,13801,0,10760.3203125,20,8906,1.0009456872940063,1.135802984237671,1.0,10760.3203125,9482.71875,1.1595157384872437,10040.796875,20,9770,1.0007262229919434,0,0,0.0,0
11,136,13801,0,12326.0576171875,20,8908,1.0018062591552734,1.1143196821212769,1.0,12326.0576171875,11061.509765625,1.172270655632019,10015.6259765625,20,7567,1.0022817850112915,0,0,0.0,0
11,137,13801,0,10590.1083984375,20,2284,1.0009918212890625,1.1466165781021118,1.0,10590.1083984375,9246.26953125,1.1545777320861816,10070.8046875,20,4966,1.0008209943771362,0,0,0.0,0
11,138,13801,0,10891.4931640625,20,8906,1.001281976699829,1.1344060897827148,1.0,10891.4931640625,9611.1552734375,1.1590654850006104,10048.12890625,20,9769,1.0007944107055664,0,0,0.0,0
11,139,13801,0,11552.302734375,20,11655,1.00222909450531,1.1343668699264526,1.0,11552.302734375,10197.974609375,1.1615959405899048,10017.41015625,20,7563,1.0006402730941772,0,0,0.0,0
11,140,13801,0,11524.6005859375,20,11655,1.0020467042922974,1.1343483924865723,1.0,11524.6005859375,10178.060546875,1.162643551826477,10113.2646484375,20,7564,1.000705361366272,0,0,0.0,0
11,141,13801,0,11012.8427734375,20,2286,1.0013762712478638,1.14211106300354,1.0,11012.8427734375,9655.0751953125,1.1612138748168945,10021.740234375,20,4966,1.0010565519332886,0,0,0.0,0
11,142,13801,0,10515.9189453125,20,7518,1.001174807548523,1.139573335647583,1.0,10515.9189453125,9233.26171875,1.1560652256011963,10086.33984375,20,7565,1.0006194114685059,0,0,0.0,0
11,143,13801,0,10877.8984375,20,11655,1.0004223585128784,1.1409918069839478,1.0,10877.8984375,9544.716796875,1.1574279069900513,10013.2392578125,20,8893,1.0008970499038696,0,0,0.0,0
11,144,13801,0,12152.1728515625,20,7520,1.0017223358154297,1.1184664964675903,1.0,12152.1728515625,10865.03125,1.1694433689117432,10107.50390625,20,7565,1.0007325410842896,0,0,0.0,0
11,145,13801,0,10457.7138671875,20,7518,1.0008435249328613,1.138607382774353,1.0,10457.7138671875,9185.5380859375,1.156046748161316,10010.0849609375,20,7565,1.0005285739898682,0,0,0.0,0
11,146,13801,0,10845.9404296875,20,2285,1.0009336471557617,1.1446630954742432,1.0,10845.9404296875,9492.8212890625,1.1573959589004517,10100.2802734375,20,4966,1.0010846853256226,0,0,0.0,0
11,147,13801,0,15037.509765625,20,7520,1.002647042274475,1.0934919118881226,1.0,15037.509765625,13763.3720703125,1.1928095817565918,10033.5068359375,20,7569,0.9926793575286865,0,0,0.0,0
11,148,13801,0,15480.826171875,20,8908,1.002698302268982,1.0904459953308105,1.0,15480.826171875,14196.7841796875,1.1912305355072021,10007.404296875,20,7569,1.0020161867141724,0,0,0.0,0
11,149,13801,0,11217.990234375,20,11655,1.0018770694732666,1.1369295120239258,1.0,11217.990234375,9877.671875,1.1588799953460693,10018.4921875,20,5367,1.0008596181869507,0,0,0.0,0
11,150,13801,0,15950.775390625,20,7520,1.0027577877044678,1.089090347290039,1.0,15950.775390625,14667.0244140625,1.1954460144042969,10019.1728515625,20,7567,1.0165740251541138,0,0,0.0,0
11,151,13801,0,11595.5419921875,20,7520,1.0016456842422485,1.1231709718704224,1.0,11595.5419921875,10323.93359375,1.166883111000061,10028.3564453125,20,9769,1.0011144876480103,0,0,0.0,0
11,152,13801,0,11292.2998046875,20,11655,1.0019636154174805,1.1365106105804443,1.0,11292.2998046875,9935.9384765625,1.1605533361434937,10188.71875,20,4966,1.0010879039764404,0,0,0.0,0
11,153,13801,0,12258.08203125,20,3708,1.0010390281677246,1.1124515533447266,1.0,12258.08203125,11026.6904296875,1.166581153869629,10109.5087890625,20,9774,1.0022661685943604,0,0,0.0,0
11,154,13801,0,11855.228515625,20,11656,1.0023428201675415,1.128884196281433,1.0,11855.228515625,10522.4873046875,1.1640275716781616,10180.26953125,20,7564,1.0007766485214233,0,0,0.0,0
11,155,13801,0,13108.0556640625,20,7520,1.0021576881408691,1.1076582670211792,1.0,13108.0556640625,11834.025390625,1.1759018898010254,10131.56640625,20,7566,1.002659797668457,0,0,0.0,0
11,156,13801,0,10147.98828125,20,11653,1.0001877546310425,1.147894263267517,1.0,10147.98828125,8843.205078125,1.1530276536941528,10023.513671875,20,7567,1.000234842300415,0,0,0.0,0
11,157,13801,0,12521.5126953125,20,7520,1.0015861988067627,1.113677740097046,1.0,12521.5126953125,11243.3896484375,1.175656795501709,10017.0009765625,20,9770,1.0020158290863037,0,0,0.0,0
11,158,13801,0,13205.1181640625,20,8908,1.001430630683899,1.1048610210418701,1.0,13205.1181640625,11957.095703125,1.173892855644226,10087.62109375,20,9773,1.002951741218567,0,0,0.0,0
11,159,13801,0,10103.056640625,20,11653,1.0002702474594116,1.1478216648101807,1.0,10103.056640625,8804.607421875,1.1522127389907837,10015.1787109375,20,7569,1.0002180337905884,0,0,0.0,0
11,160,13801,0,10976.5380859375,20,11655,1.0005398988723755,1.140167474746704,1.0,10976.5380859375,9640.3359375,1.1585938930511475,10017.4111328125,20,8893,1.0008214712142944,0,0,0.0,0
11,161,13801,0,13055.419921875,20,7520,1.0021028518676758,1.109055519104004,1.0,13055.419921875,11773.0048828125,1.1784534454345703,10040.4921875,20,9770,1.003417730331421,0,0,0.0,0
11,162,13801,0,11991.8115234375,20,7520,1.001766324043274,1.121222734451294,1.0,11991.8115234375,10702.93359375,1.1676009893417358,10045.6279296875,20,7564,1.0006853342056274,0,0,0.0,0
11,163,13801,0,12460.16796875,20,11655,1.0027620792388916,1.1232798099517822,1.0,12460.16796875,11092.666015625,1.1730989217758179,10012.7578125,20,4966,1.0009372234344482,0,0,0.0,0
11,164,13801,0,13887.4091796875,20,7520,1.002219557762146,1.1019747257232666,1.0,13887.4091796875,12612.287109375,1.1852507591247559,10156.9833984375,20,9775,0.9697914719581604,0,0,0.0,0
11,165,13801,0,11967.6103515625,20,8908,1.0014854669570923,1.1178500652313232,1.0,11967.6103515625,10705.9169921875,1.1699905395507812,10006.46484375,20,9771,1.0012800693511963,0,0,0.0,0
11,166,13801,0,10457.2724609375,20,11653,1.0012211799621582,1.145647406578064,1.0,10457.2724609375,9135.021484375,1.1535710096359253,10039.8173828125,20,8894,1.000548243522644,0,0,0.0,0
11,167,13801,0,12658.2451171875,20,11655,1.0033729076385498,1.1230273246765137,1.0,12658.2451171875,11291.0048828125,1.1767624616622925,10261.337890625,20,4967,1.0015548467636108,0,0,0.0,0
11,168,13801,0,12318.947265625,20,8908,1.0017064809799194,1.1142295598983765,1.0,12318.947265625,11056.0224609375,1.1713802814483643,10027.236328125,20,7567,1.0008949041366577,0,0,0.0,0
11,169,13801,0,15009.921875,20,8908,1.0027483701705933,1.0936906337738037,1.0,15009.921875,13724.1025390625,1.1910111904144287,10006.232421875,20,9774,1.0006091594696045,0,0,0.0,0
11,170,13801,0,12655.130859375,20,2288,1.0029442310333252,1.1278406381607056,1.0,12655.130859375,11220.6728515625,1.1691771745681763,10103.994140625,20,2276,1.0006598234176636,0,0,0.0,0
11,171,13801,0,14069.75390625,20,2530,1.0023722648620605,1.1071255207061768,1.0,14069.75390625,12715.00390625,1.1816378831863403,10050.263671875,20,2513,1.0020885467529297,0,0,0.0,0
11,172,13801,0,12022.55078125,20,3652,1.0026344060897827,1.1270387172698975,1.0,12022.55078125,10689.9580078125,1.1691584587097168,10041.6865234375,20,2513,1.001409888267517,0,0,0.0,0
11,173,13801,0,10674.3115234375,20,2285,1.0013829469680786,1.145458459854126,1.0,10674.3115234375,9318.8115234375,1.1557445526123047,10011.43359375,20,10891,1.000470519065857,0,0,0.0,0
11,174,13801,0,11389.2080078125,20,7520,1.0016565322875977,1.125292181968689,1.0,11389.2080078125,10121.1123046875,1.1640655994415283,10074.908203125,20,7565,1.0007529258728027,0,0,0.0,0
11,175,13801,0,11282.068359375,20,11655,1.0019093751907349,1.1368224620819092,1.0,11282.068359375,9934.66796875,1.159071683883667,10082.4443359375,20,8893,1.0007786750793457,0,0,0.0,0
11,176,13801,0,11528.7197265625,20,7520,1.001571536064148,1.125544548034668,1.0,11528.7197265625,10242.79296875,1.1652239561080933,10114.7529296875,20,7565,1.0006005764007568,0,0,0.0,0
11,177,13801,0,13310.5986328125,20,7520,1.0019313097000122,1.109002709388733,1.0,13310.5986328125,12018.9599609375,1.177450180053711,10094.3720703125,20,2514,1.0020627975463867,0,0,0.0,0
11,178,13801,0,10941.732421875,20,10899,1.0025677680969238,1.1479417085647583,1.0,10941.732421875,9531.609375,1.1585882902145386,10053.7314453125,20,10892,1.0002940893173218,0,0,0.0,0
11,179,13801,0,11200.6533203125,20,11655,1.0022419691085815,1.137519359588623,1.0,11200.6533203125,9853.3720703125,1.1591007709503174,10005.40625,20,5367,1.0006548166275024,0,0,0.0,0
11,180,13801,0,14157.38671875,20,2531,1.0025254487991333,1.1049619913101196,1.0,14157.38671875,12812.5556640625,1.183010458946228,10086.8994140625,20,7565,1.0003935098648071,0,0,0.0,0
11,181,13801,0,13562.0078125,20,7520,1.0019726753234863,1.1045212745666504,1.0,13562.0078125,12286.900390625,1.1837737560272217,10052.048828125,20,7568,1.0026746988296509,0,0,0.0,0
11,182,13801,0,11240.248046875,20,11655,1.002522587776184,1.13767409324646,1.0,11240.248046875,9880.0244140625,1.1625699996948242,10098.6318359375,20,4966,1.0014123916625977,0,0,0.0,0
11,183,13801,0,12528.826171875,20,2288,1.0035139322280884,1.1279983520507812,1.0,12528.826171875,11107.1318359375,1.16879141330719,10129.58203125,20,2690,1.0020184516906738,0,0,0.0,0
11,184,13801,0,12595.3779296875,20,7520,1.0021603107452393,1.1159635782241821,1.0,12595.3779296875,11299.537109375,1.1703394651412964,10028.798828125,20,2573,1.001193642616272,0,0,0.0,0
11,185,13801,0,11516.9208984375,20,8907,1.001598596572876,1.125798225402832,1.0,11516.9208984375,10231.8818359375,1.1660950183868408,10064.37109375,20,9770,1.0009719133377075,0,0,0.0,0
11,186,13801,0,14641.931640625,20,7520,1.002625823020935,1.0967490673065186,1.0,14641.931640625,13366.1962890625,1.192190170288086,10003.8642578125,20,7569,0.999381959438324,0,0,0.0,0
11,187,13801,0,15384.9326171875,20,8908,1.0025538206100464,1.0902847051620483,1.0,15384.9326171875,14125.0986328125,1.1897995471954346,10024.1015625,20,9774,0.999209463596344,0,0,0.0,0
11,188,13801,0,10910.7822265625,20,7519,1.0010333061218262,1.1342535018920898,1.0,10910.7822265625,9627.296875,1.1603816747665405,10111.19921875,20,7565,1.0007034540176392,0,0,0.0,0
11,189,13801,0,10495.681640625,20,2283,1.0011918544769287,1.1487034559249878,1.0,10495.681640625,9149.9755859375,1.1544774770736694,10039.1494140625,20,4966,1.0008164644241333,0,0,0.0,0
11,190,13801,0,14029.40234375,20,7520,1.002198576927185,1.1015444993972778,1.0,14029.40234375,12752.736328125,1.1784632205963135,10265.4951171875,20,9771,1.0002295970916748,0,0,0.0,0
11,191,13801,0,11054.185546875,20,11655,1.0016332864761353,1.1378459930419922,1.0,11054.185546875,9740.466796875,1.158355474472046,10130.388671875,20,7564,1.0006812810897827,0,0,0.0,0
11,192,13801,0,12611.666015625,20,7520,1.0018861293792725,1.1139752864837646,1.0,12611.666015625,11324.1240234375,1.175295114517212,10147.984375,20,7567,1.0015895366668701,0,0,0.0,0
11,193,13801,0,10508.9169921875,20,11654,1.0001485347747803,1.1438509225845337,1.0,10508.9169921875,9217.7255859375,1.1548653841018677,10033.16015625,20,7564,1.0005390644073486,0,0,0.0,0
11,194,13801,0,11238.0810546875,20,11655,1.001899242401123,1.1378253698349,1.0,11238.0810546875,9888.37890625,1.1606069803237915,10077.025390625,20,2513,1.0009828805923462,0,0,0.0,0
11,195,13801,0,12427.2138671875,20,2530,1.001847505569458,1.1211662292480469,1.0,12427.2138671875,11098.5712890625,1.1750439405441284,10061.095703125,20,2514,1.002118706703186,0,0,0.0,0
11,196,13801,0,11119.994140625,20,2286,1.0021356344223022,1.1407830715179443,1.0,11119.994140625,9747.685546875,1.1610757112503052,10106.0283203125,20,4966,1.0012125968933105,0,0,0.0,0
11,197,13801,0,13366.4560546875,20,8908,1.00162935256958,1.1037119626998901,1.0,13366.4560546875,12113.7548828125,1.17634117603302,10053.263671875,20,9773,1.0049220323562622,0,0,0.0,0
11,198,13801,0,12001.4873046875,20,7520,1.0019043684005737,1.1218868494033813,1.0,12001.4873046875,10702.900390625,1.169722557067871,10207.08203125,20,7566,1.0013267993927002,0,0,0.0,0
11,199,13801,0,12193.53125,20,7520,1.001889944076538,1.1181761026382446,1.0,12193.53125,10905.2861328125,1.169215440750122,10126.6083984375,20,9769,1.00131094455719,0,0,0.0,0
11,200,13801,0,11890.744140625,20,7520,1.0017143487930298,1.1211563348770142,1.0,11890.744140625,10606.373046875,1.1667919158935547,10021.12109375,20,9768,1.0011316537857056,0,0,0.0,0
11,201,13801,0,10490.5634765625,20,10898,1.0015140771865845,1.1491302251815796,1.0,10490.5634765625,9140.052734375,1.1541101932525635,10092.5087890625,20,10892,1.0005806684494019,0,0,0.0,0
11,202,13801,0,11693.4130859375,20,11655,1.0023669004440308,1.1331133842468262,1.0,11693.4130859375,10341.619140625,1.1630339622497559,10164.796875,20,2513,1.0012434720993042,0,0,0.0,0
11,203,13801,0,11444.9677734375,20,2286,1.0013126134872437,1.1408379077911377,1.0,11444.9677734375,10046.7802734375,1.162047028541565,10042.8388671875,20,10892,1.0004997253417969,0,0,0.0,0
11,204,13801,0,11030.6337890625,20,8907,1.0011581182479858,1.1296414136886597,1.0,11030.6337890625,9770.87109375,1.1611528396606445,10040.79296875,20,9772,1.0007648468017578,0,0,0.0,0
11,205,13801,0,15601.8525390625,20,8908,1.0021225214004517,1.086980938911438,1.0,15601.8525390625,14380.9931640625,1.1858834028244019,10028.650390625,20,9776,0.9983737468719482,0,0,0.0,0
11,206,13801,0,10884.9482421875,20,11655,1.0021921396255493,1.1402428150177002,1.0,10884.9482421875,9546.1669921875,1.156376600265503,10042.177734375,20,8893,1.0007846355438232,0,0,0.0,0
11,207,13801,0,12189.86328125,20,2287,1.0022236108779907,1.1320734024047852,1.0,12189.86328125,10792.6826171875,1.164828896522522,10094.7744140625,20,11689,1.0008891820907593,0,0,0.0,0
11,208,13801,0,10709.3564453125,20,10899,1.0021463632583618,1.1478140354156494,1.0,10709.3564453125,9339.9970703125,1.156693696975708,10072.9580078125,20,4966,1.001057744026184,0,0,0.0,0
11,209,13801,0,10106.19140625,20,11653,1.0007578134536743,1.1486204862594604,1.0,10106.19140625,8812.4990234375,1.153792381286621,10025.380859375,20,7567,1.000451683998108,0,0,0.0,0
11,210,13801,0,10992.939453125,20,8436,1.0030136108398438,1.1475690603256226,1.0,10992.939453125,9579.3271484375,1.1571952104568481,10088.6552734375,20,8429,1.0012174844741821,0,0,0.0,0
11,211,13801,0,12113.4462890625,20,7520,1.0017449855804443,1.118552565574646,1.0,12113.4462890625,10829.572265625,1.1689729690551758,10102.1982421875,20,9769,1.0012214183807373,0,0,0.0,0
11,212,13801,0,10813.81640625,20,11655,1.0017844438552856,1.1409618854522705,1.0,10813.81640625,9477.806640625,1.1561107635498047,10022.8564453125,20,8893,1.0007579326629639,0,0,0.0,0
11,213,13801,0,11111.990234375,20,8906,1.0012761354446411,1.1321401596069336,1.0,11111.990234375,9837.427734375,1.163522720336914,10035.9140625,20,9770,1.0008145570755005,0,0,0.0,0
11,214,13801,0,11951.96484375,20,7520,1.0018154382705688,1.1213886737823486,1.0,11951.96484375,10663.51953125,1.1680139303207397,10012.2900390625,20,7564,1.0006643533706665,0,0,0.0,0
11,215,13801,0,10332.6318359375,20,10898,1.0010915994644165,1.1497942209243774,1.0,10332.6318359375,8986.5048828125,1.1537526845932007,10004.251953125,20,10892,1.0005439519882202,0,0,0.0,0
11,216,13801,0,14712.1650390625,20,2288,1.0058175325393677,1.1143935918807983,1.0,14712.1650390625,13220.54296875,1.1847940683364868,10077.384765625,20,11784,1.003255844116211,0,0,0.0,0
11,217,13801,0,10003.2958984375,20,7517,1.0002319812774658,1.1454005241394043,1.0,10003.2958984375,8736.033203125,1.1454005241394043,10003.2958984375,20,7517,1.0002319812774658,0,0,0.0,0
11,218,13801,0,16530.572265625,20,7520,1.002946376800537,1.0847012996673584,1.0,16530.572265625,15260.6669921875,1.197754979133606,10061.5263671875,20,9771,1.0069493055343628,0,0,0.0,0
11,219,13801,0,10508.884765625,20,7519,1.0015186071395874,1.1391607522964478,1.0,10508.884765625,9225.111328125,1.156572699546814,10087.0869140625,20,7565,1.0006201267242432,0,0,0.0,0
11,220,13801,0,12264.0712890625,20,7520,1.0017194747924805,1.116020917892456,1.0,12264.0712890625,10989.10546875,1.1706525087356567,10053.0966796875,20,9769,1.0013854503631592,0,0,0.0,0
11,221,13801,0,12006.2822265625,20,3709,1.0011117458343506,1.1136806011199951,1.0,12006.2822265625,10780.7236328125,1.164991021156311,10067.8271484375,20,9773,1.0015767812728882,0,0,0.0,0
11,222,13801,0,11207.7822265625,20,7520,1.0014593601226807,1.1290611028671265,1.0,11207.7822265625,9926.6396484375,1.1607627868652344,10086.3349609375,20,7564,1.0007110834121704,0,0,0.0,0
11,223,13801,0,11107.4365234375,20,8907,1.0002142190933228,1.1288453340530396,1.0,11107.4365234375,9853.7333984375,1.1625511646270752,10053.5703125,20,9773,1.000658631324768,0,0,0.0,0
11,224,13801,0,10610.5673828125,20,11654,1.0014421939849854,1.1445375680923462,1.0,10610.5673828125,9271.603515625,1.1553860902786255,10038.599609375,20,4966,1.0007885694503784,0,0,0.0,0
11,225,13801,0,11031.568359375,20,11655,1.0018161535263062,1.1385589838027954,1.0,11031.568359375,9702.494140625,1.1593928337097168,10085.166015625,20,7564,1.0006144046783447,0,0,0.0,0
11,226,13801,0,16001.9609375,20,7520,1.0026406049728394,1.089353084564209,1.0,16001.9609375,14708.4052734375,1.193843960762024,10084.6318359375,20,5372,1.0057754516601562,0,0,0.0,0
11,227,13801,0,16549.466796875,20,2531,1.0026981830596924,1.0927691459655762,1.0,16549.466796875,15158.7998046875,1.1980012655258179,10181.1396484375,20,2515,0.9929547905921936,0,0,0.0,0
11,228,13801,0,12432.255859375,20,7520,1.0020849704742432,1.1164722442626953,1.0,12432.255859375,11143.16015625,1.1720036268234253,10183.30859375,20,7566,1.001807689666748,0,0,0.0,0
11,229,13801,0,11423.50390625,20,11655,1.0021287202835083,1.1354113817214966,1.0,11423.50390625,10102.4453125,1.1642743349075317,10027.0712890625,20,7564,1.0007998943328857,0,0,0.0,0
11,230,13801,0,10642.697265625,20,11654,1.0014159679412842,1.1437567472457886,1.0,10642.697265625,9308.189453125,1.156861662864685,10040.9267578125,20,7564,1.0005160570144653,0,0,0.0,0
11,231,13801,0,11128.740234375,20,11655,1.0015802383422852,1.1389355659484863,1.0,11128.740234375,9779.4716796875,1.1601166725158691,10098.642578125,20,4966,1.0008997917175293,0,0,0.0,0
11,232,13801,0,14308.7724609375,20,7520,1.002563238143921,1.0993491411209106,1.0,14308.7724609375,13030.39453125,1.1867458820343018,10166.33203125,20,7571,0.9497323632240295,0,0,0.0,0
11,233,13801,0,12016.7880859375,20,8908,1.0007857084274292,1.1161118745803833,1.0,12016.7880859375,10768.515625,1.1668094396591187,10063.6083984375,20,9772,1.0010228157043457,0,0,0.0,0
11,234,13801,0,12453.3271484375,20,3708,1.001145839691162,1.1103410720825195,1.0,12453.3271484375,11224.478515625,1.1673648357391357,10024.0078125,20,7567,1.0014294385910034,0,0,0.0,0
11,235,13801,0,11732.1259765625,20,11656,1.0019265413284302,1.1304295063018799,1.0,11732.1259765625,10423.853515625,1.165815830230713,10044.0888671875,20,2513,1.0011612176895142,0,0,0.0,0
11,236,13801,0,10377.791015625,20,8906,1.0011847019195557,1.1395936012268066,1.0,10377.791015625,9111.44921875,1.155967116355896,10018.2119140625,20,7569,1.0005905628204346,0,0,0.0,0
11,237,13801,0,10649.3154296875,20,7519,1.0005244016647339,1.137060284614563,1.0,10649.3154296875,9366.248046875,1.1577826738357544,10096.677734375,20,7565,1.000606656074524,0,0,0.0,0
11,238,13801,0,11360.3916015625,20,7519,1.0012990236282349,1.1279423236846924,1.0,11360.3916015625,10079.46875,1.164050579071045,10085.6904296875,20,7565,1.0007460117340088,0,0,0.0,0
11,239,13801,0,11877.376953125,20,7520,1.0016210079193115,1.1206657886505127,1.0,11877.376953125,10598.5009765625,1.167301058769226,10100.1357421875,20,7565,1.0011273622512817,0,0,0.0,0
11,240,13801,0,62999.4921875,13,7577,29.552143096923828,13.042074203491211,3.753077745437622,16786.087890625,62999.4921875,49742.078125,49742.078125,12,6597,1569.99267578125,2,1,62999.4921875,0
11,241,13801,0,11038.529296875,20,7519,1.0008466243743896,1.131714105606079,1.0,11038.529296875,9760.8623046875,1.1583770513534546,10106.796875,20,7564,1.0006117820739746,0,0,0.0,0
11,242,13801,0,12213.5400390625,20,3653,1.0025349855422974,1.1234699487686157,1.0,12213.5400390625,10871.265625,1.171010136604309,10040.953125,20,4966,1.0019415616989136,0,0,0.0,0
11,243,13801,0,11491.7197265625,20,11655,1.0023521184921265,1.1355197429656982,1.0,11491.7197265625,10140.8408203125,1.1645294427871704,10044.0078125,20,2513,1.001394271850586,0,0,0.0,0
11,244,13801,0,10952.390625,20,2285,1.0010019540786743,1.1444847583770752,1.0,10952.390625,9577.4033203125,1.158064603805542,10026.6650390625,20,10891,1.000347375869751,0,0,0.0,0
11,245,13801,0,10571.5576171875,20,11654,1.0009732246398926,1.1440117359161377,1.0,10571.5576171875,9242.6943359375,1.154893159866333,10046.505859375,20,7564,1.0004914999008179,0,0,0.0,0
11,246,13801,0,11158.3134765625,20,11655,1.0014504194259644,1.138043761253357,1.0,11158.3134765625,9816.8486328125,1.1617741584777832,10029.744140625,20,7564,1.0005730390548706,0,0,0.0,0
11,247,13801,0,13600.83203125,20,2530,1.0022920370101929,1.111497402191162,1.0,13600.83203125,12252.078125,1.180709958076477,10018.74609375,20,2573,0.9998661875724792,0,0,0.0,0
11,248,13801,0,11458.8994140625,20,7519,1.0012118816375732,1.1249053478240967,1.0,11458.8994140625,10188.908203125,1.164684772491455,10033.9609375,20,9769,1.000959038734436,0,0,0.0,0
11,249,13801,0,10079.6328125,20,11653,1.0007914304733276,1.1486966609954834,1.0,10079.6328125,8774.8427734375,1.152708649635315,10015.353515625,20,7569,1.0002013444900513,0,0,0.0,0
11,250,13801,0,13195.0087890625,20,7520,1.0022987127304077,1.1086512804031372,1.0,13195.0087890625,11910.2138671875,1.1757310628890991,10261.25390625,20,7567,1.001454472541809,0,0,0.0,0
11,251,13801,0,12505.3994140625,20,7520,1.001447319984436,1.1141014099121094,1.0,12505.3994140625,11226.857421875,1.1753543615341187,10110.966796875,20,7567,1.0014615058898926,0,0,0.0,0
11,252,13801,0,15145.1904296875,20,7520,1.0029842853546143,1.0947341918945312,1.0,15145.1904296875,13842.890625,1.1927101612091064,10011.9970703125,20,7567,1.00600004196167,0,0,0.0,0
11,253,13801,0,12427.09375,20,7520,1.0018922090530396,1.1155105829238892,1.0,12427.09375,11144.8662109375,1.167217493057251,10128.9296875,20,7564,1.0011918544769287,0,0,0.0,0
11,254,13801,0,11980.318359375,20,7520,1.0017558336257935,1.1203668117523193,1.0,11980.318359375,10694.4951171875,1.167214035987854,10029.9736328125,20,9768,1.0011873245239258,0,0,0.0,0
11,255,13801,0,10467.6591796875,20,11653,1.0012315511703491,1.1455885171890259,1.0,10467.6591796875,9145.9951171875,1.1536186933517456,10048.88671875,20,8894,1.0005775690078735,0,0,0.0,0
11,256,13801,0,16710.642578125,20,9781,1.3071682453155518,1.1064108610153198,1.0,16710.642578125,15103.4697265625,1.1988515853881836,10009.3828125,20,9771,0.9991787075996399,0,0,0.0,0
11,257,13801,0,12357.2919921875,20,2287,1.0029197931289673,1.1313362121582031,1.0,12357.2919921875,10948.763671875,1.1655908823013306,10068.5810546875,20,10892,1.0003031492233276,0,0,0.0,0
11,258,13801,0,10388.716796875,20,7518,1.0003681182861328,1.1405586004257202,1.0,10388.716796875,9110.3466796875,1.1549969911575317,10023.6162109375,20,9769,1.0006099939346313,0,0,0.0,0
11,259,13801,0,10906.5390625,20,10899,1.002161979675293,1.1481636762619019,1.0,10906.5390625,9499.115234375,1.1588211059570312,10028.1103515625,20,10892,1.0005438327789307,0,0,0.0,0
11,260,13801,0,12269.890625,20,7520,1.0015288591384888,1.119708776473999,1.0,12269.890625,10978.8935546875,1.1711848974227905,10155.76953125,20,7565,1.000356912612915,0,0,0.0,0
11,261,13801,0,11933.9951171875,20,3652,1.002567172050476,1.1281630992889404,1.0,11933.9951171875,10599.994140625,1.1672173738479614,10074.4619140625,20,4966,1.0013257265090942,0,0,0.0,0
11,262,13801,0,13254.5107421875,20,8908,1.0019397735595703,1.105273723602295,1.0,13254.5107421875,11992.0615234375,1.1748690605163574,10114.2236328125,20,7568,1.0034109354019165,0,0,0.0,0
11,263,13801,0,10430.4453125,20,11654,1.0011982917785645,1.1454432010650635,1.0,10430.4453125,9106.0341796875,1.1541521549224854,10042.720703125,20,8894,1.0006295442581177,0,0,0.0,0
11,264,13801,0,14519.18359375,20,7520,1.0022222995758057,1.0968314409255981,1.0,14519.18359375,13249.7080078125,1.1914726495742798,10007.1396484375,20,7569,1.0000746250152588,0,0,0.0,0
11,265,13801,0,10465.4267578125,20,10898,1.0014694929122925,1.1493020057678223,1.0,10465.4267578125,9105.8974609375,1.154157280921936,10069.3017578125,20,10892,1.0005052089691162,0,0,0.0,0
11,266,13801,0,11309.4951171875,20,11656,1.002221703529358,1.1346710920333862,1.0,11309.4951171875,9967.201171875,1.1622072458267212,10034.2568359375,20,2513,1.000915765762329,0,0,0.0,0
11,267,13801,0,10929.9423828125,20,7519,1.0015342235565186,1.1326459646224976,1.0,10929.9423828125,9651.7568359375,1.1592000722885132,10120.4619140625,20,7565,1.0007108449935913,0,0,0.0,0
11,268,13801,0,12358.66015625,20,2530,1.0008735656738281,1.1207642555236816,1.0,12358.66015625,11039.662109375,1.1707937717437744,10085.1103515625,20,2513,1.0014828443527222,0,0,0.0,0
11,269,13801,0,11087.251953125,20,7520,1.0009286403656006,1.131086826324463,1.0,11087.251953125,9802.8115234375,1.1616681814193726,10032.140625,20,9768,1.000856637954712,0,0,0.0,0
11,270,13801,0,11258.6748046875,20,11655,1.002206563949585,1.1371099948883057,1.0,11258.6748046875,9901.130859375,1.1615796089172363,10133.1552734375,20,4966,1.0012110471725464,0,0,0.0,0
11,271,13801,0,11514.60546875,20,7520,1.0015078783035278,1.1240745782852173,1.0,11514.60546875,10243.630859375,1.165636658668518,10144.5751953125,20,7566,1.000891923904419,0,0,0.0,0
11,272,13801,0,11901.35546875,20,7520,1.000852108001709,1.1224569082260132,1.0,11901.35546875,10620.341796875,1.168259859085083,10012.1396484375,20,7564,1.0006942749023438,0,0,0.0,0
11,273,13801,0,13055.228515625,20,11655,1.003343105316162,1.1190496683120728,1.0,13055.228515625,11666.3525390625,1.18144690990448,10085.3330078125,20,4967,1.0019282102584839,0,0,0.0,0
11,274,13801,0,11385.60546875,20,2286,1.0011053085327148,1.141290307044983,1.0,11385.60546875,9986.6025390625,1.1613943576812744,10081.8740234375,20,10892,1.0007736682891846,0,0,0.0,0
11,275,13801,0,10712.837890625,20,7519,1.0005992650985718,1.136615514755249,1.0,10712.837890625,9428.6123046875,1.1586954593658447,10005.326171875,20,9768,1.0007145404815674,0,0,0.0,0
11,276,13801,0,13890.74609375,20,7520,1.0023579597473145,1.101933240890503,1.0,13890.74609375,12613.63671875,1.1830415725708008,10037.4248046875,20,9770,1.0083681344985962,0,0,0.0,0
11,277,13801,0,10316.44921875,20,7519,1.0012397766113281,1.1409727334976196,1.0,10316.44921875,9041.8017578125,1.1547602415084839,10023.923828125,20,7565,1.000498652458191,0,0,0.0,0
11,278,13801,0,15010.048828125,20,8908,1.002541422843933,1.0938365459442139,1.0,15010.048828125,13722.3876953125,1.1900347471237183,10055.59375,20,9773,1.0069588422775269,0,0,0.0,0
11,279,13801,0,11594.55859375,20,11655,1.002164602279663,1.1341722011566162,1.0,11594.55859375,10241.2060546875,1.163095235824585,10137.28125,20,2513,1.0010976791381836,0,0,0.0,0
11,280,13801,0,10296.744140625,20,11653,1.000288724899292,1.1458419561386108,1.0,10296.744140625,8994.2763671875,1.1527447700500488,10002.5986328125,20,9769,1.0003061294555664,0,0,0.0,0
11,281,13801,0,13142.9560546875,20,7520,1.002262830734253,1.1092159748077393,1.0,13142.9560546875,11858.3369140625,1.1768043041229248,10117.6845703125,20,7566,1.0028783082962036,0,0,0.0,0
11,282,13801,0,11806.4658203125,20,11656,1.0026828050613403,1.1288479566574097,1.0,11806.4658203125,10511.0927734375,1.1629620790481567,10020.287109375,20,5367,1.0012171268463135,0,0,0.0,0
11,283,13801,0,10874.2626953125,20,2285,1.0010162591934204,1.1456738710403442,1.0,10874.2626953125,9491.5869140625,1.157221794128418,10161.6953125,20,10892,1.0007883310317993,0,0,0.0,0
11,284,13801,0,11598.19140625,20,7520,1.0017569065093994,1.1254981756210327,1.0,11598.19140625,10304.9404296875,1.1659775972366333,10005.171875,20,7564,1.0005881786346436,0,0,0.0,0
11,285,13801,0,11554.9091796875,20,11655,1.0024031400680542,1.1342488527297974,1.0,11554.9091796875,10187.2783203125,1.1643726825714111,10135.9326171875,20,4966,1.0015544891357422,0,0,0.0,0
11,286,13801,0,12654.5556640625,20,7520,1.0019875764846802,1.1125675439834595,1.0,12654.5556640625,11374.19140625,1.1725448369979858,10085.408203125,20,9769,1.001370906829834,0,0,0.0,0
11,287,13801,0,10424.83984375,20,8906,1.0010554790496826,1.1389656066894531,1.0,10424.83984375,9155.23828125,1.1561205387115479,10005.0107421875,20,9773,1.000598430633545,0,0,0.0,0
11,288,13801,0,12712.779296875,20,7520,1.00198233127594,1.1112017631530762,1.0,12712.779296875,11440.568359375,1.1777161359786987,10038.810546875,20,7567,1.0005508661270142,0,0,0.0,0
11,289,13801,0,10714.89453125,20,2285,1.0013076066970825,1.1454416513442993,1.0,10714.89453125,9354.3779296875,1.1564499139785767,10073.4697265625,20,4966,1.0008727312088013,0,0,0.0,0
11,290,13801,0,12298.33984375,20,11655,1.003466248512268,1.125473141670227,1.0,12298.33984375,10927.26171875,1.1730660200119019,10194.091796875,20,4967,1.0022200345993042,0,0,0.0,0
11,291,13801,0,18286.138671875,20,8909,1.002725601196289,1.07259202003479,1.0,18286.138671875,17048.55078125,1.195543885231018,10221.8525390625,20,9773,1.0049039125442505,0,0,0.0,0
11,292,13801,0,10612.8408203125,20,11655,1.0011088848114014,1.1420507431030273,1.0,10612.8408203125,9292.79296875,1.1543635129928589,10073.0654296875,20,5368,1.0007163286209106,0,0,0.0,0
11,293,13801,0,15663.1806640625,20,7520,1.0028456449508667,1.0916755199432373,1.0,15663.1806640625,14362.17578125,1.1958398818969727,10000.3779296875,20,7567,0.9881245493888855,0,0,0.0,0
11,294,13801,0,11178.4033203125,20,7520,1.001440167427063,1.1291754245758057,1.0,11178.4033203125,9899.6162109375,1.1610163450241089,10068.392578125,20,7564,1.0006844997406006,0,0,0.0,0
11,295,13801,0,10953.9521484375,20,10899,1.0023488998413086,1.1471648216247559,1.0,10953.9521484375,9560.2900390625,1.1578789949417114,10205.8525390625,20,10892,1.0008894205093384,0,0,0.0,0
11,296,13801,0,25290.345703125,20,7583,1.5937789678573608,1.061068058013916,1.0,25290.345703125,23834.80078125,1.2075953483581543,10331.2197265625,20,7567,0.9951460957527161,0,0,0.0,0
11,297,13801,0,12828.111328125,20,8907,1.0019242763519287,1.1131267547607422,1.0,12828.111328125,11548.52734375,1.1763055324554443,10080.166015625,20,7567,1.0013270378112793,0,0,0.0,0
11,298,13801,0,12261.0185546875,20,7520,1.0014376640319824,1.1153737306594849,1.0,12261.0185546875,10992.744140625,1.1746559143066406,10043.37109375,20,9771,1.001138687133789,0,0,0.0,0
11,299,13801,0,12572.0185546875,20,7520,1.0015318393707275,1.1136246919631958,1.0,12572.0185546875,11291.9892578125,1.1753374338150024,10052.6806640625,20,7566,1.0028854608535767,0,0,0.0,0
11,300,13801,0,11018.9169921875,20,7519,1.0015239715576172,1.1317075490951538,1.0,11018.9169921875,9741.4052734375,1.1603713035583496,10110.6298828125,20,7565,1.0007318258285522,0,0,0.0,0
