loc,case,n_samples,n_nonfinite,n_artifact_samples,n_snaps,fairlead_max,quiet_fairlead_max,artifact_t
1,1,13801,0,0,0,12069.5361328125,12069.5361328125,
1,2,13801,0,0,0,8932.3212890625,8932.3212890625,
1,3,13801,0,0,0,9398.142578125,9398.142578125,
1,4,13801,0,0,0,8644.6572265625,8644.6572265625,
1,5,13801,0,0,0,8030.1650390625,8030.1650390625,
1,6,13801,0,0,0,9052.25,9052.25,
1,7,13801,0,0,0,8836.271484375,8836.271484375,
1,8,13801,0,0,0,9765.9755859375,9765.9755859375,
1,9,13801,0,0,0,8055.26708984375,8055.26708984375,
1,10,13801,0,0,0,10260.55859375,10260.55859375,
1,11,13801,0,1,1,14028.275390625,14028.275390625,9195
1,12,13801,0,0,0,8342.1796875,8342.1796875,
1,13,13801,0,0,0,8163.9931640625,8163.9931640625,
1,14,13801,0,0,0,8427.455078125,8427.455078125,
1,15,13801,0,0,0,8547.3564453125,8547.3564453125,
1,16,13801,0,0,0,7910.10498046875,7910.10498046875,
1,17,13801,0,0,0,9456.5146484375,9456.5146484375,
1,18,13801,0,0,0,8396.9306640625,8396.9306640625,
1,19,13801,0,0,0,9190.63671875,9190.63671875,
1,20,13801,0,0,0,8214.5419921875,8214.5419921875,
1,21,13801,0,0,0,7860.89501953125,7860.89501953125,
1,22,13801,0,0,0,10004.826171875,10004.826171875,
1,23,13801,0,0,0,9749.85546875,9749.85546875,
1,24,13801,0,0,0,8392.8876953125,8392.8876953125,
1,25,13801,0,0,0,9126.001953125,9126.001953125,
1,26,13801,0,0,0,9094.2529296875,9094.2529296875,
1,27,13801,0,0,0,8175.72705078125,8175.72705078125,
1,28,13801,0,0,0,7833.35888671875,7833.35888671875,
1,29,13801,0,0,0,10124.6630859375,10124.6630859375,
1,30,13801,0,0,0,8123.15087890625,8123.15087890625,
1,31,13801,0,0,0,9105.900390625,9105.900390625,
1,32,13801,0,0,0,10643.0947265625,10643.0947265625,
1,33,13801,0,0,0,7926.7412109375,7926.7412109375,
1,34,13801,0,0,0,12965.3056640625,12965.3056640625,
1,35,13801,0,0,0,8949.0390625,8949.0390625,
1,36,13801,0,0,0,9740.0771484375,9740.0771484375,
1,37,13801,0,0,0,7984.64501953125,7984.64501953125,
1,38,13801,0,0,0,9549.416015625,9549.416015625,
1,39,13801,0,0,0,10527.3896484375,10527.3896484375,
1,40,13801,0,0,0,7948.23486328125,7948.23486328125,
1,41,13801,0,0,0,9860.861328125,9860.861328125,
1,42,13801,0,0,0,8785.8173828125,8785.8173828125,
1,43,13801,0,0,0,8305.306640625,8305.306640625,
1,44,13801,0,0,0,8163.27783203125,8163.27783203125,
1,45,13801,0,0,0,8194.3671875,8194.3671875,
1,46,13801,0,0,0,9783.765625,9783.765625,
1,47,13801,0,0,0,12305.2333984375,12305.2333984375,
1,48,13801,0,0,0,8216.5361328125,8216.5361328125,
1,49,13801,0,0,0,8269.3408203125,8269.3408203125,
1,50,13801,0,0,0,8353.3779296875,8353.3779296875,
1,51,13801,0,0,0,8221.8779296875,8221.8779296875,
1,52,13801,0,0,0,8520.740234375,8520.740234375,
1,53,13801,0,0,0,9906.5595703125,9906.5595703125,
1,54,13801,0,0,0,9185.7734375,9185.7734375,
1,55,13801,0,0,0,8262.888671875,8262.888671875,
1,56,13801,0,0,0,8636.982421875,8636.982421875,
1,57,13801,0,0,0,7807.10498046875,7807.10498046875,
1,58,13801,0,0,0,8303.31640625,8303.31640625,
1,59,13801,0,0,0,9400.08984375,9400.08984375,
1,60,13801,0,0,0,12225.3583984375,12225.3583984375,
1,61,13801,0,0,0,12268.2900390625,12268.2900390625,
1,62,13801,0,0,0,8307.5654296875,8307.5654296875,
1,63,13801,0,15,34,6494378000384.0,221389056.0,3678 5776 5985 7510 7513 7516 7518 7521 7523 7596 8083 8096 8098 8273 10455
1,64,13801,0,0,0,11782.830078125,11782.830078125,
1,65,13801,0,0,0,9445.9892578125,9445.9892578125,
1,66,13801,0,0,0,10082.9140625,10082.9140625,
1,67,13801,0,0,0,8273.548828125,8273.548828125,
1,68,13801,0,0,0,9666.2109375,9666.2109375,
1,69,13801,0,0,0,9378.9248046875,9378.9248046875,
1,70,13801,0,0,0,8295.869140625,8295.869140625,
1,71,13801,0,0,0,8870.4931640625,8870.4931640625,
1,72,13801,0,0,0,9308.74609375,9308.74609375,
1,73,13801,0,0,0,8295.8564453125,8295.8564453125,
1,74,13801,0,0,0,8472.037109375,8472.037109375,
1,75,13801,0,0,0,9239.91796875,9239.91796875,
1,76,13801,0,0,0,8270.130859375,8270.130859375,
1,77,13801,0,0,0,10314.22265625,10314.22265625,
1,78,13801,0,0,0,9507.55078125,9507.55078125,
1,79,13801,0,0,0,7705.69287109375,7705.69287109375,
1,80,13801,0,0,0,9308.568359375,9308.568359375,
1,81,13801,0,0,0,9243.595703125,9243.595703125,
1,82,13801,0,0,0,8184.0400390625,8184.0400390625,
1,83,13801,0,0,0,8911.919921875,8911.919921875,
1,84,13801,0,0,0,8328.76171875,8328.76171875,
1,85,13801,0,0,0,8560.96875,8560.96875,
1,86,13801,0,0,0,8878.509765625,8878.509765625,
1,87,13801,0,0,0,8345.8359375,8345.8359375,
1,88,13801,0,0,0,8177.08984375,8177.08984375,
1,89,13801,0,0,0,11590.5,11590.5,
1,90,13801,0,0,0,7961.51416015625,7961.51416015625,
1,91,13801,0,0,0,10179.80859375,10179.80859375,
1,92,13801,0,0,0,12207.1982421875,12207.1982421875,
1,93,13801,0,0,0,8545.810546875,8545.810546875,
1,94,13801,0,0,0,9397.3056640625,9397.3056640625,
1,95,13801,0,0,0,7802.20703125,7802.20703125,
1,96,13801,0,0,0,10977.0478515625,10977.0478515625,
1,97,13801,0,0,0,7981.505859375,7981.505859375,
1,98,13801,0,0,0,8746.083984375,8746.083984375,
1,99,13801,0,0,0,9954.1640625,9954.1640625,
1,100,13801,0,0,0,10260.0087890625,10260.0087890625,
1,101,13801,0,0,0,8022.73095703125,8022.73095703125,
1,102,13801,0,0,0,8713.0537109375,8713.0537109375,
1,103,13801,0,0,0,8532.0732421875,8532.0732421875,
1,104,13801,0,0,0,7964.9228515625,7964.9228515625,
1,105,13801,0,0,0,8180.8349609375,8180.8349609375,
1,106,13801,0,0,0,10154.26953125,10154.26953125,
1,107,13801,0,0,0,8247.9951171875,8247.9951171875,
1,108,13801,0,0,0,8259.7021484375,8259.7021484375,
1,109,13801,0,0,0,8003.39208984375,8003.39208984375,
1,110,13801,0,0,0,7933.2841796875,7933.2841796875,
1,111,13801,0,0,0,7771.1640625,7771.1640625,
1,112,13801,0,0,0,7802.97021484375,7802.97021484375,
1,113,13801,0,0,0,7893.60986328125,7893.60986328125,
1,114,13801,0,0,0,7984.27587890625,7984.27587890625,
1,115,13801,0,0,0,8651.4990234375,8651.4990234375,
1,116,13801,0,1,3,13006.625,12374.099609375,12794
1,117,13801,0,0,0,9534.7001953125,9534.7001953125,
1,118,13801,0,0,0,8616.125,8616.125,
1,119,13801,0,0,0,8459.2578125,8459.2578125,
1,120,13801,0,0,0,8090.72412109375,8090.72412109375,
1,121,13801,0,0,0,10086.248046875,10086.248046875,
1,122,13801,0,0,0,8639.2109375,8639.2109375,
1,123,13801,0,0,0,10167.0498046875,10167.0498046875,
1,124,13801,0,0,0,8108.5908203125,8108.5908203125,
1,125,13801,0,0,0,8569.9345703125,8569.9345703125,
1,126,13801,0,0,0,8779.5517578125,8779.5517578125,
1,127,13801,0,0,0,8132.38623046875,8132.38623046875,
1,128,13801,0,0,0,7931.63818359375,7931.63818359375,
1,129,13801,0,0,0,11789.4619140625,11789.4619140625,
1,130,13801,0,0,1,14126.17578125,14126.17578125,
1,131,13801,0,1,0,14629.865234375,14629.865234375,9191
1,132,13801,0,0,0,9366.7890625,9366.7890625,
1,133,13801,0,0,0,8441.083984375,8441.083984375,
1,134,13801,0,0,0,8361.6552734375,8361.6552734375,
1,135,13801,0,0,0,8305.291015625,8305.291015625,
1,136,13801,0,0,0,8567.8486328125,8567.8486328125,
1,137,13801,0,0,0,7992.44580078125,7992.44580078125,
1,138,13801,0,0,0,8448.3408203125,8448.3408203125,
1,139,13801,0,0,0,8648.4833984375,8648.4833984375,
1,140,13801,0,0,0,8249.1572265625,8249.1572265625,
1,141,13801,0,0,0,8306.451171875,8306.451171875,
1,142,13801,0,2,17,19183.072265625,19183.072265625,9202 10454
1,143,13801,0,0,0,7879.17822265625,7879.17822265625,
1,144,13801,0,0,0,9435.9931640625,9435.9931640625,
1,145,13801,0,0,0,11203.958984375,11203.958984375,
1,146,13801,0,0,0,8570.2783203125,8570.2783203125,
1,147,13801,0,0,0,7728.01806640625,7728.01806640625,
1,148,13801,0,0,0,10322.3349609375,10322.3349609375,
1,149,13801,0,0,0,8923.720703125,8923.720703125,
1,150,13801,0,0,0,8567.197265625,8567.197265625,
1,151,13801,0,0,0,8035.046875,8035.046875,
1,152,13801,0,0,0,8716.7607421875,8716.7607421875,
1,153,13801,0,0,0,9044.966796875,9044.966796875,
1,154,13801,0,0,0,9023.8369140625,9023.8369140625,
1,155,13801,0,0,0,11525.888671875,11525.888671875,
1,156,13801,0,0,0,8180.880859375,8180.880859375,
1,157,13801,0,0,0,10904.7216796875,10904.7216796875,
1,158,13801,0,0,0,8107.93896484375,8107.93896484375,
1,159,13801,0,0,0,9524.96484375,9524.96484375,
1,160,13801,0,0,0,11324.8857421875,11324.8857421875,
1,161,13801,0,0,0,8548.6689453125,8548.6689453125,
1,162,13801,0,0,0,7914.53515625,7914.53515625,
1,163,13801,0,0,0,8811.09765625,8811.09765625,
1,164,13801,0,0,0,8653.0,8653.0,
1,165,13801,0,0,0,8282.486328125,8282.486328125,
1,166,13801,0,0,0,8359.9189453125,8359.9189453125,
1,167,13801,0,0,0,8315.2568359375,8315.2568359375,
1,168,13801,0,0,0,8269.771484375,8269.771484375,
1,169,13801,0,0,0,8073.85595703125,8073.85595703125,
1,170,13801,0,0,0,9808.2919921875,9808.2919921875,
1,171,13801,0,0,0,10878.671875,10878.671875,
1,172,13801,0,0,0,9192.4814453125,9192.4814453125,
1,173,13801,0,0,0,8405.5244140625,8405.5244140625,
1,174,13801,0,0,0,8491.056640625,8491.056640625,
1,175,13801,0,0,0,10213.953125,10213.953125,
1,176,13801,0,0,0,9302.48046875,9302.48046875,
1,177,13801,0,0,12,16256.7646484375,16256.7646484375,
1,178,13801,0,0,0,10991.947265625,10991.947265625,
1,179,13801,0,0,0,8865.5517578125,8865.5517578125,
1,180,13801,0,0,0,8989.2529296875,8989.2529296875,
1,181,13801,0,0,0,10698.251953125,10698.251953125,
1,182,13801,0,0,0,8876.83984375,8876.83984375,
1,183,13801,0,0,0,10402.4296875,10402.4296875,
1,184,13801,0,0,0,12081.224609375,12081.224609375,
1,185,13801,0,1,2,13770.287109375,13770.287109375,4084
1,186,13801,0,0,0,10343.7666015625,10343.7666015625,
1,187,13801,0,0,0,9256.712890625,9256.712890625,
1,188,13801,0,0,0,9117.0908203125,9117.0908203125,
1,189,13801,0,0,0,8156.29296875,8156.29296875,
1,190,13801,0,0,0,8264.1552734375,8264.1552734375,
1,191,13801,0,0,0,8152.15185546875,8152.15185546875,
1,192,13801,0,0,0,8750.7822265625,8750.7822265625,
1,193,13801,0,0,0,8234.1162109375,8234.1162109375,
1,194,13801,0,0,0,9088.8349609375,9088.8349609375,
1,195,13801,0,0,0,7801.8759765625,7801.8759765625,
1,196,13801,0,0,0,8683.7763671875,8683.7763671875,
1,197,13801,0,0,0,12032.830078125,12032.830078125,
1,198,13801,0,0,0,7961.8291015625,7961.8291015625,
1,199,13801,0,0,0,9660.3564453125,9660.3564453125,
1,200,13801,0,0,0,8697.6328125,8697.6328125,
1,201,13801,0,0,0,9674.2275390625,9674.2275390625,
1,202,8908,0,21,29,1.3214083299850322e+18,1.3214083299850322e+18,361 1705 1933 2132 3659 3681 3834 3837 3838 3842 3843 3851 3878 3882 3884 6456 6596 6952 6954 7535 8906
1,203,13801,0,0,0,8558.1005859375,8558.1005859375,
1,204,13801,0,0,0,7967.05712890625,7967.05712890625,
1,205,13801,0,0,0,9894.7197265625,9894.7197265625,
1,206,13801,0,0,0,9203.3349609375,9203.3349609375,
1,207,13801,0,0,0,9408.892578125,9408.892578125,
1,208,13801,0,0,0,8489.9208984375,8489.9208984375,
1,209,13801,0,0,0,9029.6494140625,9029.6494140625,
1,210,13801,0,0,0,8825.0078125,8825.0078125,
1,211,13801,0,0,0,8734.2041015625,8734.2041015625,
1,212,13801,0,0,0,10039.08203125,10039.08203125,
1,213,13801,0,0,0,8139.60205078125,8139.60205078125,
1,214,13801,0,0,0,10482.6865234375,10482.6865234375,
1,215,3716,0,9,16,3.779724602352075e+18,3.779724602352075e+18,682 683 697 2063 2097 2102 2104 2210 3651
1,216,13801,0,0,0,8176.97119140625,8176.97119140625,
1,217,13801,0,0,0,9916.8330078125,9916.8330078125,
1,218,13801,0,0,0,8071.17578125,8071.17578125,
1,219,13801,0,0,0,8169.66796875,8169.66796875,
1,220,13801,0,0,0,7997.966796875,7997.966796875,
1,221,13801,0,0,2,13956.4658203125,13956.4658203125,
1,222,13801,0,0,0,8080.19580078125,8080.19580078125,
1,223,13801,0,0,0,9891.3330078125,9891.3330078125,
1,224,13801,0,0,0,9696.572265625,9696.572265625,
1,225,13801,0,0,0,8443.544921875,8443.544921875,
1,226,13801,0,0,0,8901.5693359375,8901.5693359375,
1,227,13801,0,0,0,8361.439453125,8361.439453125,
1,228,13801,0,0,0,8949.79296875,8949.79296875,
1,229,13801,0,0,0,7982.333984375,7982.333984375,
1,230,13801,0,0,0,8355.0693359375,8355.0693359375,
1,231,13801,0,0,2,14159.9697265625,14159.9697265625,
1,232,13801,0,0,0,7788.88623046875,7788.88623046875,
1,233,13801,0,0,0,8490.6171875,8490.6171875,
1,234,13801,0,0,0,8050.14599609375,8050.14599609375,
1,235,13801,0,0,0,7916.37890625,7916.37890625,
1,236,13801,0,0,0,8624.6494140625,8624.6494140625,
1,237,13801,0,0,0,8521.3212890625,8521.3212890625,
1,238,13801,0,0,0,7878.587890625,7878.587890625,
1,239,13801,0,0,0,8557.29296875,8557.29296875,
1,240,13801,0,0,0,9953.330078125,9953.330078125,
1,241,13801,0,0,0,8319.955078125,8319.955078125,
1,242,13801,0,0,0,8788.7841796875,8788.7841796875,
1,243,13801,0,2,7,17267.337890625,17083.06640625,4748 9744
1,244,13801,0,0,0,8002.630859375,8002.630859375,
1,245,13801,0,0,0,7884.72705078125,7884.72705078125,
1,246,13801,0,0,0,10374.8935546875,10374.8935546875,
1,247,13801,0,0,0,9071.0234375,9071.0234375,
1,248,13801,0,0,0,8347.900390625,8347.900390625,
1,249,13801,0,0,0,9439.21484375,9439.21484375,
1,250,13801,0,0,0,10435.0478515625,10435.0478515625,
1,251,13801,0,0,0,8091.4072265625,8091.4072265625,
1,252,13801,0,0,0,10356.177734375,10356.177734375,
1,253,13801,0,1,3,14351.9638671875,14351.9638671875,9753
1,254,13801,0,0,0,9101.974609375,9101.974609375,
1,255,13801,0,0,0,8257.9697265625,8257.9697265625,
1,256,13801,0,0,0,9057.8662109375,9057.8662109375,
1,257,13801,0,0,0,8929.623046875,8929.623046875,
1,258,13801,0,0,0,8426.3828125,8426.3828125,
1,259,13801,0,0,0,8050.89306640625,8050.89306640625,
1,260,13801,0,0,0,9045.763671875,9045.763671875,
1,261,13801,0,0,0,8234.474609375,8234.474609375,
1,262,13801,0,0,0,8979.556640625,8979.556640625,
1,263,13801,0,0,0,8037.7587890625,8037.7587890625,
1,264,13801,0,0,0,9957.888671875,9957.888671875,
1,265,13801,0,0,0,10971.359375,10971.359375,
1,266,13801,0,0,0,8683.0234375,8683.0234375,
1,267,13801,0,0,0,9959.28125,9959.28125,
1,268,13801,0,0,0,9700.9853515625,9700.9853515625,
1,269,13801,0,0,0,8077.85400390625,8077.85400390625,
1,270,13801,0,0,0,9089.0703125,9089.0703125,
1,271,13801,0,0,0,9968.9501953125,9968.9501953125,
1,272,13801,0,0,0,10035.34765625,10035.34765625,
1,273,13801,0,0,0,8408.56640625,8408.56640625,
1,274,13801,0,0,0,9493.873046875,9493.873046875,
1,275,13801,0,0,0,8033.0087890625,8033.0087890625,
1,276,13801,0,0,0,8239.7685546875,8239.7685546875,
1,277,13801,0,0,0,9008.98046875,9008.98046875,
1,278,13801,0,0,0,9328.619140625,9328.619140625,
1,279,13801,0,0,0,10607.4501953125,10607.4501953125,
1,280,13801,0,0,0,10354.982421875,10354.982421875,
1,281,13801,0,0,0,8165.2421875,8165.2421875,
1,282,13801,0,0,0,8293.1171875,8293.1171875,
1,283,13801,0,0,0,8030.47021484375,8030.47021484375,
1,284,13801,0,0,0,9401.140625,9401.140625,
1,285,13801,0,0,0,8766.4326171875,8766.4326171875,
1,286,13801,0,0,0,9621.7490234375,9621.7490234375,
1,287,13801,0,0,0,8541.865234375,8541.865234375,
1,288,13801,0,0,0,10976.0517578125,10976.0517578125,
1,289,13801,0,0,0,9995.85546875,9995.85546875,
1,290,13801,0,0,0,11835.9833984375,11835.9833984375,
1,291,13801,0,0,0,10336.138671875,10336.138671875,
1,292,13801,0,0,0,12455.20703125,12455.20703125,
1,293,13801,0,0,0,9112.7353515625,9112.7353515625,
1,294,13801,0,0,0,9728.2197265625,9728.2197265625,
1,295,13801,0,0,0,8582.47265625,8582.47265625,
1,296,13801,0,0,0,8040.15185546875,8040.15185546875,
1,297,13801,0,0,0,10697.759765625,10697.759765625,
1,298,13801,0,2,1,11090.8681640625,11090.8681640625,12730 12734
1,299,13801,0,0,0,8026.89599609375,8026.89599609375,
1,300,13801,0,0,0,10760.71875,10760.71875,
3,1,13801,0,0,0,9924.8837890625,9924.8837890625,
3,2,13801,0,0,0,13494.748046875,13494.748046875,
3,3,13801,0,0,0,10093.328125,10093.328125,
3,4,13801,0,0,0,10758.5302734375,10758.5302734375,
3,5,13801,0,0,5,17702.86328125,17702.86328125,
3,6,13801,0,0,0,10725.3046875,10725.3046875,
3,7,13801,0,0,0,12732.880859375,12732.880859375,
3,8,13801,0,0,0,9536.361328125,9536.361328125,
3,9,13801,0,0,1,12247.9287109375,12247.9287109375,
3,10,13801,0,0,0,10856.8427734375,10856.8427734375,
3,11,13801,0,0,0,9684.1552734375,9684.1552734375,
3,12,13801,0,0,0,9546.6669921875,9546.6669921875,
3,13,13801,0,0,0,12992.6748046875,12992.6748046875,
3,14,13801,0,0,0,10190.0966796875,10190.0966796875,
3,15,13801,0,0,0,11587.8935546875,11587.8935546875,
3,16,13801,0,0,0,12528.884765625,12528.884765625,
3,17,13801,0,0,0,10006.6220703125,10006.6220703125,
3,18,13801,0,0,0,10007.48828125,10007.48828125,
3,19,13801,0,0,0,10592.9443359375,10592.9443359375,
3,20,13801,0,0,0,9705.2109375,9705.2109375,
3,21,13801,0,0,0,13863.2421875,13863.2421875,
3,22,13801,0,0,0,10958.0869140625,10958.0869140625,
3,23,13801,0,0,0,12193.2822265625,12193.2822265625,
3,24,13801,0,0,0,12924.1015625,12924.1015625,
3,25,13801,0,0,0,9638.3369140625,9638.3369140625,
3,26,13801,0,0,0,9871.189453125,9871.189453125,
3,27,13801,0,0,0,9836.365234375,9836.365234375,
3,28,13801,0,0,0,10400.44140625,10400.44140625,
3,29,13801,0,0,0,12701.5283203125,12701.5283203125,
3,30,13801,0,0,0,12830.5615234375,12830.5615234375,
3,31,13801,0,0,0,10133.9140625,10133.9140625,
3,32,13801,0,0,1,16347.767578125,16347.767578125,
3,33,13801,0,0,0,11311.212890625,11311.212890625,
3,34,13801,0,0,0,11163.7119140625,11163.7119140625,
3,35,13801,0,0,0,13557.48828125,13557.48828125,
3,36,13801,0,0,0,14060.404296875,14060.404296875,
3,37,13801,0,0,0,10245.1630859375,10245.1630859375,
3,38,13801,0,0,0,9977.2080078125,9977.2080078125,
3,39,13801,0,0,0,10954.0830078125,10954.0830078125,
3,40,13801,0,0,0,10400.697265625,10400.697265625,
3,41,13801,0,0,0,9953.1767578125,9953.1767578125,
3,42,13801,0,0,0,10943.0712890625,10943.0712890625,
3,43,13801,0,0,0,12657.943359375,12657.943359375,
3,44,13801,0,0,0,13233.14453125,13233.14453125,
3,45,13801,0,0,0,9611.3349609375,9611.3349609375,
3,46,13801,0,0,0,16279.279296875,16279.279296875,
3,47,13801,0,0,0,9980.6201171875,9980.6201171875,
3,48,13801,0,0,0,10085.78125,10085.78125,
3,49,13801,0,0,0,12206.9677734375,12206.9677734375,
3,50,13801,0,0,0,11399.0341796875,11399.0341796875,
3,51,13801,0,0,0,9795.4248046875,9795.4248046875,
3,52,13801,0,0,0,13209.1806640625,13209.1806640625,
3,53,13801,0,0,0,10595.98828125,10595.98828125,
3,54,13801,0,0,0,10079.5390625,10079.5390625,
3,55,13801,0,0,0,9800.357421875,9800.357421875,
3,56,13801,0,0,0,10063.58984375,10063.58984375,
3,57,13801,0,0,0,10951.8330078125,10951.8330078125,
3,58,13801,0,0,0,12186.9560546875,12186.9560546875,
3,59,13801,0,0,0,9755.7138671875,9755.7138671875,
3,60,13801,0,0,0,10965.0830078125,10965.0830078125,
3,61,13801,0,0,0,11678.3525390625,11678.3525390625,
3,62,13801,0,0,0,10014.2119140625,10014.2119140625,
3,63,13801,0,0,0,10240.1884765625,10240.1884765625,
3,64,13801,0,0,0,12005.876953125,12005.876953125,
3,65,13801,0,0,0,10311.470703125,10311.470703125,
3,66,13801,0,0,0,10424.94140625,10424.94140625,
3,67,13801,0,0,0,9886.1396484375,9886.1396484375,
3,68,13801,0,0,0,13894.087890625,13894.087890625,
3,69,13801,0,0,0,10999.96875,10999.96875,
3,70,13801,0,0,0,9411.67578125,9411.67578125,
3,71,13801,0,0,0,10585.388671875,10585.388671875,
3,72,13801,0,0,0,11329.7353515625,11329.7353515625,
3,73,13801,0,0,0,10536.958984375,10536.958984375,
3,74,13801,0,0,0,9837.9775390625,9837.9775390625,
3,75,13801,0,0,0,10228.486328125,10228.486328125,
3,76,13801,0,0,0,15002.2802734375,15002.2802734375,
3,77,13801,0,0,0,12669.2431640625,12669.2431640625,
3,78,13801,0,0,0,11300.9873046875,11300.9873046875,
3,79,13801,0,0,0,10183.3720703125,10183.3720703125,
3,80,13801,0,0,0,9389.1416015625,9389.1416015625,
3,81,13801,0,0,0,9470.97265625,9470.97265625,
3,82,13801,0,0,3,17548.25390625,17548.25390625,
3,83,13801,0,0,0,10302.3359375,10302.3359375,
3,84,13801,0,0,0,11074.515625,11074.515625,
3,85,13801,0,0,0,9746.0595703125,9746.0595703125,
3,86,13801,0,0,0,10273.044921875,10273.044921875,
3,87,13801,0,0,0,11156.166015625,11156.166015625,
3,88,13801,0,0,0,10594.07421875,10594.07421875,
3,89,13801,0,0,0,9645.6103515625,9645.6103515625,
3,90,13801,0,0,0,10100.353515625,10100.353515625,
3,91,13801,0,0,0,9809.1103515625,9809.1103515625,
3,92,13801,0,0,0,10143.677734375,10143.677734375,
3,93,13801,0,0,0,10486.1708984375,10486.1708984375,
3,94,13801,0,0,0,12128.6513671875,12128.6513671875,
3,95,13801,0,0,0,14744.5703125,14744.5703125,
3,96,13801,0,0,0,10125.8330078125,10125.8330078125,
3,97,13801,0,0,0,12294.40625,12294.40625,
3,98,13801,0,0,0,9660.533203125,9660.533203125,
3,99,13801,0,0,0,10301.5830078125,10301.5830078125,
3,100,13801,0,0,1,16987.59765625,16987.59765625,
3,101,13801,0,0,0,10580.40625,10580.40625,
3,102,13801,0,0,0,9451.6904296875,9451.6904296875,
3,103,13801,0,0,0,9811.001953125,9811.001953125,
3,104,13801,0,0,0,9476.6669921875,9476.6669921875,
3,105,13801,0,0,0,13101.4287109375,13101.4287109375,
3,106,13801,0,0,0,11006.1806640625,11006.1806640625,
3,107,13801,0,0,0,9794.0634765625,9794.0634765625,
3,108,13801,0,0,0,11552.1630859375,11552.1630859375,
3,109,13801,0,0,0,11703.9697265625,11703.9697265625,
3,110,13801,0,0,2,16543.3203125,16543.3203125,
3,111,13801,0,0,0,13998.005859375,13998.005859375,
3,112,13801,0,0,0,12136.6357421875,12136.6357421875,
3,113,13801,0,0,0,11649.7861328125,11649.7861328125,
3,114,13801,0,0,1,16512.91796875,16512.91796875,
3,115,13801,0,0,0,10115.15625,10115.15625,
3,116,13801,0,0,0,11279.6904296875,11279.6904296875,
3,117,13801,0,0,0,10702.1328125,10702.1328125,
3,118,13801,0,0,0,10151.189453125,10151.189453125,
3,119,13801,0,0,0,12914.9287109375,12914.9287109375,
3,120,13801,0,0,0,10019.0595703125,10019.0595703125,
3,121,13801,0,0,0,10081.9833984375,10081.9833984375,
3,122,13801,0,0,0,11400.0888671875,11400.0888671875,
3,123,13801,0,0,0,10000.251953125,10000.251953125,
3,124,13801,0,0,0,11161.396484375,11161.396484375,
3,125,13801,0,0,0,10438.283203125,10438.283203125,
3,126,13801,0,0,0,11759.125,11759.125,
3,127,13801,0,0,0,9908.3525390625,9908.3525390625,
3,128,13801,0,0,0,10501.97265625,10501.97265625,
3,129,13801,0,1,3,16863.044921875,16863.044921875,5625
3,130,13801,0,0,0,9649.822265625,9649.822265625,
3,131,13801,0,0,0,12391.1796875,12391.1796875,
3,132,13801,0,0,0,14237.6162109375,14237.6162109375,
3,133,13801,0,0,0,11624.6572265625,11624.6572265625,
3,134,13801,0,0,0,12633.3896484375,12633.3896484375,
3,135,13801,0,0,0,14363.6015625,14363.6015625,
3,136,13801,0,0,0,11845.0908203125,11845.0908203125,
3,137,13801,0,0,0,14065.552734375,14065.552734375,
3,138,13801,0,0,0,9482.0576171875,9482.0576171875,
3,139,13801,0,0,0,11293.6396484375,11293.6396484375,
3,140,13801,0,0,0,9739.091796875,9739.091796875,
3,141,13801,0,0,0,9832.0361328125,9832.0361328125,
3,142,13801,0,0,0,14171.296875,14171.296875,
3,143,13801,0,0,0,11247.26953125,11247.26953125,
3,144,13801,0,0,0,9869.529296875,9869.529296875,
3,145,13801,0,0,0,10189.341796875,10189.341796875,
3,146,13801,0,0,0,10778.8095703125,10778.8095703125,
3,147,13801,0,0,0,11018.75,11018.75,
3,148,13801,0,0,0,13522.2421875,13522.2421875,
3,149,13801,0,0,0,17204.64453125,17204.64453125,
3,150,13801,0,0,0,10328.5615234375,10328.5615234375,
3,151,13801,0,0,0,10120.78125,10120.78125,
3,152,13801,0,0,5,17330.87109375,17330.87109375,
3,153,13801,0,0,0,12217.1767578125,12217.1767578125,
3,154,13801,0,0,0,11563.416015625,11563.416015625,
3,155,13801,0,0,0,13759.29296875,13759.29296875,
3,156,13801,0,0,0,10716.61328125,10716.61328125,
3,157,13801,0,0,0,9934.837890625,9934.837890625,
3,158,13801,0,0,0,12092.4013671875,12092.4013671875,
3,159,13801,0,0,0,11683.5390625,11683.5390625,
3,160,13801,0,0,0,10599.2431640625,10599.2431640625,
3,161,13801,0,0,0,9911.65234375,9911.65234375,
3,162,13801,0,0,0,11488.8046875,11488.8046875,
3,163,13801,0,0,0,12871.833984375,12871.833984375,
3,164,13801,0,3,8,16508.298828125,16508.298828125,673 7533 7537
3,165,13801,0,0,0,13818.9150390625,13818.9150390625,
3,166,13801,0,0,0,10750.4345703125,10750.4345703125,
3,167,13801,0,0,0,9767.7255859375,9767.7255859375,
3,168,13801,0,0,0,10885.9443359375,10885.9443359375,
3,169,13801,0,0,0,12933.677734375,12933.677734375,
3,170,13801,0,0,0,12707.669921875,12707.669921875,
3,171,13801,0,0,0,10988.2109375,10988.2109375,
3,172,13801,0,0,0,9973.6337890625,9973.6337890625,
3,173,13801,0,0,0,10469.962890625,10469.962890625,
3,174,13801,0,0,0,10698.470703125,10698.470703125,
3,175,13801,0,0,0,9863.9921875,9863.9921875,
3,176,13801,0,0,0,9846.900390625,9846.900390625,
3,177,13801,0,0,0,10072.060546875,10072.060546875,
3,178,13801,0,0,0,11098.9677734375,11098.9677734375,
3,179,13801,0,0,0,10727.990234375,10727.990234375,
3,180,13801,0,0,0,10657.3251953125,10657.3251953125,
3,181,13801,0,0,0,10783.564453125,10783.564453125,
3,182,13801,0,0,0,10317.0107421875,10317.0107421875,
3,183,13801,0,0,0,15076.232421875,15076.232421875,
3,184,13801,0,0,0,12588.583984375,12588.583984375,
3,185,13801,0,0,0,9938.287109375,9938.287109375,
3,186,13801,0,0,0,10125.2119140625,10125.2119140625,
3,187,13801,0,0,0,10187.2666015625,10187.2666015625,
3,188,13801,0,0,0,10853.9140625,10853.9140625,
3,189,13801,0,0,0,11368.2568359375,11368.2568359375,
3,190,13801,0,0,0,12953.1396484375,12953.1396484375,
3,191,13801,0,0,0,11107.9521484375,11107.9521484375,
3,192,13801,0,0,0,10072.2880859375,10072.2880859375,
3,193,13801,0,0,0,12370.849609375,12370.849609375,
3,194,13801,0,0,0,12106.6689453125,12106.6689453125,
3,195,13801,0,0,0,12269.76171875,12269.76171875,
3,196,13801,0,0,0,11831.8701171875,11831.8701171875,
3,197,13801,0,0,0,9658.96484375,9658.96484375,
3,198,13801,0,0,0,13127.71484375,13127.71484375,
3,199,13801,0,0,0,10826.951171875,10826.951171875,
3,200,13801,0,0,0,11362.544921875,11362.544921875,
3,201,13801,0,0,0,12522.37890625,12522.37890625,
3,202,13801,0,0,0,12560.6640625,12560.6640625,
3,203,13801,0,0,0,10034.564453125,10034.564453125,
3,204,13801,0,0,0,12683.76171875,12683.76171875,
3,205,13801,0,0,0,10472.7509765625,10472.7509765625,
3,206,13801,0,0,0,9860.623046875,9860.623046875,
3,207,13801,0,0,0,12949.376953125,12949.376953125,
3,208,13801,0,0,0,9779.201171875,9779.201171875,
3,209,13801,0,0,0,10059.51171875,10059.51171875,
3,210,13801,0,0,0,10763.9189453125,10763.9189453125,
3,211,13801,0,0,0,11344.380859375,11344.380859375,
3,212,13801,0,0,0,13687.0361328125,13687.0361328125,
3,213,13801,0,0,0,10099.126953125,10099.126953125,
3,214,13801,0,0,0,12750.8466796875,12750.8466796875,
3,215,13801,0,0,0,12680.421875,12680.421875,
3,216,13801,0,0,0,10882.9951171875,10882.9951171875,
3,217,13801,0,0,0,11061.26953125,11061.26953125,
3,218,13801,0,0,0,15338.142578125,15338.142578125,
3,219,13801,0,0,0,11359.0439453125,11359.0439453125,
3,220,13801,0,0,0,12528.3642578125,12528.3642578125,
3,221,13801,0,0,0,10578.0869140625,10578.0869140625,
3,222,13801,0,0,0,9835.6630859375,9835.6630859375,
3,223,13801,0,0,0,10297.2568359375,10297.2568359375,
3,224,13801,0,0,0,11346.423828125,11346.423828125,
3,225,13801,0,0,0,10327.8740234375,10327.8740234375,
3,226,13801,0,0,0,12655.6416015625,12655.6416015625,
3,227,13801,0,0,0,14409.126953125,14409.126953125,
3,228,13801,0,0,0,12291.146484375,12291.146484375,
3,229,13801,0,0,0,9482.6435546875,9482.6435546875,
3,230,13801,0,0,0,11142.8095703125,11142.8095703125,
3,231,13801,0,0,0,9858.3076171875,9858.3076171875,
3,232,13801,0,0,0,9697.12109375,9697.12109375,
3,233,13801,0,0,0,12279.017578125,12279.017578125,
3,234,13801,0,0,0,9531.5859375,9531.5859375,
3,235,13801,0,0,0,12819.9091796875,12819.9091796875,
3,236,13801,0,0,0,11666.9697265625,11666.9697265625,
3,237,13801,0,0,0,10228.8935546875,10228.8935546875,
3,238,13801,0,0,0,10745.3671875,10745.3671875,
3,239,13801,0,0,0,15202.7470703125,15202.7470703125,
3,240,13801,0,0,0,9685.8623046875,9685.8623046875,
3,241,13801,0,0,0,10232.83984375,10232.83984375,
3,242,13801,0,0,0,10566.6552734375,10566.6552734375,
3,243,13801,0,0,0,13032.515625,13032.515625,
3,244,13801,0,0,0,10686.8095703125,10686.8095703125,
3,245,13801,0,0,0,11067.40234375,11067.40234375,
3,246,13801,0,0,0,9907.19921875,9907.19921875,
3,247,13801,0,0,0,12349.6181640625,12349.6181640625,
3,248,13801,0,0,0,9662.986328125,9662.986328125,
3,249,13801,0,0,0,9927.8388671875,9927.8388671875,
3,250,13801,0,0,0,13040.0537109375,13040.0537109375,
3,251,13801,0,0,0,12864.8046875,12864.8046875,
3,252,13801,0,0,0,15170.138671875,15170.138671875,
3,253,13801,0,0,0,11434.43359375,11434.43359375,
3,254,13801,0,0,0,11581.4599609375,11581.4599609375,
3,255,13801,0,0,0,9365.7421875,9365.7421875,
3,256,13801,0,0,0,10563.7763671875,10563.7763671875,
3,257,13801,0,0,0,11231.4541015625,11231.4541015625,
3,258,13801,0,0,0,12571.2548828125,12571.2548828125,
3,259,13801,0,0,0,12182.6357421875,12182.6357421875,
3,260,13801,0,0,0,10002.3642578125,10002.3642578125,
3,261,13801,0,0,0,9588.939453125,9588.939453125,
3,262,13801,0,0,0,10847.3603515625,10847.3603515625,
3,263,13801,0,0,0,9594.6396484375,9594.6396484375,
3,264,13801,0,0,0,13304.1484375,13304.1484375,
3,265,13801,0,0,0,13126.2060546875,13126.2060546875,
3,266,13801,0,0,0,13054.736328125,13054.736328125,
3,267,13801,0,0,0,10292.912109375,10292.912109375,
3,268,13801,0,0,0,10721.015625,10721.015625,
3,269,13801,0,0,0,10218.4521484375,10218.4521484375,
3,270,13801,0,0,0,11813.2607421875,11813.2607421875,
3,271,13801,0,0,0,10166.5703125,10166.5703125,
3,272,13801,0,0,0,10504.9912109375,10504.9912109375,
3,273,13801,0,0,0,11344.4560546875,11344.4560546875,
3,274,13801,0,0,0,10317.8564453125,10317.8564453125,
3,275,13801,0,0,0,10702.78515625,10702.78515625,
3,276,13801,0,0,0,10364.640625,10364.640625,
3,277,13801,0,0,0,11780.3623046875,11780.3623046875,
3,278,13801,0,0,0,10089.205078125,10089.205078125,
3,279,13801,0,0,0,9675.7255859375,9675.7255859375,
3,280,13801,0,0,0,10664.251953125,10664.251953125,
3,281,13801,0,0,0,9902.5263671875,9902.5263671875,
3,282,13801,0,0,0,9770.71875,9770.71875,
3,283,13801,0,0,0,10690.1748046875,10690.1748046875,
3,284,13801,0,0,0,11583.0712890625,11583.0712890625,
3,285,13801,0,0,0,11672.7099609375,11672.7099609375,
3,286,13801,0,0,0,10552.5615234375,10552.5615234375,
3,287,13801,0,0,0,11662.1318359375,11662.1318359375,
3,288,13801,0,0,0,10227.2470703125,10227.2470703125,
3,289,13801,0,0,0,10366.9638671875,10366.9638671875,
3,290,13801,0,0,0,9984.892578125,9984.892578125,
3,291,13801,0,0,0,9828.3369140625,9828.3369140625,
3,292,13801,0,0,0,10110.4755859375,10110.4755859375,
3,293,13801,0,0,0,9690.291015625,9690.291015625,
3,294,13801,0,0,0,10491.8876953125,10491.8876953125,
3,295,13801,0,0,0,9891.884765625,9891.884765625,
3,296,13801,0,0,0,11341.1552734375,11341.1552734375,
3,297,13801,0,0,0,12149.44140625,12149.44140625,
3,298,13801,0,0,0,12144.6240234375,12144.6240234375,
3,299,13801,0,0,0,10121.9892578125,10121.9892578125,
3,300,13801,0,0,0,10538.1318359375,10538.1318359375,
4,1,13801,0,0,1,18227.181640625,18227.181640625,
4,2,13801,0,1,9,21751.482421875,19925.091796875,3876
4,3,4680,0,0,0,13360.41796875,13360.41796875,
4,4,13801,0,0,0,16995.30859375,16995.30859375,
4,5,13801,0,0,0,15247.9638671875,15247.9638671875,
4,6,13801,0,0,0,14037.7568359375,14037.7568359375,
4,7,13801,0,0,0,13013.2333984375,13013.2333984375,
4,8,13801,0,0,0,13345.2548828125,13345.2548828125,
4,9,13801,0,0,0,13038.7119140625,13038.7119140625,
4,10,13801,0,0,0,14225.98828125,14225.98828125,
4,11,13801,0,0,0,13335.1396484375,13335.1396484375,
4,12,13801,0,0,0,15057.28125,15057.28125,
4,13,13801,0,0,0,13489.1796875,13489.1796875,
4,14,13801,0,0,0,12841.7607421875,12841.7607421875,
4,15,13801,0,0,0,13614.8212890625,13614.8212890625,
4,16,13801,0,0,0,13104.869140625,13104.869140625,
4,17,13801,0,0,0,13503.408203125,13503.408203125,
4,18,13801,0,0,0,12854.27734375,12854.27734375,
4,19,13801,0,0,0,12824.36328125,12824.36328125,
4,20,13801,0,0,0,13387.6748046875,13387.6748046875,
4,21,13801,0,0,2,16819.796875,16819.796875,
4,22,13801,0,0,0,13441.1123046875,13441.1123046875,
4,23,13801,0,0,0,12387.986328125,12387.986328125,
4,24,13801,0,0,0,15648.267578125,15648.267578125,
4,25,13801,0,0,0,12343.1748046875,12343.1748046875,
4,26,13801,0,0,0,13808.04296875,13808.04296875,
4,27,13801,0,0,0,15858.2353515625,15858.2353515625,
4,28,13801,0,0,0,12538.1357421875,12538.1357421875,
4,29,13801,0,1,2,22442.849609375,22442.849609375,9764
4,30,13801,0,0,0,14966.44140625,14966.44140625,
4,31,13801,0,0,0,12234.8837890625,12234.8837890625,
4,32,13801,0,0,0,15243.0517578125,15243.0517578125,
4,33,13801,0,0,0,12685.0283203125,12685.0283203125,
4,34,13801,0,0,1,16481.3671875,16481.3671875,
4,35,13801,0,0,0,13490.7978515625,13490.7978515625,
4,36,13801,0,0,0,12225.7998046875,12225.7998046875,
4,37,13801,0,0,1,15610.373046875,15610.373046875,
4,38,13801,0,0,0,16575.46484375,16575.46484375,
4,39,13801,0,0,0,13586.13671875,13586.13671875,
4,40,13801,0,0,0,12654.171875,12654.171875,
4,41,13801,0,0,0,16270.0830078125,16270.0830078125,
4,42,13801,0,0,0,14068.4306640625,14068.4306640625,
4,43,13801,0,0,0,13586.8759765625,13586.8759765625,
4,44,13801,0,0,0,12738.5419921875,12738.5419921875,
4,45,13801,0,8,13,138818.390625,138818.390625,702 2043 9755 10229 10234 10238 10256 10259
4,46,13801,0,0,0,15656.7041015625,15656.7041015625,
4,47,13801,0,0,0,12998.283203125,12998.283203125,
4,48,13801,0,0,0,14963.0263671875,14963.0263671875,
4,49,13801,0,0,0,13096.896484375,13096.896484375,
4,50,13801,0,0,0,12318.90234375,12318.90234375,
4,51,13801,0,0,0,13178.7138671875,13178.7138671875,
4,52,13801,0,0,0,13212.9990234375,13212.9990234375,
4,53,13801,0,0,0,15853.5615234375,15853.5615234375,
4,54,13801,0,0,0,12519.5810546875,12519.5810546875,
4,55,13801,0,0,0,12285.833984375,12285.833984375,
4,56,13801,0,0,1,20458.681640625,20458.681640625,
4,57,13801,0,0,0,15047.0576171875,15047.0576171875,
4,58,13801,0,0,0,12634.6181640625,12634.6181640625,
4,59,13801,0,0,1,19283.43359375,19283.43359375,
4,60,13801,0,0,0,12631.44140625,12631.44140625,
4,61,13801,0,0,0,14405.8466796875,14405.8466796875,
4,62,13801,0,0,0,12718.3701171875,12718.3701171875,
4,63,13801,0,0,0,12842.87890625,12842.87890625,
4,64,13801,0,0,10,20931.48828125,20931.48828125,
4,65,13801,0,0,5,19281.8203125,19281.8203125,
4,66,13801,0,0,0,14850.072265625,14850.072265625,
4,67,13801,0,0,0,16948.55859375,16948.55859375,
4,68,13801,0,0,0,16669.634765625,16669.634765625,
4,69,13801,0,0,0,15204.216796875,15204.216796875,
4,70,13801,0,0,0,14767.8974609375,14767.8974609375,
4,71,13801,0,0,0,15276.3681640625,15276.3681640625,
4,72,13801,0,1,1,19012.447265625,19012.447265625,5356
4,73,13801,0,0,0,18191.484375,18191.484375,
4,74,13801,0,0,0,12342.7646484375,12342.7646484375,
4,75,13801,0,0,0,13460.171875,13460.171875,
4,76,13801,0,0,0,12990.8701171875,12990.8701171875,
4,77,13801,0,0,0,12893.654296875,12893.654296875,
4,78,13801,0,0,0,13044.931640625,13044.931640625,
4,79,13801,0,1,7,18317.125,18269.28125,2070
4,80,13801,0,0,0,15036.5283203125,15036.5283203125,
4,81,13801,0,0,0,16219.5478515625,16219.5478515625,
4,82,13801,0,0,0,11977.9501953125,11977.9501953125,
4,83,13801,0,0,0,16358.6484375,16358.6484375,
4,84,13801,0,0,0,12385.447265625,12385.447265625,
4,85,13801,0,0,0,13680.03125,13680.03125,
4,86,13801,0,0,0,13132.841796875,13132.841796875,
4,87,13801,0,0,0,12074.2548828125,12074.2548828125,
4,88,13801,0,0,0,15610.1171875,15610.1171875,
4,89,13801,0,0,3,18117.4453125,18117.4453125,
4,90,13801,0,0,0,12117.4931640625,12117.4931640625,
4,91,13801,0,0,0,13009.5048828125,13009.5048828125,
4,92,13801,0,0,0,12052.82421875,12052.82421875,
4,93,13801,0,0,0,13106.5146484375,13106.5146484375,
4,94,13801,0,0,0,12875.236328125,12875.236328125,
4,95,13801,0,0,0,13435.1611328125,13435.1611328125,
4,96,13801,0,0,0,15705.3076171875,15705.3076171875,
4,97,13801,0,0,0,14840.5712890625,14840.5712890625,
4,98,13801,0,0,0,12013.423828125,12013.423828125,
4,99,13801,0,1,2,17803.49609375,17803.49609375,9767
4,100,13801,0,0,0,14538.576171875,14538.576171875,
4,101,13801,0,0,0,13721.2119140625,13721.2119140625,
4,102,13801,0,0,0,14253.9736328125,14253.9736328125,
4,103,13801,0,0,0,13239.44140625,13239.44140625,
4,104,13801,0,0,0,14133.119140625,14133.119140625,
4,105,13801,0,0,0,16003.6474609375,16003.6474609375,
4,106,13801,0,0,0,13040.880859375,13040.880859375,
4,107,13801,0,0,0,15868.052734375,15868.052734375,
4,108,13801,0,0,0,12752.970703125,12752.970703125,
4,109,13801,0,0,0,12325.412109375,12325.412109375,
4,110,13801,0,0,0,14106.2958984375,14106.2958984375,
4,111,13801,0,0,0,12454.8251953125,12454.8251953125,
4,112,13801,0,0,0,12643.0166015625,12643.0166015625,
4,113,13801,0,0,0,14759.611328125,14759.611328125,
4,114,13801,0,4,6,19108.19140625,18178.205078125,1845 10221 10237 12801
4,115,13801,0,0,0,14878.935546875,14878.935546875,
4,116,13801,0,0,0,12958.958984375,12958.958984375,
4,117,13801,0,0,2,17433.009765625,17433.009765625,
4,118,13801,0,0,0,13100.173828125,13100.173828125,
4,119,13801,0,0,0,13141.1787109375,13141.1787109375,
4,120,13801,0,0,0,13085.046875,13085.046875,
4,121,13801,0,0,0,12313.21484375,12313.21484375,
4,122,13801,0,0,0,15327.4072265625,15327.4072265625,
4,123,13801,0,0,0,14293.068359375,14293.068359375,
4,124,13801,0,0,0,15189.68359375,15189.68359375,
4,125,13801,0,0,0,15234.3642578125,15234.3642578125,
4,126,13801,0,0,0,13047.6904296875,13047.6904296875,
4,127,13801,0,0,2,16346.158203125,16346.158203125,
4,128,13801,0,0,0,12352.48828125,12352.48828125,
4,129,13801,0,0,0,13225.93359375,13225.93359375,
4,130,13801,0,0,0,13431.30859375,13431.30859375,
4,131,13801,0,0,0,14221.587890625,14221.587890625,
4,132,13801,0,0,0,12715.6494140625,12715.6494140625,
4,133,13801,0,5,5,323613.9375,61414.1640625,7569 9757 9758 9760 12632
4,134,13801,0,0,0,14934.517578125,14934.517578125,
4,135,13801,0,0,10,22691.271484375,20022.724609375,
4,136,13801,0,0,0,15881.1357421875,15881.1357421875,
4,137,13801,0,0,1,20107.69921875,20107.69921875,
4,138,13801,0,0,0,15744.369140625,15744.369140625,
4,139,13801,0,0,0,15501.8828125,15501.8828125,
4,140,13801,0,0,0,13296.5322265625,13296.5322265625,
4,141,13801,0,0,0,12094.927734375,12094.927734375,
4,142,13801,0,0,0,16299.779296875,16299.779296875,
4,143,13801,0,0,0,15273.7373046875,15273.7373046875,
4,144,13801,0,0,0,13149.2666015625,13149.2666015625,
4,145,13801,0,0,0,13507.10546875,13507.10546875,
4,146,13801,0,0,0,12815.548828125,12815.548828125,
4,147,13801,0,0,0,15484.3935546875,15484.3935546875,
4,148,13801,0,0,0,12374.884765625,12374.884765625,
4,149,13801,0,0,0,16349.181640625,16349.181640625,
4,150,13801,0,0,0,12536.5673828125,12536.5673828125,
4,151,13801,0,0,0,13452.5712890625,13452.5712890625,
4,152,13801,0,0,0,13186.982421875,13186.982421875,
4,153,13801,0,0,0,13040.5224609375,13040.5224609375,
4,154,13801,0,0,0,12963.482421875,12963.482421875,
4,155,13801,0,0,0,13443.46875,13443.46875,
4,156,13801,0,0,0,12343.0556640625,12343.0556640625,
4,157,13801,0,0,0,13614.1689453125,13614.1689453125,
4,158,13801,0,0,0,15041.287109375,15041.287109375,
4,159,13801,0,0,0,13224.326171875,13224.326171875,
4,160,13801,0,0,0,12686.69921875,12686.69921875,
4,161,13801,0,0,0,16397.947265625,16397.947265625,
4,162,13801,0,0,0,14073.7451171875,14073.7451171875,
4,163,13801,0,0,0,12243.794921875,12243.794921875,
4,164,13801,0,4,11,294703.65625,22087.12109375,7575 8760 8770 8775
4,165,13801,0,0,0,14327.40625,14327.40625,
4,166,13801,0,0,0,12758.26171875,12758.26171875,
4,167,13801,0,0,0,15962.1484375,15962.1484375,
4,168,13801,0,0,0,12355.5341796875,12355.5341796875,
4,169,13801,0,0,0,16126.0419921875,16126.0419921875,
4,170,13801,0,0,0,13487.6083984375,13487.6083984375,
4,171,13801,0,0,0,13911.8251953125,13911.8251953125,
4,172,13801,0,0,0,15175.4306640625,15175.4306640625,
4,173,13801,0,0,0,12480.0146484375,12480.0146484375,
4,174,13801,0,0,0,16386.369140625,16386.369140625,
4,175,13801,0,0,0,13749.2197265625,13749.2197265625,
4,176,13801,0,0,0,14346.0458984375,14346.0458984375,
4,177,13801,0,0,0,15380.7353515625,15380.7353515625,
4,178,13801,0,0,0,13369.05859375,13369.05859375,
4,179,13801,0,0,0,15465.2275390625,15465.2275390625,
4,180,13801,0,0,0,14811.3369140625,14811.3369140625,
4,181,13801,0,0,0,15446.380859375,15446.380859375,
4,182,13801,0,0,0,16064.2802734375,16064.2802734375,
4,183,13801,0,0,0,14408.0048828125,14408.0048828125,
4,184,13801,0,0,0,15148.1318359375,15148.1318359375,
4,185,13801,0,0,0,13200.7353515625,13200.7353515625,
4,186,13801,0,1,7,22945.83984375,20270.46484375,1950
4,187,13801,0,0,2,16719.28515625,16719.28515625,
4,188,13801,0,0,0,13993.2880859375,13993.2880859375,
4,189,13801,0,0,0,13469.3486328125,13469.3486328125,
4,190,13801,0,0,1,17885.171875,17885.171875,
4,191,13801,0,0,0,14808.59375,14808.59375,
4,192,13801,0,0,0,14833.8583984375,14833.8583984375,
4,193,13801,0,0,0,13984.58203125,13984.58203125,
4,194,13801,0,0,0,12864.615234375,12864.615234375,
4,195,13801,0,0,2,24390.912109375,24390.912109375,
4,196,13801,0,0,0,13629.546875,13629.546875,
4,197,13801,0,0,0,12047.25390625,12047.25390625,
4,198,13801,0,0,0,13732.6162109375,13732.6162109375,
4,199,13801,0,0,0,13386.6552734375,13386.6552734375,
4,200,13801,0,0,0,13255.646484375,13255.646484375,
4,201,13801,0,0,0,14868.7197265625,14868.7197265625,
4,202,13801,0,0,0,13185.5615234375,13185.5615234375,
4,203,13801,0,0,0,15192.271484375,15192.271484375,
4,204,13801,0,0,1,16367.080078125,16367.080078125,
4,205,13801,0,0,0,13048.9033203125,13048.9033203125,
4,206,13801,0,0,0,12658.046875,12658.046875,
4,207,13801,0,0,3,19342.986328125,19342.986328125,
4,208,13801,0,0,0,16040.4580078125,16040.4580078125,
4,209,13801,0,0,0,13113.189453125,13113.189453125,
4,210,13801,0,0,0,13247.6640625,13247.6640625,
4,211,13801,0,0,0,13519.9521484375,13519.9521484375,
4,212,13801,0,0,0,12287.0498046875,12287.0498046875,
4,213,13801,0,0,0,12841.27734375,12841.27734375,
4,214,13801,0,0,3,17833.302734375,17833.302734375,
4,215,13801,0,0,0,12644.0791015625,12644.0791015625,
4,216,13801,0,0,0,13967.46484375,13967.46484375,
4,217,13801,0,0,0,16001.798828125,16001.798828125,
4,218,13801,0,0,0,13965.845703125,13965.845703125,
4,219,13801,0,0,0,12679.798828125,12679.798828125,
4,220,13801,0,0,0,12596.1328125,12596.1328125,
4,221,13801,0,0,0,12714.404296875,12714.404296875,
4,222,13801,0,0,2,16967.19140625,16967.19140625,
4,223,13801,0,0,0,11601.0791015625,11601.0791015625,
4,224,13801,0,0,0,13447.2861328125,13447.2861328125,
4,225,13801,0,0,0,12400.14453125,12400.14453125,
4,226,13801,0,0,0,16611.904296875,16611.904296875,
4,227,13801,0,0,0,13718.5048828125,13718.5048828125,
4,228,13801,0,0,0,13896.009765625,13896.009765625,
4,229,13801,0,0,0,16277.6611328125,16277.6611328125,
4,230,13801,0,0,0,12405.9970703125,12405.9970703125,
4,231,13801,0,0,0,13314.2216796875,13314.2216796875,
4,232,13801,0,0,0,12657.9345703125,12657.9345703125,
4,233,13801,0,0,0,14944.2255859375,14944.2255859375,
4,234,13801,0,0,0,13110.3115234375,13110.3115234375,
4,235,13801,0,0,0,13663.142578125,13663.142578125,
4,236,13801,0,0,0,12356.630859375,12356.630859375,
4,237,13801,0,0,0,13792.998046875,13792.998046875,
4,238,13801,0,0,0,14595.701171875,14595.701171875,
4,239,13801,0,2,9,23795.109375,19483.232421875,6954 8114
4,240,13801,0,0,0,14189.6982421875,14189.6982421875,
4,241,13801,0,0,0,12591.9208984375,12591.9208984375,
4,242,13801,0,0,0,12530.712890625,12530.712890625,
4,243,13801,0,0,5,19967.2265625,19967.2265625,
4,244,13801,0,0,0,14885.59375,14885.59375,
4,245,13801,0,0,0,12352.8330078125,12352.8330078125,
4,246,13801,0,0,0,13949.478515625,13949.478515625,
4,247,13801,0,0,0,15006.2412109375,15006.2412109375,
4,248,13801,0,0,0,12311.515625,12311.515625,
4,249,13801,0,0,0,13547.1884765625,13547.1884765625,
4,250,13801,0,0,0,13463.455078125,13463.455078125,
4,251,13801,0,0,0,15803.724609375,15803.724609375,
4,252,13801,0,0,0,12472.66796875,12472.66796875,
4,253,13801,0,0,0,13113.4091796875,13113.4091796875,
4,254,13801,0,0,0,13487.06640625,13487.06640625,
4,255,13801,0,0,0,14267.8388671875,14267.8388671875,
4,256,13801,0,0,0,14306.744140625,14306.744140625,
4,257,13801,0,0,0,13175.3173828125,13175.3173828125,
4,258,13801,0,0,0,12409.5185546875,12409.5185546875,
4,259,13801,0,0,0,14021.6962890625,14021.6962890625,
4,260,13801,0,0,0,14674.1083984375,14674.1083984375,
4,261,13801,0,0,0,14804.099609375,14804.099609375,
4,262,13801,0,0,0,13132.6435546875,13132.6435546875,
4,263,13801,0,0,0,13598.587890625,13598.587890625,
4,264,13801,0,0,0,13247.3056640625,13247.3056640625,
4,265,13801,0,0,0,13777.6572265625,13777.6572265625,
4,266,13801,0,0,0,13937.6318359375,13937.6318359375,
4,267,13801,0,0,0,15017.2998046875,15017.2998046875,
4,268,13801,0,0,0,13295.9658203125,13295.9658203125,
4,269,13801,0,0,0,12324.2236328125,12324.2236328125,
4,270,13801,0,2,12,21473.271484375,21192.376953125,701 2154
4,271,13801,0,0,0,14870.205078125,14870.205078125,
4,272,13801,0,0,0,12224.3828125,12224.3828125,
4,273,13801,0,0,0,13685.6123046875,13685.6123046875,
4,274,13801,0,0,0,12752.5576171875,12752.5576171875,
4,275,13801,0,0,0,14984.99609375,14984.99609375,
4,276,13801,0,0,0,14946.3203125,14946.3203125,
4,277,13801,0,0,0,14234.26953125,14234.26953125,
4,278,13801,0,0,0,12993.5029296875,12993.5029296875,
4,279,13801,0,0,0,12280.5703125,12280.5703125,
4,280,13801,0,0,0,12586.939453125,12586.939453125,
4,281,13801,0,0,0,14385.087890625,14385.087890625,
4,282,13801,0,0,0,12393.07421875,12393.07421875,
4,283,13801,0,0,0,12772.697265625,12772.697265625,
4,284,13801,0,0,0,15424.0341796875,15424.0341796875,
4,285,13801,0,0,0,15267.4130859375,15267.4130859375,
4,286,13801,0,0,0,12835.6826171875,12835.6826171875,
4,287,13801,0,0,0,13149.75,13149.75,
4,288,13801,0,0,0,12081.3349609375,12081.3349609375,
4,289,13801,0,0,0,14603.533203125,14603.533203125,
4,290,13801,0,0,0,12985.3154296875,12985.3154296875,
4,291,13801,0,0,0,12492.5078125,12492.5078125,
4,292,13801,0,0,0,12222.587890625,12222.587890625,
4,293,13801,0,0,0,14509.095703125,14509.095703125,
4,294,13801,0,0,0,12933.482421875,12933.482421875,
4,295,13801,0,0,0,12677.48828125,12677.48828125,
4,296,13801,0,1,12,21417.275390625,19887.7734375,9759
4,297,13801,0,0,0,15219.392578125,15219.392578125,
4,298,13801,0,0,0,12921.0107421875,12921.0107421875,
4,299,13801,0,0,0,12963.970703125,12963.970703125,
4,300,13801,0,0,2,17578.2421875,17578.2421875,
5,1,13801,0,0,0,12174.2744140625,12174.2744140625,
5,2,13801,0,0,0,11215.1337890625,11215.1337890625,
5,3,13801,0,0,0,14427.3017578125,14427.3017578125,
5,4,13801,0,0,0,11575.5322265625,11575.5322265625,
5,5,13801,0,0,0,11900.36328125,11900.36328125,
5,6,13801,0,0,0,11383.939453125,11383.939453125,
5,7,13801,0,0,0,10662.7724609375,10662.7724609375,
5,8,13801,0,0,0,13383.4580078125,13383.4580078125,
5,9,13801,0,0,0,12222.3310546875,12222.3310546875,
5,10,13801,0,0,0,10666.8984375,10666.8984375,
5,11,13801,0,0,0,11767.8251953125,11767.8251953125,
5,12,13801,0,0,0,13205.08984375,13205.08984375,
5,13,13801,0,0,0,13265.224609375,13265.224609375,
5,14,13801,0,0,0,13165.908203125,13165.908203125,
5,15,13801,0,0,0,10904.560546875,10904.560546875,
5,16,13801,0,0,0,12912.28515625,12912.28515625,
5,17,13801,0,0,0,12126.455078125,12126.455078125,
5,18,13801,0,0,0,12173.9501953125,12173.9501953125,
5,19,13801,0,1,0,13401.59375,13401.59375,7565
5,20,13801,0,0,0,11015.9521484375,11015.9521484375,
5,21,13801,0,0,0,11518.6630859375,11518.6630859375,
5,22,13801,0,2,7,17001.09375,15954.740234375,744 10224
5,23,13801,0,0,0,10664.84765625,10664.84765625,
5,24,13801,0,0,0,11964.7314453125,11964.7314453125,
5,25,13801,0,0,0,11878.146484375,11878.146484375,
5,26,13801,0,0,0,10888.0048828125,10888.0048828125,
5,27,13801,0,0,0,10616.6171875,10616.6171875,
5,28,13801,0,0,0,11209.052734375,11209.052734375,
5,29,13801,0,0,0,11871.4580078125,11871.4580078125,
5,30,13801,0,0,0,10718.1826171875,10718.1826171875,
5,31,13801,0,9,13,41219.453125,19287.685546875,8956 8958 8966 8969 8975 8976 8978 8987 11045
5,32,13801,0,0,0,11045.361328125,11045.361328125,
5,33,13801,0,0,0,11137.0234375,11137.0234375,
5,34,13801,0,0,0,11595.1767578125,11595.1767578125,
5,35,13801,0,14,17,261047632.0,2311683.5,8926 8928 8934 8940 8946 8948 8951 8960 8966 8968 8971 8986 8992 9143
5,36,13801,0,0,0,11472.880859375,11472.880859375,
5,37,13801,0,0,0,11286.892578125,11286.892578125,
5,38,13801,0,0,0,12932.6748046875,12932.6748046875,
5,39,13801,0,0,0,10511.84375,10511.84375,
5,40,13801,0,0,0,11601.263671875,11601.263671875,
5,41,13801,0,0,0,11100.6376953125,11100.6376953125,
5,42,13801,0,0,0,10712.947265625,10712.947265625,
5,43,13801,0,0,0,11461.310546875,11461.310546875,
5,44,13801,0,0,0,12352.787109375,12352.787109375,
5,45,13801,0,0,0,12375.2666015625,12375.2666015625,
5,46,13801,0,19,16,79417458688.0,150296.546875,1954 1956 1958 1959 1963 1968 1969 1970 1971 1974 1975 1978 1979 1981 1988 1996 2000 6584 8958
5,47,13801,0,0,0,10739.7099609375,10739.7099609375,
5,48,13801,0,0,1,13979.3076171875,13979.3076171875,
5,49,13801,0,0,0,11657.8095703125,11657.8095703125,
5,50,13801,0,0,0,12507.0556640625,12507.0556640625,
5,51,13801,0,0,0,10706.4423828125,10706.4423828125,
5,52,13801,0,0,0,12652.59765625,12652.59765625,
5,53,13801,0,0,0,10896.3896484375,10896.3896484375,
5,54,13801,0,0,0,11362.6240234375,11362.6240234375,
5,55,13801,0,0,0,12492.580078125,12492.580078125,
5,56,13801,0,0,0,11988.2373046875,11988.2373046875,
5,57,13801,0,0,1,14931.06640625,14931.06640625,
5,58,13801,0,0,0,11190.37890625,11190.37890625,
5,59,13801,0,0,0,10733.7314453125,10733.7314453125,
5,60,13801,0,0,0,11953.9677734375,11953.9677734375,
5,61,13801,0,0,0,10713.3466796875,10713.3466796875,
5,62,13801,0,0,0,10888.1650390625,10888.1650390625,
5,63,13801,0,0,0,10805.697265625,10805.697265625,
5,64,13801,0,0,0,11893.564453125,11893.564453125,
5,65,13801,0,0,0,11945.2109375,11945.2109375,
5,66,13801,0,0,0,13671.1796875,13671.1796875,
5,67,13801,0,0,0,10853.888671875,10853.888671875,
5,68,13801,0,0,0,10671.060546875,10671.060546875,
5,69,13801,0,0,0,11676.9443359375,11676.9443359375,
5,70,13801,0,0,0,11186.5859375,11186.5859375,
5,71,13801,0,0,0,12619.4658203125,12619.4658203125,
5,72,13801,0,0,0,12716.470703125,12716.470703125,
5,73,13801,0,0,0,11129.44921875,11129.44921875,
5,74,13801,0,0,0,12150.0947265625,12150.0947265625,
5,75,13801,0,0,0,13437.7255859375,13437.7255859375,
5,76,13801,0,0,0,10934.4736328125,10934.4736328125,
5,77,13801,0,0,1,15581.7060546875,15581.7060546875,
5,78,13801,0,0,0,12852.5947265625,12852.5947265625,
5,79,13801,0,0,0,11184.1826171875,11184.1826171875,
5,80,13801,0,0,0,11498.158203125,11498.158203125,
5,81,13801,0,0,0,11021.326171875,11021.326171875,
5,82,13801,0,0,0,12126.3740234375,12126.3740234375,
5,83,13801,0,0,0,10849.3828125,10849.3828125,
5,84,13801,0,0,0,11129.236328125,11129.236328125,
5,85,13801,0,0,0,11641.7353515625,11641.7353515625,
5,86,13801,0,0,0,11511.8515625,11511.8515625,
5,87,13801,0,0,0,13567.044921875,13567.044921875,
5,88,13801,0,0,0,11230.0634765625,11230.0634765625,
5,89,13801,0,0,0,13042.037109375,13042.037109375,
5,90,13801,0,0,0,10913.0986328125,10913.0986328125,
5,91,13801,0,0,0,13093.4765625,13093.4765625,
5,92,13801,0,0,0,14203.09375,14203.09375,
5,93,13801,0,0,0,11652.4931640625,11652.4931640625,
5,94,13801,0,0,0,12273.5439453125,12273.5439453125,
5,95,13801,0,0,0,10597.181640625,10597.181640625,
5,96,13801,0,0,0,13654.6806640625,13654.6806640625,
5,97,13801,0,0,2,14978.5986328125,14978.5986328125,
5,98,13801,0,0,0,11506.3466796875,11506.3466796875,
5,99,13801,0,0,0,10790.060546875,10790.060546875,
5,100,13801,0,0,0,11466.9208984375,11466.9208984375,
5,101,13801,0,0,0,11964.5810546875,11964.5810546875,
5,102,13801,0,0,0,11198.9267578125,11198.9267578125,
5,103,13801,0,0,0,13129.3759765625,13129.3759765625,
5,104,13801,0,0,0,10941.900390625,10941.900390625,
5,105,13801,0,0,1,14760.5419921875,14760.5419921875,
5,106,13801,0,0,0,11899.9609375,11899.9609375,
5,107,13801,0,0,0,13313.908203125,13313.908203125,
5,108,13801,0,2,10,48645.73046875,48645.73046875,13414 13415
5,109,13801,0,0,0,11920.76953125,11920.76953125,
5,110,13801,0,0,0,11065.0849609375,11065.0849609375,
5,111,13801,0,0,0,11070.0009765625,11070.0009765625,
5,112,13801,0,0,0,11580.3642578125,11580.3642578125,
5,113,13801,0,0,0,11285.2548828125,11285.2548828125,
5,114,13801,0,0,0,12323.5380859375,12323.5380859375,
5,115,13801,0,0,0,11415.529296875,11415.529296875,
5,116,13801,0,0,0,12668.70703125,12668.70703125,
5,117,13801,0,0,0,12724.626953125,12724.626953125,
5,118,13801,0,0,0,13738.861328125,13738.861328125,
5,119,13801,0,0,0,12641.0478515625,12641.0478515625,
5,120,13801,0,0,0,11354.4384765625,11354.4384765625,
5,121,13801,0,0,0,11915.658203125,11915.658203125,
5,122,13801,0,0,0,10921.6806640625,10921.6806640625,
5,123,13801,0,0,0,11065.359375,11065.359375,
5,124,13801,0,0,0,10703.6298828125,10703.6298828125,
5,125,13801,0,0,0,12191.3291015625,12191.3291015625,
5,126,13801,0,0,0,10927.62109375,10927.62109375,
5,127,13801,0,0,0,11708.6640625,11708.6640625,
5,128,13801,0,0,3,16462.333984375,16282.07421875,
5,129,13801,0,0,0,11544.5888671875,11544.5888671875,
5,130,13801,0,0,0,14130.611328125,14130.611328125,
5,131,13801,0,0,0,11674.6982421875,11674.6982421875,
5,132,13801,0,0,0,12064.8583984375,12064.8583984375,
5,133,13801,0,1,1,16373.0595703125,16373.0595703125,7565
5,134,13801,0,0,0,13364.9169921875,13364.9169921875,
5,135,13801,0,0,0,11631.2470703125,11631.2470703125,
5,136,13801,0,0,0,13272.8447265625,13272.8447265625,
5,137,13801,0,0,0,11571.462890625,11571.462890625,
5,138,13801,0,0,0,10765.2626953125,10765.2626953125,
5,139,13801,0,0,0,11237.9658203125,11237.9658203125,
5,140,13801,0,0,0,14207.390625,14207.390625,
5,141,13801,0,0,0,10847.490234375,10847.490234375,
5,142,13801,0,0,0,11671.8447265625,11671.8447265625,
5,143,13801,0,0,1,14531.14453125,14531.14453125,
5,144,13801,0,0,0,11968.78125,11968.78125,
5,145,13801,0,0,0,11847.90625,11847.90625,
5,146,13801,0,0,0,11293.2548828125,11293.2548828125,
5,147,13801,0,0,0,12780.7412109375,12780.7412109375,
5,148,13801,0,0,0,11633.6318359375,11633.6318359375,
5,149,13801,0,0,0,11866.1171875,11866.1171875,
5,150,13801,0,0,0,10997.546875,10997.546875,
5,151,13801,0,0,0,12966.68359375,12966.68359375,
5,152,13801,0,0,0,10689.5576171875,10689.5576171875,
5,153,13801,0,0,0,11707.939453125,11707.939453125,
5,154,13801,0,0,0,12506.25390625,12506.25390625,
5,155,13801,0,0,0,13470.8974609375,13470.8974609375,
5,156,13801,0,0,0,10677.0693359375,10677.0693359375,
5,157,13801,0,0,0,12000.5263671875,12000.5263671875,
5,158,13801,0,0,0,10895.8291015625,10895.8291015625,
5,159,13801,0,0,0,11805.240234375,11805.240234375,
5,160,13801,0,0,0,12190.365234375,12190.365234375,
5,161,13801,0,0,0,10656.955078125,10656.955078125,
5,162,13801,0,0,0,10720.6748046875,10720.6748046875,
5,163,13801,0,0,0,11981.462890625,11981.462890625,
5,164,13801,0,0,0,13226.61328125,13226.61328125,
5,165,13801,0,0,0,11414.1962890625,11414.1962890625,
5,166,13801,0,0,0,10810.87109375,10810.87109375,
5,167,13801,0,0,0,12611.8359375,12611.8359375,
5,168,13801,0,0,0,14814.271484375,14814.271484375,
5,169,13801,0,0,0,12686.4306640625,12686.4306640625,
5,170,13801,0,0,0,13391.7041015625,13391.7041015625,
5,171,13801,0,0,2,17426.947265625,17426.947265625,
5,172,13801,0,0,0,10643.5224609375,10643.5224609375,
5,173,13801,0,0,0,13520.6171875,13520.6171875,
5,174,13801,0,0,0,12916.646484375,12916.646484375,
5,175,13801,0,0,0,10847.466796875,10847.466796875,
5,176,13801,0,0,0,10733.44921875,10733.44921875,
5,177,13801,0,0,0,12432.4287109375,12432.4287109375,
5,178,13801,0,0,1,13955.5712890625,13955.5712890625,
5,179,13801,0,0,0,11042.345703125,11042.345703125,
5,180,13801,0,0,0,10647.2763671875,10647.2763671875,
5,181,13801,0,0,0,12347.560546875,12347.560546875,
5,182,13801,0,0,0,11735.5224609375,11735.5224609375,
5,183,13801,0,0,2,14454.3916015625,14454.3916015625,
5,184,13801,0,0,0,12560.4267578125,12560.4267578125,
5,185,13801,0,0,0,11538.3994140625,11538.3994140625,
5,186,13801,0,0,0,11036.50390625,11036.50390625,
5,187,13801,0,0,0,10990.5126953125,10990.5126953125,
5,188,13801,0,0,0,12864.80859375,12864.80859375,
5,189,13801,0,0,0,10920.080078125,10920.080078125,
5,190,13801,0,0,0,12054.7099609375,12054.7099609375,
5,191,13801,0,0,0,11748.51171875,11748.51171875,
5,192,13801,0,0,0,13277.982421875,13277.982421875,
5,193,13801,0,0,0,10689.595703125,10689.595703125,
5,194,13801,0,6,4,70346.625,27077.23828125,1957 1962 1965 1972 10478 10482
5,195,13801,0,0,0,12371.111328125,12371.111328125,
5,196,13801,0,0,0,11675.3583984375,11675.3583984375,
5,197,13801,0,11,9,64839.7421875,19717.3125,8951 8953 8955 8956 8959 8963 8965 8968 8970 9009 10599
5,198,13801,0,0,0,13777.830078125,13777.830078125,
5,199,13801,0,0,0,10532.1826171875,10532.1826171875,
5,200,13801,0,0,0,11779.5302734375,11779.5302734375,
5,201,13801,0,0,2,14620.2744140625,14620.2744140625,
5,202,626,0,1,2,921545899769856.0,921545899769856.0,620
5,203,13801,0,0,0,11873.4560546875,11873.4560546875,
5,204,13801,0,0,0,11911.4501953125,11911.4501953125,
5,205,13801,0,0,0,13556.1064453125,13556.1064453125,
5,206,13801,0,0,0,10619.3681640625,10619.3681640625,
5,207,13801,0,0,1,15900.212890625,15900.212890625,
5,208,13801,0,0,0,10583.2890625,10583.2890625,
5,209,13801,0,0,0,11863.0595703125,11863.0595703125,
5,210,13801,0,0,0,13768.392578125,13768.392578125,
5,211,13801,0,0,1,16224.6787109375,16224.6787109375,
5,212,13801,0,0,0,11230.9013671875,11230.9013671875,
5,213,13801,0,0,1,14701.015625,14701.015625,
5,214,13801,0,0,0,11728.9853515625,11728.9853515625,
5,215,13801,0,0,0,13657.46875,13657.46875,
5,216,13801,0,0,0,11759.3388671875,11759.3388671875,
5,217,13801,0,0,0,13582.4990234375,13582.4990234375,
5,218,13801,0,0,0,11459.4482421875,11459.4482421875,
5,219,13801,0,0,0,12487.5263671875,12487.5263671875,
5,220,13801,0,0,0,10878.7890625,10878.7890625,
5,221,13801,0,0,0,10906.3447265625,10906.3447265625,
5,222,13801,0,0,0,12181.0224609375,12181.0224609375,
5,223,13801,0,0,0,12379.5390625,12379.5390625,
5,224,13801,0,2,7,26371.384765625,20613.966796875,2576 8111
5,225,13801,0,0,0,14202.1591796875,14202.1591796875,
5,226,13801,0,0,0,10830.0361328125,10830.0361328125,
5,227,13801,0,0,0,12054.5869140625,12054.5869140625,
5,228,13801,0,0,0,11317.517578125,11317.517578125,
5,229,13801,0,0,0,11785.80078125,11785.80078125,
5,230,13801,0,0,0,14521.44140625,14521.44140625,
5,231,13801,0,0,2,15618.8798828125,15618.8798828125,
5,232,13801,0,3,6,17235.6484375,17235.6484375,8957 8960 8961
5,233,13801,0,0,0,12107.7939453125,12107.7939453125,
5,234,13801,0,0,1,14954.5771484375,14954.5771484375,
5,235,13801,0,0,7,18196.39453125,18164.3203125,
5,236,13801,0,0,0,12841.240234375,12841.240234375,
5,237,13801,0,0,0,12196.8388671875,12196.8388671875,
5,238,13801,0,0,0,12996.001953125,12996.001953125,
5,239,13801,0,0,0,15420.0927734375,15420.0927734375,
5,240,13801,0,0,0,11293.765625,11293.765625,
5,241,13801,0,0,0,12564.068359375,12564.068359375,
5,242,13801,0,0,0,11227.990234375,11227.990234375,
5,243,13801,0,0,0,12498.376953125,12498.376953125,
5,244,13801,0,0,0,12738.2802734375,12738.2802734375,
5,245,13801,0,0,0,12973.431640625,12973.431640625,
5,246,13801,0,0,0,12345.05078125,12345.05078125,
5,247,13801,0,0,0,11281.1435546875,11281.1435546875,
5,248,13801,0,0,0,11818.3486328125,11818.3486328125,
5,249,13801,0,0,0,12699.142578125,12699.142578125,
5,250,13801,0,0,0,12385.927734375,12385.927734375,
5,251,13801,0,0,0,12821.5869140625,12821.5869140625,
5,252,13801,0,0,0,14817.69140625,14817.69140625,
5,253,13801,0,0,0,12745.271484375,12745.271484375,
5,254,13801,0,0,0,11189.1630859375,11189.1630859375,
5,255,13801,0,0,0,11645.14453125,11645.14453125,
5,256,13801,0,0,0,12973.2685546875,12973.2685546875,
5,257,13801,0,0,0,10622.453125,10622.453125,
5,258,13801,0,0,0,11613.4404296875,11613.4404296875,
5,259,13801,0,0,1,15891.345703125,15697.298828125,
5,260,13801,0,0,0,11537.8154296875,11537.8154296875,
5,261,13801,0,0,0,12811.8056640625,12811.8056640625,
5,262,619,0,1,2,5728153108480.0,5728153108480.0,614
5,263,13801,0,0,0,13996.3232421875,13996.3232421875,
5,264,13801,0,11,9,17008.54296875,17008.54296875,7553 7555 7557 7559 7561 7564 7566 7569 7572 7586 8965
5,265,13801,0,0,0,12231.603515625,12231.603515625,
5,266,13801,0,0,0,11336.369140625,11336.369140625,
5,267,13801,0,0,0,10828.9150390625,10828.9150390625,
5,268,13801,0,0,0,11413.935546875,11413.935546875,
5,269,13801,0,0,0,12399.40234375,12399.40234375,
5,270,13801,0,0,1,14440.9892578125,14440.9892578125,
5,271,13801,0,0,0,11170.3896484375,11170.3896484375,
5,272,13801,0,0,0,11147.669921875,11147.669921875,
5,273,13801,0,0,0,12301.84375,12301.84375,
5,274,13801,0,0,0,11300.404296875,11300.404296875,
5,275,13801,0,0,0,15849.0751953125,15849.0751953125,
5,276,13801,0,0,0,11140.896484375,11140.896484375,
5,277,13801,0,0,0,11165.05078125,11165.05078125,
5,278,13801,0,0,0,10641.908203125,10641.908203125,
5,279,13801,0,0,0,13307.9140625,13307.9140625,
5,280,13801,0,0,0,11329.373046875,11329.373046875,
5,281,13801,0,0,0,13150.2578125,13150.2578125,
5,282,13801,0,0,0,11877.9873046875,11877.9873046875,
5,283,13801,0,0,0,13961.3251953125,13961.3251953125,
5,284,13801,0,0,0,11274.71484375,11274.71484375,
5,285,13801,0,0,0,11279.6025390625,11279.6025390625,
5,286,13801,0,0,0,10497.966796875,10497.966796875,
5,287,13801,0,0,0,14225.45703125,14225.45703125,
5,288,13801,0,0,0,11170.998046875,11170.998046875,
5,289,13801,0,0,0,13763.2998046875,13763.2998046875,
5,290,13801,0,0,0,13222.806640625,13222.806640625,
5,291,13801,0,0,2,14767.599609375,14767.599609375,
5,292,13801,0,0,0,10818.9658203125,10818.9658203125,
5,293,13801,0,0,0,10806.568359375,10806.568359375,
5,294,13801,0,0,0,11032.14453125,11032.14453125,
5,295,13801,0,0,0,12040.43359375,12040.43359375,
5,296,13801,0,0,1,15266.6025390625,15266.6025390625,
5,297,13801,0,0,0,11381.5693359375,11381.5693359375,
5,298,13801,0,0,0,10509.1748046875,10509.1748046875,
5,299,13801,0,0,0,11967.0859375,11967.0859375,
5,300,13801,0,0,0,11432.890625,11432.890625,
6,1,13801,0,0,0,3493.736083984375,3493.736083984375,
6,2,13801,0,0,0,3926.533935546875,3926.533935546875,
6,3,13801,0,0,0,4011.10888671875,4011.10888671875,
6,4,13801,0,0,0,4482.13818359375,4482.13818359375,
6,5,13801,0,0,0,3509.55810546875,3509.55810546875,
6,6,13801,0,0,0,3929.68994140625,3929.68994140625,
6,7,13801,0,0,0,3463.635009765625,3463.635009765625,
6,8,13801,0,0,0,3500.595947265625,3500.595947265625,
6,9,13801,0,0,0,3456.47998046875,3456.47998046875,
6,10,13801,0,0,0,4403.09814453125,4403.09814453125,
6,11,13801,0,0,0,3388.56005859375,3388.56005859375,
6,12,13801,0,0,0,3952.654052734375,3952.654052734375,
6,13,13801,0,0,0,4603.4931640625,4603.4931640625,
6,14,13801,0,0,0,3337.162109375,3337.162109375,
6,15,13801,0,0,0,4889.93701171875,4889.93701171875,
6,16,13801,0,0,0,3414.85693359375,3414.85693359375,
6,17,13801,0,0,0,3613.501953125,3613.501953125,
6,18,13801,0,0,0,4072.02392578125,4072.02392578125,
6,19,13801,0,0,0,3356.905029296875,3356.905029296875,
6,20,13801,0,0,0,3990.345947265625,3990.345947265625,
6,21,13801,0,0,0,3721.85791015625,3721.85791015625,
6,22,13801,0,12,7,755807.0,11046.3330078125,7488 8109 8300 8305 8309 8874 8898 8985 9674 9680 9684 9717
6,23,13801,0,0,0,3977.889892578125,3977.889892578125,
6,24,13801,0,0,0,4714.93896484375,4714.93896484375,
6,25,13801,0,0,0,4733.9150390625,4733.9150390625,
6,26,13801,0,0,0,3738.93994140625,3738.93994140625,
6,27,13801,0,0,0,3400.876953125,3400.876953125,
6,28,13801,0,0,0,3376.23291015625,3376.23291015625,
6,29,13801,0,0,0,3831.347900390625,3831.347900390625,
6,30,13801,0,0,0,3376.822021484375,3376.822021484375,
6,31,13801,0,0,0,6572.55419921875,6572.55419921875,
6,32,13801,0,0,0,3740.034912109375,3740.034912109375,
6,33,13801,0,0,0,3606.218017578125,3606.218017578125,
6,34,13801,0,0,0,3658.8359375,3658.8359375,
6,35,13801,0,0,0,3481.337890625,3481.337890625,
6,36,13801,0,0,0,3589.669921875,3589.669921875,
6,37,13801,0,0,0,6621.88916015625,6621.88916015625,
6,38,13801,0,0,0,3795.677978515625,3795.677978515625,
6,39,13801,0,0,0,3426.2958984375,3426.2958984375,
6,40,13801,0,0,0,4854.76416015625,4854.76416015625,
6,41,13801,0,0,0,3491.215087890625,3491.215087890625,
6,42,13801,0,0,0,4666.02880859375,4666.02880859375,
6,43,13801,0,0,0,4777.19482421875,4777.19482421875,
6,44,13801,0,0,0,4048.594970703125,4048.594970703125,
6,45,13801,0,0,0,3856.367919921875,3856.367919921875,
6,46,13801,0,0,0,3551.3369140625,3551.3369140625,
6,47,13801,0,0,0,3547.52490234375,3547.52490234375,
6,48,13801,0,0,0,3524.251953125,3524.251953125,
6,49,13801,0,0,0,3554.333984375,3554.333984375,
6,50,13801,0,0,0,3436.19189453125,3436.19189453125,
6,51,13801,0,0,0,3418.950927734375,3418.950927734375,
6,52,13801,0,0,0,3308.181884765625,3308.181884765625,
6,53,13801,0,0,0,3656.333984375,3656.333984375,
6,54,13801,0,0,0,3543.568115234375,3543.568115234375,
6,55,13801,0,0,0,4401.23779296875,4401.23779296875,
6,56,13801,0,0,0,3622.31201171875,3622.31201171875,
6,57,13801,0,0,0,3510.89990234375,3510.89990234375,
6,58,13801,0,0,0,3539.6630859375,3539.6630859375,
6,59,13801,0,0,0,3486.674072265625,3486.674072265625,
6,60,13801,0,0,0,4383.1201171875,4383.1201171875,
6,61,13801,0,0,0,4160.41796875,4160.41796875,
6,62,13801,0,0,0,3880.0,3880.0,
6,63,13801,0,0,0,5063.4541015625,5063.4541015625,
6,64,13801,0,0,0,3688.072021484375,3688.072021484375,
6,65,13801,0,1,0,6032.77001953125,6032.77001953125,743
6,66,13801,0,0,0,3486.18994140625,3486.18994140625,
6,67,13801,0,0,0,3316.9560546875,3316.9560546875,
6,68,13801,0,0,0,3978.5458984375,3978.5458984375,
6,69,13801,0,0,0,4140.02880859375,4140.02880859375,
6,70,13801,0,0,0,3438.0009765625,3438.0009765625,
6,71,13801,0,0,0,3863.81201171875,3863.81201171875,
6,72,13801,0,0,0,3571.487060546875,3571.487060546875,
6,73,13801,0,0,0,4268.10009765625,4268.10009765625,
6,74,13801,0,0,0,3804.64892578125,3804.64892578125,
6,75,13801,0,0,0,3659.912109375,3659.912109375,
6,76,13801,0,0,0,3665.7099609375,3665.7099609375,
6,77,13801,0,0,0,3843.18701171875,3843.18701171875,
6,78,13801,0,0,0,3392.01904296875,3392.01904296875,
6,79,13801,0,0,0,4224.0869140625,4224.0869140625,
6,80,13801,0,0,0,3284.117919921875,3284.117919921875,
6,81,13801,0,0,0,3572.117919921875,3572.117919921875,
6,82,13801,0,0,0,3659.62890625,3659.62890625,
6,83,13801,0,0,0,3860.8310546875,3860.8310546875,
6,84,13801,0,0,0,3667.885986328125,3667.885986328125,
6,85,13801,0,0,0,3802.81396484375,3802.81396484375,
6,86,13801,0,0,0,3287.305908203125,3287.305908203125,
6,87,13801,0,0,0,3684.7919921875,3684.7919921875,
6,88,13801,0,0,0,3541.344970703125,3541.344970703125,
6,89,13801,0,0,0,3816.541015625,3816.541015625,
6,90,13801,0,0,0,3789.906005859375,3789.906005859375,
6,91,13801,0,0,0,3957.196044921875,3957.196044921875,
6,92,13801,0,0,0,3467.410888671875,3467.410888671875,
6,93,13801,0,0,0,4368.1162109375,4368.1162109375,
6,94,13801,0,0,0,3604.77392578125,3604.77392578125,
6,95,13801,0,0,0,3568.964111328125,3568.964111328125,
6,96,13801,0,0,0,3389.488037109375,3389.488037109375,
6,97,13801,0,0,0,3579.634033203125,3579.634033203125,
6,98,13801,0,0,0,3774.544921875,3774.544921875,
6,99,13801,0,0,0,3559.85791015625,3559.85791015625,
6,100,13801,0,0,0,3525.718994140625,3525.718994140625,
6,101,13801,0,0,0,4746.7841796875,4746.7841796875,
6,102,13801,0,0,1,5762.76318359375,5762.76318359375,
6,103,13801,0,0,0,3409.887939453125,3409.887939453125,
6,104,13801,0,0,0,3710.403076171875,3710.403076171875,
6,105,13801,0,0,0,3562.89208984375,3562.89208984375,
6,106,13801,0,0,0,4831.046875,4831.046875,
6,107,13801,0,0,0,3599.298095703125,3599.298095703125,
6,108,13801,0,0,0,3392.194091796875,3392.194091796875,
6,109,13801,0,0,0,3782.827880859375,3782.827880859375,
6,110,13801,0,0,0,6024.7578125,6024.7578125,
6,111,13801,0,0,0,3843.60595703125,3843.60595703125,
6,112,13801,0,0,0,3697.59912109375,3697.59912109375,
6,113,13801,0,0,0,3695.306884765625,3695.306884765625,
6,114,13801,0,0,0,3674.990966796875,3674.990966796875,
6,115,13801,0,0,0,4090.238037109375,4090.238037109375,
6,116,13801,0,0,0,3698.89501953125,3698.89501953125,
6,117,13801,0,0,0,3606.154052734375,3606.154052734375,
6,118,13801,0,0,0,3564.847900390625,3564.847900390625,
6,119,13801,0,0,0,3328.18798828125,3328.18798828125,
6,120,13801,0,1,1,11951.291015625,11951.291015625,703
6,121,13801,0,0,0,3476.701904296875,3476.701904296875,
6,122,13801,0,0,0,4952.208984375,4952.208984375,
6,123,13801,0,0,0,3525.41796875,3525.41796875,
6,124,13801,0,0,0,3567.181884765625,3567.181884765625,
6,125,13801,0,0,0,4525.57177734375,4525.57177734375,
6,126,13801,0,2,1,4717.36083984375,4717.36083984375,739 12803
6,127,13801,0,0,0,3549.31396484375,3549.31396484375,
6,128,13801,0,0,0,3660.8359375,3660.8359375,
6,129,13801,0,0,0,3535.35693359375,3535.35693359375,
6,130,13801,0,0,0,3903.886962890625,3903.886962890625,
6,131,13801,0,11,6,191274.421875,40816.55078125,710 714 722 724 743 750 754 786 3700 6627 12802
6,132,13801,0,0,0,3613.340087890625,3613.340087890625,
6,133,13801,0,0,0,3765.68310546875,3765.68310546875,
6,134,13801,0,48,35,4296119.0,694625.8125,711 714 716 719 725 728 1044 1066 1888 1917 1927 1930 1957 2056 2059 2067 2074 2099 2112 2118 6027 10297 10544 10549 10566 10571 10575 10577 10578 11892 11897 11914 11915 12104 12130 12145 12241 12244 12262 12273 12286 12295 12788 12813 13116 13136 13140 13163
6,135,13801,0,0,0,3999.344970703125,3999.344970703125,
6,136,13801,0,0,0,3486.405029296875,3486.405029296875,
6,137,13801,0,0,0,5017.48681640625,5017.48681640625,
6,138,13801,0,0,0,3457.931884765625,3457.931884765625,
6,139,13801,0,0,0,3553.881103515625,3553.881103515625,
6,140,13801,0,0,0,3622.179931640625,3622.179931640625,
6,141,13801,0,0,0,3702.0458984375,3702.0458984375,
6,142,13801,0,0,0,3702.8349609375,3702.8349609375,
6,143,13801,0,0,0,3359.52001953125,3359.52001953125,
6,144,13801,0,0,0,4620.22314453125,4620.22314453125,
6,145,13801,0,0,0,6307.962890625,6307.962890625,
6,146,13801,0,0,0,3412.028076171875,3412.028076171875,
6,147,13801,0,0,0,4134.01611328125,4134.01611328125,
6,148,13801,0,0,0,3483.072021484375,3483.072021484375,
6,149,13801,0,0,0,3330.882080078125,3330.882080078125,
6,150,13801,0,0,0,3461.44091796875,3461.44091796875,
6,151,13801,0,0,0,3419.8310546875,3419.8310546875,
6,152,13801,0,0,0,4025.01611328125,4025.01611328125,
6,153,13801,0,0,0,3968.56201171875,3968.56201171875,
6,154,13801,0,0,0,3380.820068359375,3380.820068359375,
6,155,13801,0,0,0,3560.514892578125,3560.514892578125,
6,156,13801,0,0,0,5342.8701171875,5342.8701171875,
6,157,13801,0,0,0,3303.43310546875,3303.43310546875,
6,158,13801,0,0,0,3797.906982421875,3797.906982421875,
6,159,13801,0,0,0,3404.7451171875,3404.7451171875,
6,160,13801,0,0,0,5214.94921875,5214.94921875,
6,161,13801,0,0,0,3617.486083984375,3617.486083984375,
6,162,13801,0,0,0,4989.9150390625,4989.9150390625,
6,163,13801,0,0,0,3593.636962890625,3593.636962890625,
6,164,13801,0,0,0,4840.32421875,4840.32421875,
6,165,13801,0,0,0,3355.85302734375,3355.85302734375,
6,166,13801,0,0,0,3648.14404296875,3648.14404296875,
6,167,13801,0,0,0,3402.9970703125,3402.9970703125,
6,168,13801,0,0,0,3495.0791015625,3495.0791015625,
6,169,13801,0,0,0,3343.47900390625,3343.47900390625,
6,170,13801,0,0,0,3515.68408203125,3515.68408203125,
6,171,13801,0,0,0,4112.67822265625,4112.67822265625,
6,172,13801,0,0,0,3859.050048828125,3859.050048828125,
6,173,13801,0,0,0,4545.5849609375,4545.5849609375,
6,174,13801,0,0,0,3265.889892578125,3265.889892578125,
6,175,13801,0,0,0,3477.781982421875,3477.781982421875,
6,176,13801,0,0,0,3476.89306640625,3476.89306640625,
6,177,13801,0,0,0,4448.23876953125,4448.23876953125,
6,178,13801,0,0,0,4367.40087890625,4367.40087890625,
6,179,13801,0,0,0,3529.469970703125,3529.469970703125,
6,180,13801,0,0,0,3506.0029296875,3506.0029296875,
6,181,13801,0,0,0,5389.5341796875,5389.5341796875,
6,182,13801,0,0,6,10207.466796875,10207.466796875,
6,183,13801,0,0,0,4936.56201171875,4936.56201171875,
6,184,13801,0,0,0,4061.381103515625,4061.381103515625,
6,185,13801,0,0,0,3569.68701171875,3569.68701171875,
6,186,13801,0,0,0,3614.3349609375,3614.3349609375,
6,187,13801,0,0,0,3706.708984375,3706.708984375,
6,188,13801,0,0,0,3677.8740234375,3677.8740234375,
6,189,13801,0,0,0,3387.157958984375,3387.157958984375,
6,190,13801,0,0,0,3770.511962890625,3770.511962890625,
6,191,13801,0,0,0,3619.912109375,3619.912109375,
6,192,13801,0,0,0,3449.923095703125,3449.923095703125,
6,193,13801,0,0,0,3376.18408203125,3376.18408203125,
6,194,13801,0,0,0,4265.59912109375,4265.59912109375,
6,195,13801,0,0,0,3437.09912109375,3437.09912109375,
6,196,13801,0,0,0,3468.9140625,3468.9140625,
6,197,13801,0,0,0,3426.093994140625,3426.093994140625,
6,198,13801,0,0,0,3871.222900390625,3871.222900390625,
6,199,13801,0,0,0,3333.43310546875,3333.43310546875,
6,200,13801,0,0,0,3788.075927734375,3788.075927734375,
6,201,13801,0,0,0,3511.673095703125,3511.673095703125,
6,202,13801,0,0,0,3399.77099609375,3399.77099609375,
6,203,13801,0,0,0,3603.43310546875,3603.43310546875,
6,204,13801,0,0,0,3546.1220703125,3546.1220703125,
6,205,13801,0,0,0,3472.04296875,3472.04296875,
6,206,13801,0,0,0,3447.64501953125,3447.64501953125,
6,207,13801,0,0,0,4873.10693359375,4873.10693359375,
6,208,13801,0,0,0,3506.10400390625,3506.10400390625,
6,209,13801,0,0,0,3317.531005859375,3317.531005859375,
6,210,13801,0,0,0,3625.77587890625,3625.77587890625,
6,211,13801,0,0,0,3755.85693359375,3755.85693359375,
6,212,13801,0,0,0,3454.76904296875,3454.76904296875,
6,213,13801,0,0,0,3662.666015625,3662.666015625,
6,214,13801,0,0,0,3408.840087890625,3408.840087890625,
6,215,13801,0,0,0,4444.40380859375,4444.40380859375,
6,216,13801,0,0,0,3341.368896484375,3341.368896484375,
6,217,13801,0,0,0,4118.10400390625,4118.10400390625,
6,218,13801,0,0,0,3529.966064453125,3529.966064453125,
6,219,13801,0,0,0,3513.262939453125,3513.262939453125,
6,220,13801,0,0,0,3645.047119140625,3645.047119140625,
6,221,13801,0,0,0,4333.4072265625,4333.4072265625,
6,222,13801,0,2,9,10702.3662109375,10702.3662109375,12703 12719
6,223,13801,0,0,0,3659.569091796875,3659.569091796875,
6,224,13801,0,0,0,4129.5068359375,4129.5068359375,
6,225,13801,0,0,0,3695.4169921875,3695.4169921875,
6,226,13801,0,0,0,3721.666015625,3721.666015625,
6,227,13801,0,0,0,3824.48388671875,3824.48388671875,
6,228,13801,0,0,0,3770.965087890625,3770.965087890625,
6,229,13801,0,0,0,3598.85595703125,3598.85595703125,
6,230,13801,0,0,0,3507.886962890625,3507.886962890625,
6,231,13801,0,0,0,3741.361083984375,3741.361083984375,
6,232,13801,0,0,0,3795.426025390625,3795.426025390625,
6,233,13801,0,0,0,3578.779052734375,3578.779052734375,
6,234,13801,0,0,0,3696.798095703125,3696.798095703125,
6,235,13801,0,0,0,3870.205078125,3870.205078125,
6,236,13801,0,0,0,3657.202880859375,3657.202880859375,
6,237,13801,0,0,0,4134.08984375,4134.08984375,
6,238,13801,0,0,0,3351.72802734375,3351.72802734375,
6,239,13801,0,0,0,3648.743896484375,3648.743896484375,
6,240,13801,0,0,0,3404.464111328125,3404.464111328125,
6,241,13801,0,0,0,3874.318115234375,3874.318115234375,
6,242,13801,0,0,0,3999.83203125,3999.83203125,
6,243,13801,0,0,0,4127.80615234375,4127.80615234375,
6,244,13801,0,0,0,3786.304931640625,3786.304931640625,
6,245,13801,0,0,0,3853.221923828125,3853.221923828125,
6,246,13801,0,0,0,4302.22900390625,4302.22900390625,
6,247,13801,0,0,0,3365.966064453125,3365.966064453125,
6,248,13801,0,0,0,3526.300048828125,3526.300048828125,
6,249,13801,0,0,0,5555.93310546875,5555.93310546875,
6,250,13801,0,0,0,3346.6630859375,3346.6630859375,
6,251,13801,0,0,0,3505.743896484375,3505.743896484375,
6,252,13801,0,0,0,3451.9150390625,3451.9150390625,
6,253,13801,0,0,0,3466.81005859375,3466.81005859375,
6,254,13801,0,0,0,3614.909912109375,3614.909912109375,
6,255,13801,0,0,0,3538.172119140625,3538.172119140625,
6,256,13801,0,0,0,3448.779052734375,3448.779052734375,
6,257,13801,0,0,0,3718.381103515625,3718.381103515625,
6,258,13801,0,0,0,3895.028076171875,3895.028076171875,
6,259,13801,0,0,0,3450.092041015625,3450.092041015625,
6,260,13801,0,0,0,3450.81201171875,3450.81201171875,
6,261,13801,0,0,0,4241.30078125,4241.30078125,
6,262,13801,0,0,0,3489.389892578125,3489.389892578125,
6,263,13801,0,0,0,3527.15087890625,3527.15087890625,
6,264,13801,0,0,0,3737.535888671875,3737.535888671875,
6,265,13801,0,0,0,3689.27490234375,3689.27490234375,
6,266,13801,0,0,0,3558.589111328125,3558.589111328125,
6,267,13801,0,0,0,3702.451904296875,3702.451904296875,
6,268,13801,0,0,0,3358.402099609375,3358.402099609375,
6,269,13801,0,0,0,3691.089111328125,3691.089111328125,
6,270,13801,0,0,0,3641.697998046875,3641.697998046875,
6,271,13801,0,0,0,3725.427978515625,3725.427978515625,
6,272,13801,0,0,0,3371.4560546875,3371.4560546875,
6,273,13801,0,0,0,3550.22412109375,3550.22412109375,
6,274,13801,0,0,0,3556.02294921875,3556.02294921875,
6,275,13801,0,0,0,4528.2861328125,4528.2861328125,
6,276,13801,0,0,0,3798.780029296875,3798.780029296875,
6,277,13801,0,0,0,3617.930908203125,3617.930908203125,
6,278,13801,0,0,0,3538.2060546875,3538.2060546875,
6,279,13801,0,0,0,3874.068115234375,3874.068115234375,
6,280,13801,0,0,0,3690.614013671875,3690.614013671875,
6,281,13801,0,0,0,3425.6640625,3425.6640625,
6,282,13801,0,0,0,4008.014892578125,4008.014892578125,
6,283,13801,0,0,0,4255.953125,4255.953125,
6,284,13801,0,0,0,3491.0791015625,3491.0791015625,
6,285,13801,0,0,0,3500.885986328125,3500.885986328125,
6,286,13801,0,0,0,3960.3291015625,3960.3291015625,
6,287,13801,0,0,0,3554.0849609375,3554.0849609375,
6,288,13801,0,0,0,3444.943115234375,3444.943115234375,
6,289,13801,0,0,0,4036.702880859375,4036.702880859375,
6,290,13801,0,0,0,3714.033935546875,3714.033935546875,
6,291,13801,0,0,0,4696.01904296875,4696.01904296875,
6,292,13801,0,0,0,3399.202880859375,3399.202880859375,
6,293,13801,0,0,0,3564.111083984375,3564.111083984375,
6,294,13801,0,0,0,3432.5029296875,3432.5029296875,
6,295,13801,0,0,0,3510.916015625,3510.916015625,
6,296,13801,0,0,0,3528.115966796875,3528.115966796875,
6,297,13801,0,0,0,3425.72998046875,3425.72998046875,
6,298,13801,0,0,0,3532.860107421875,3532.860107421875,
6,299,13801,0,0,0,4257.240234375,4257.240234375,
6,300,13801,0,0,0,3504.597900390625,3504.597900390625,
7,1,13801,0,0,0,14174.5419921875,14174.5419921875,
7,2,13801,0,1,0,15652.9775390625,15652.9775390625,9760
7,3,4275,0,0,0,11626.0693359375,11626.0693359375,
7,4,13801,0,0,0,12886.689453125,12886.689453125,
7,5,13801,0,0,2,17536.203125,17536.203125,
7,6,13801,0,0,0,11043.802734375,11043.802734375,
7,7,13801,0,0,0,13506.6552734375,13506.6552734375,
7,8,13801,0,0,0,14482.486328125,14482.486328125,
7,9,13801,0,0,0,12066.11328125,12066.11328125,
7,10,13801,0,0,0,11626.6806640625,11626.6806640625,
7,11,13801,0,0,0,14923.80859375,14923.80859375,
7,12,13801,0,0,0,11197.0576171875,11197.0576171875,
7,13,13801,0,0,0,10957.052734375,10957.052734375,
7,14,13801,0,0,0,14887.302734375,14887.302734375,
7,15,13801,0,0,0,13976.0869140625,13976.0869140625,
7,16,13793,11,0,2,17349.080078125,17349.080078125,
7,17,13801,0,0,0,11417.3759765625,11417.3759765625,
7,18,13801,0,0,0,11434.177734375,11434.177734375,
7,19,13801,0,0,0,12275.294921875,12275.294921875,
7,20,13801,0,0,0,11816.236328125,11816.236328125,
7,21,13801,0,0,0,13573.1796875,13573.1796875,
7,22,13801,0,0,0,11329.5771484375,11329.5771484375,
7,23,13801,0,0,0,11112.1533203125,11112.1533203125,
7,24,13801,0,0,0,11281.423828125,11281.423828125,
7,25,5085,0,0,0,12985.3134765625,12985.3134765625,
7,26,13801,0,0,0,11857.4365234375,11857.4365234375,
7,27,13801,0,0,0,11833.568359375,11833.568359375,
7,28,13801,0,0,0,13814.91796875,13814.91796875,
7,29,13801,0,0,0,16282.8974609375,16282.8974609375,
7,30,13801,0,0,0,12678.609375,12678.609375,
7,31,13801,0,1,2,16658.7578125,16658.7578125,8097
7,32,12173,11,0,0,13524.0380859375,13524.0380859375,
7,33,13801,0,0,0,11550.09375,11550.09375,
7,34,13801,0,0,0,12513.1435546875,12513.1435546875,
7,35,13801,0,0,0,11268.39453125,11268.39453125,
7,36,13801,0,0,0,12320.482421875,12320.482421875,
7,37,13801,0,0,0,12971.3330078125,12971.3330078125,
7,38,13801,0,0,0,13639.12109375,13639.12109375,
7,39,13801,0,0,0,11467.05078125,11467.05078125,
7,40,13801,0,0,0,12392.8642578125,12392.8642578125,
7,41,13801,0,0,0,14467.3994140625,14467.3994140625,
7,42,13801,0,0,2,14748.013671875,14748.013671875,
7,43,13801,0,0,0,12629.478515625,12629.478515625,
7,44,13801,0,0,0,12882.2978515625,12882.2978515625,
7,45,13801,0,0,0,11345.447265625,11345.447265625,
7,46,13801,0,0,0,12428.0576171875,12428.0576171875,
7,47,13801,0,0,0,11836.87890625,11836.87890625,
7,48,13801,0,0,0,11883.55859375,11883.55859375,
7,49,13801,0,0,0,11146.279296875,11146.279296875,
7,50,13801,0,0,0,11110.4140625,11110.4140625,
7,51,13801,0,0,0,13975.8271484375,13975.8271484375,
7,52,13801,0,0,0,11561.7958984375,11561.7958984375,
7,53,13801,0,0,0,10946.8212890625,10946.8212890625,
7,54,13801,0,0,0,13323.3779296875,13323.3779296875,
7,55,13801,0,0,0,10953.26953125,10953.26953125,
7,56,13801,0,0,0,11702.5966796875,11702.5966796875,
7,57,13801,0,0,0,14183.421875,14183.421875,
7,58,13801,0,0,0,11938.6962890625,11938.6962890625,
7,59,13801,0,0,0,11297.2138671875,11297.2138671875,
7,60,13801,0,0,0,12337.6376953125,12337.6376953125,
7,61,13801,0,0,0,11279.40625,11279.40625,
7,62,13801,0,1,2,14382.494140625,14382.494140625,9762
7,63,13801,0,0,0,13722.4052734375,13722.4052734375,
7,64,13801,0,0,0,10938.6865234375,10938.6865234375,
7,65,13801,0,0,0,13023.0654296875,13023.0654296875,
7,66,13801,0,0,0,13481.6630859375,13481.6630859375,
7,67,13801,0,0,0,12271.1484375,12271.1484375,
7,68,13801,0,0,3,13342.3076171875,13306.5234375,
7,69,13801,0,0,0,11720.4921875,11720.4921875,
7,70,13801,0,0,0,11505.5927734375,11505.5927734375,
7,71,13801,0,0,0,12901.158203125,12901.158203125,
7,72,13801,0,0,0,14372.6884765625,14372.6884765625,
7,73,13801,0,0,0,13623.9140625,13623.9140625,
7,74,13801,0,0,0,12200.736328125,12200.736328125,
7,75,13801,0,0,0,11993.521484375,11993.521484375,
7,76,13801,0,0,0,12666.685546875,12666.685546875,
7,77,13801,0,0,0,13621.4140625,13621.4140625,
7,78,13801,0,0,0,11679.1259765625,11679.1259765625,
7,79,13801,0,0,0,11214.072265625,11214.072265625,
7,80,13801,0,1,0,14675.4921875,14675.4921875,7566
7,81,13801,0,0,0,14836.767578125,14836.767578125,
7,82,13801,0,0,0,12072.1884765625,12072.1884765625,
7,83,11993,11,0,0,15322.2978515625,15322.2978515625,
7,84,13801,0,0,0,11457.2763671875,11457.2763671875,
7,85,13801,0,1,1,14737.54296875,14737.54296875,9758
7,86,13801,0,0,0,12883.1357421875,12883.1357421875,
7,87,13801,0,0,0,11017.2177734375,11017.2177734375,
7,88,13801,0,0,0,11213.7119140625,11213.7119140625,
7,89,13801,0,0,0,13273.9267578125,13273.9267578125,
7,90,13801,0,0,0,13810.7890625,13810.7890625,
7,91,13801,0,0,0,11631.3701171875,11631.3701171875,
7,92,13801,0,1,2,31112.197265625,16926.712890625,9769
7,93,13545,0,0,0,14579.2802734375,14579.2802734375,
7,94,13801,0,0,0,12043.55859375,12043.55859375,
7,95,13801,0,0,0,11500.2890625,11500.2890625,
7,96,13801,0,0,0,12216.2158203125,12216.2158203125,
7,97,13801,0,0,0,12068.951171875,12068.951171875,
7,98,13801,0,0,0,12308.8994140625,12308.8994140625,
7,99,13801,0,0,0,12213.75390625,12213.75390625,
7,100,13801,0,0,0,11505.1376953125,11505.1376953125,
7,101,13801,0,0,0,12040.1015625,12040.1015625,
7,102,13801,0,0,0,12451.4384765625,12451.4384765625,
7,103,13801,0,0,0,12066.9609375,12066.9609375,
7,104,13801,0,0,0,13039.2216796875,13039.2216796875,
7,105,10260,0,0,0,12012.8876953125,12012.8876953125,
7,106,13801,0,0,0,11275.611328125,11275.611328125,
7,107,13801,0,0,0,11950.873046875,11950.873046875,
7,108,13801,0,0,0,13037.689453125,13037.689453125,
7,109,13801,0,0,0,12453.439453125,12453.439453125,
7,110,13801,0,0,0,13008.41796875,13008.41796875,
7,111,13801,0,0,1,17483.79296875,17483.79296875,
7,112,13801,0,0,0,11408.4619140625,11408.4619140625,
7,113,13801,0,0,0,12047.55859375,12047.55859375,
7,114,13801,0,0,0,15520.369140625,15520.369140625,
7,115,13801,0,0,0,11504.3359375,11504.3359375,
7,116,13801,0,0,0,12662.98046875,12662.98046875,
7,117,13801,0,2,6,21683.01953125,19518.47265625,6880 9754
7,118,13801,0,0,0,11141.84375,11141.84375,
7,119,13801,0,0,0,11982.1572265625,11982.1572265625,
7,120,13801,0,0,0,13444.236328125,13444.236328125,
7,121,13801,0,0,0,12240.873046875,12240.873046875,
7,122,13801,0,0,0,12498.9990234375,12498.9990234375,
7,123,13801,0,0,0,14906.44140625,14906.44140625,
7,124,13801,0,0,0,14910.314453125,14910.314453125,
7,125,13801,0,0,3,17959.435546875,17959.435546875,
7,126,13801,0,0,0,10998.267578125,10998.267578125,
7,127,13801,0,0,0,12731.810546875,12731.810546875,
7,128,13801,0,0,0,13537.5986328125,13537.5986328125,
7,129,13801,0,0,0,13176.990234375,13176.990234375,
7,130,13801,0,0,0,12333.9990234375,12333.9990234375,
7,131,13801,0,0,0,12288.2236328125,12288.2236328125,
7,132,13298,11,4,9,20465.60546875,18683.49609375,6876 7568 9673 9767
7,133,13801,0,0,5,16510.18359375,16510.18359375,
7,134,13801,0,0,0,11616.4091796875,11616.4091796875,
7,135,13801,0,0,0,12432.5263671875,12432.5263671875,
7,136,13801,0,0,0,11307.2509765625,11307.2509765625,
7,137,13568,11,0,0,10927.26171875,10927.26171875,
7,138,13801,0,0,0,12183.498046875,12183.498046875,
7,139,13801,0,0,0,12577.7939453125,12577.7939453125,
7,140,13801,0,0,0,11593.62890625,11593.62890625,
7,141,13801,0,0,0,11669.79296875,11669.79296875,
7,142,8550,0,0,0,12493.6796875,12493.6796875,
7,143,13801,0,0,0,11280.9189453125,11280.9189453125,
7,144,13801,0,0,0,12345.275390625,12345.275390625,
7,145,13801,0,0,0,11326.0224609375,11326.0224609375,
7,146,13801,0,0,0,11841.62109375,11841.62109375,
7,147,13801,0,0,0,11490.59765625,11490.59765625,
7,148,13801,0,0,0,17017.69921875,17017.69921875,
7,149,13801,0,0,0,12154.716796875,12154.716796875,
7,150,13801,0,0,0,11752.078125,11752.078125,
7,151,13801,0,0,0,14788.2138671875,14788.2138671875,
7,152,13801,0,0,0,12047.4384765625,12047.4384765625,
7,153,13801,0,0,0,11964.3212890625,11964.3212890625,
7,154,9585,0,0,0,11264.029296875,11264.029296875,
7,155,13801,0,0,0,12546.5927734375,12546.5927734375,
7,156,13801,0,0,0,12753.51171875,12753.51171875,
7,157,13801,0,0,0,13332.3203125,13332.3203125,
7,158,13801,0,0,0,14994.8349609375,14994.8349609375,
7,159,13801,0,0,0,11610.14453125,11610.14453125,
7,160,13801,0,0,0,11509.751953125,11509.751953125,
7,161,13801,0,0,0,12508.2529296875,12508.2529296875,
7,162,13801,0,0,0,12180.25,12180.25,
7,163,13801,0,0,0,11355.2822265625,11355.2822265625,
7,164,13801,0,0,0,13636.6396484375,13636.6396484375,
7,165,13801,0,0,0,11584.1416015625,11584.1416015625,
7,166,13801,0,0,0,11255.349609375,11255.349609375,
7,167,13801,0,0,0,11693.8603515625,11693.8603515625,
7,168,13801,0,0,0,16360.45703125,16360.45703125,
7,169,13801,0,1,1,17114.6171875,17114.6171875,4100
7,170,13801,0,0,0,14114.9296875,14114.9296875,
7,171,13801,0,0,0,13611.49609375,13611.49609375,
7,172,13801,0,0,0,11815.953125,11815.953125,
7,173,13801,0,0,0,11310.4384765625,11310.4384765625,
7,174,13801,0,8,8,165291.109375,16751.986328125,743 8114 8117 8121 8133 8135 10233 10249
7,175,13801,0,0,0,12091.154296875,12091.154296875,
7,176,13801,0,0,0,12936.5517578125,12936.5517578125,
7,177,13801,0,0,0,12191.375,12191.375,
7,178,13801,0,0,0,13230.7744140625,13230.7744140625,
7,179,13801,0,0,0,11173.1064453125,11173.1064453125,
7,180,13801,0,0,0,12116.01171875,12116.01171875,
7,181,13801,0,0,0,16034.744140625,16034.744140625,
7,182,13801,0,0,0,11890.630859375,11890.630859375,
7,183,13801,0,0,0,11980.5712890625,11980.5712890625,
7,184,13801,0,0,0,11853.845703125,11853.845703125,
7,185,13801,0,0,0,13552.61328125,13552.61328125,
7,186,13801,0,0,0,12483.447265625,12483.447265625,
7,187,13801,0,0,0,12294.380859375,12294.380859375,
7,188,13801,0,0,0,11337.5068359375,11337.5068359375,
7,189,13801,0,0,0,13406.2568359375,13406.2568359375,
7,190,13801,0,0,0,12334.40625,12334.40625,
7,191,13801,0,0,1,14843.4892578125,14843.4892578125,
7,192,13801,0,0,0,11533.09765625,11533.09765625,
7,193,13801,0,0,0,14876.513671875,14876.513671875,
7,194,13801,0,0,0,11637.0224609375,11637.0224609375,
7,195,13801,0,0,0,12506.4658203125,12506.4658203125,
7,196,13801,0,0,0,13995.6689453125,13995.6689453125,
7,197,11520,0,0,0,13945.45703125,13945.45703125,
7,198,13801,0,0,0,11099.06640625,11099.06640625,
7,199,13801,0,0,0,11660.26953125,11660.26953125,
7,200,13801,0,0,0,12388.0498046875,12388.0498046875,
7,201,13801,0,0,0,11753.8251953125,11753.8251953125,
7,202,13801,0,0,0,11760.5166015625,11760.5166015625,
7,203,13801,0,1,2,17128.78515625,17128.78515625,7555
7,204,13801,0,0,0,12872.28515625,12872.28515625,
7,205,13801,0,0,0,10922.0859375,10922.0859375,
7,206,13801,0,0,0,11334.9609375,11334.9609375,
7,207,13801,0,0,0,11486.244140625,11486.244140625,
7,208,13801,0,0,0,13872.7685546875,13872.7685546875,
7,209,13801,0,0,0,12829.955078125,12829.955078125,
7,210,13801,0,0,0,14806.9287109375,14806.9287109375,
7,211,13801,0,0,0,12100.716796875,12100.716796875,
7,212,8923,1,48,40,6256612004069376.0,6256612004069376.0,1737 1739 1787 2008 2012 2014 2018 2019 2021 2024 2045 2047 2118 2120 2145 2148 4090 4092 4093 4098 4107 4136 4158 4160 4169 4183 4191 4202 4205 4215 4663 4669 4672 4679 4691 4693 4711 4725 6591 6655 6663 6669 6671 6696 6704 7572 8372 8920
7,213,13801,0,0,0,11605.2890625,11605.2890625,
7,214,4793,11,0,0,11721.138671875,11721.138671875,
7,215,13801,0,0,0,12632.619140625,12632.619140625,
7,216,13801,0,0,0,11963.4404296875,11963.4404296875,
7,217,13801,0,0,0,11652.6025390625,11652.6025390625,
7,218,13801,0,0,0,11558.83203125,11558.83203125,
7,219,13801,0,0,0,14285.6484375,14285.6484375,
7,220,12623,11,0,2,16204.630859375,16204.630859375,
7,221,13801,0,1,8,20697.158203125,17856.134765625,2032
7,222,4995,0,0,0,13095.11328125,13095.11328125,
7,223,13801,0,0,0,14044.7919921875,14044.7919921875,
7,224,13801,0,0,0,12019.8359375,12019.8359375,
7,225,4793,11,0,0,12807.517578125,12807.517578125,
7,226,13801,0,0,0,11062.6650390625,11062.6650390625,
7,227,13801,0,0,0,13357.9619140625,13357.9619140625,
7,228,13801,0,0,0,11238.314453125,11238.314453125,
7,229,10193,11,0,0,12979.05859375,12979.05859375,
7,230,13801,0,0,0,14825.8818359375,14825.8818359375,
7,231,13801,0,0,0,11861.158203125,11861.158203125,
7,232,13801,0,0,0,11356.19921875,11356.19921875,
7,233,13801,0,0,0,13110.892578125,13110.892578125,
7,234,13801,0,0,0,13033.2734375,13033.2734375,
7,235,13801,0,0,0,11045.0830078125,11045.0830078125,
7,236,13801,0,0,0,14210.2890625,14210.2890625,
7,237,13801,0,0,0,12529.7548828125,12529.7548828125,
7,238,13801,0,0,0,13262.3525390625,13262.3525390625,
7,239,13801,0,0,0,11835.05859375,11835.05859375,
7,240,13801,0,0,0,11953.84765625,11953.84765625,
7,241,13801,0,0,0,12738.8759765625,12738.8759765625,
7,242,13801,0,0,0,15926.1787109375,15926.1787109375,
7,243,13801,0,0,0,11236.7197265625,11236.7197265625,
7,244,13801,0,1,2,15423.1220703125,15423.1220703125,7563
7,245,13801,0,0,0,13120.5849609375,13120.5849609375,
7,246,13801,0,0,0,12138.0126953125,12138.0126953125,
7,247,13801,0,0,0,13166.6357421875,13166.6357421875,
7,248,13801,0,0,0,12175.2685546875,12175.2685546875,
7,249,13801,0,0,0,13102.181640625,13102.181640625,
7,250,13801,0,0,0,14523.1376953125,14523.1376953125,
7,251,13801,0,0,0,13420.533203125,13420.533203125,
7,252,13801,0,0,0,12124.3076171875,12124.3076171875,
7,253,13801,0,0,0,12816.607421875,12816.607421875,
7,254,13801,0,0,0,13176.435546875,13176.435546875,
7,255,13801,0,0,0,12388.9921875,12388.9921875,
7,256,13801,0,0,0,14267.6533203125,14267.6533203125,
7,257,13801,0,0,0,11333.5810546875,11333.5810546875,
7,258,13801,0,0,0,11973.10546875,11973.10546875,
7,259,13801,0,0,0,13778.3203125,13778.3203125,
7,260,13801,0,0,0,12384.7080078125,12384.7080078125,
7,261,13801,0,0,0,15314.4560546875,15314.4560546875,
7,262,13801,0,0,0,14264.9609375,14264.9609375,
7,263,13801,0,0,0,12138.296875,12138.296875,
7,264,13801,0,0,0,11448.26171875,11448.26171875,
7,265,13801,0,0,0,12185.8662109375,12185.8662109375,
7,266,13801,0,0,0,11955.068359375,11955.068359375,
7,267,13801,0,0,0,12027.857421875,12027.857421875,
7,268,13801,0,0,0,11270.5322265625,11270.5322265625,
7,269,13801,0,0,0,15474.208984375,15474.208984375,
7,270,13801,0,0,0,15200.412109375,15200.412109375,
7,271,13801,0,0,0,11055.072265625,11055.072265625,
7,272,13801,0,0,0,12941.08984375,12941.08984375,
7,273,13801,0,0,0,11557.1396484375,11557.1396484375,
7,274,13801,0,0,0,12160.779296875,12160.779296875,
7,275,13801,0,0,0,14416.810546875,14416.810546875,
7,276,13801,0,0,0,12407.310546875,12407.310546875,
7,277,13801,0,0,0,13000.50390625,13000.50390625,
7,278,13801,0,0,0,13578.888671875,13578.888671875,
7,279,13801,0,0,0,13234.83984375,13234.83984375,
7,280,13801,0,0,0,11759.0615234375,11759.0615234375,
7,281,13801,0,0,0,11134.61328125,11134.61328125,
7,282,13801,0,0,0,10985.5546875,10985.5546875,
7,283,13801,0,0,0,12006.90625,12006.90625,
7,284,13801,0,0,0,12403.7431640625,12403.7431640625,
7,285,13801,0,0,0,12603.6435546875,12603.6435546875,
7,286,13801,0,0,0,13448.3701171875,13448.3701171875,
7,287,13801,0,0,0,14303.595703125,14303.595703125,
7,288,13801,0,0,0,11575.73828125,11575.73828125,
7,289,13801,0,0,0,12691.267578125,12691.267578125,
7,290,13801,0,0,0,11753.47265625,11753.47265625,
7,291,13801,0,0,0,11546.3583984375,11546.3583984375,
7,292,13801,0,0,0,10981.201171875,10981.201171875,
7,293,13801,0,0,0,11627.75,11627.75,
7,294,13801,0,0,0,13253.162109375,13253.162109375,
7,295,13801,0,0,0,11520.4990234375,11520.4990234375,
7,296,13801,0,0,0,12923.916015625,12923.916015625,
7,297,13801,0,0,0,11298.662109375,11298.662109375,
7,298,13801,0,0,0,12908.1796875,12908.1796875,
7,299,13801,0,0,0,16622.474609375,16622.474609375,
7,300,13801,0,0,0,12286.1474609375,12286.1474609375,
8,1,13801,0,0,0,11120.2607421875,11120.2607421875,
8,2,13801,0,0,0,8497.443359375,8497.443359375,
8,3,13801,0,0,0,12143.0595703125,12143.0595703125,
8,4,13801,0,0,0,9256.783203125,9256.783203125,
8,5,13801,0,0,0,9676.8701171875,9676.8701171875,
8,6,13801,0,0,0,7884.455078125,7884.455078125,
8,7,13801,0,0,0,10427.578125,10427.578125,
8,8,13801,0,0,0,9827.8134765625,9827.8134765625,
8,9,13801,0,0,0,8428.0419921875,8428.0419921875,
8,10,13801,0,0,0,7905.83203125,7905.83203125,
8,11,13801,0,0,0,8393.765625,8393.765625,
8,12,13801,0,0,0,8476.619140625,8476.619140625,
8,13,13801,0,0,0,9533.88671875,9533.88671875,
8,14,13801,0,0,0,8110.298828125,8110.298828125,
8,15,13801,0,0,0,8580.2080078125,8580.2080078125,
8,16,13801,0,0,2,13905.97265625,13905.97265625,
8,17,13801,0,0,0,7701.87890625,7701.87890625,
8,18,13801,0,0,0,9190.1982421875,9190.1982421875,
8,19,13801,0,0,0,8420.3349609375,8420.3349609375,
8,20,13801,0,0,0,8172.4677734375,8172.4677734375,
8,21,13801,0,0,0,8451.638671875,8451.638671875,
8,22,13801,0,0,0,8060.1611328125,8060.1611328125,
8,23,13801,0,0,0,9011.9638671875,9011.9638671875,
8,24,13801,0,0,0,11139.0732421875,11139.0732421875,
8,25,13801,0,0,0,8595.2587890625,8595.2587890625,
8,26,13801,0,0,0,8457.2919921875,8457.2919921875,
8,27,13801,0,0,0,11061.6328125,11061.6328125,
8,28,13801,0,0,0,8107.01416015625,8107.01416015625,
8,29,13801,0,0,0,10520.65234375,10520.65234375,
8,30,13801,0,0,0,8969.8251953125,8969.8251953125,
8,31,13801,0,0,0,8257.1162109375,8257.1162109375,
8,32,13801,0,0,0,8735.25,8735.25,
8,33,13801,0,0,0,8679.5546875,8679.5546875,
8,34,13801,0,0,0,11412.646484375,11412.646484375,
8,35,13801,0,0,0,8289.5185546875,8289.5185546875,
8,36,13801,0,0,0,10290.32421875,10290.32421875,
8,37,13801,0,2,17,16972.513671875,16972.513671875,4648 4650
8,38,13801,0,0,0,8471.9833984375,8471.9833984375,
8,39,13801,0,0,0,11277.447265625,11277.447265625,
8,40,13801,0,0,0,7747.15283203125,7747.15283203125,
8,41,13801,0,0,0,8416.73828125,8416.73828125,
8,42,13801,0,0,0,11567.8203125,11567.8203125,
8,43,13801,0,0,0,7920.490234375,7920.490234375,
8,44,13801,0,0,0,9212.6484375,9212.6484375,
8,45,13801,0,0,0,10462.1884765625,10462.1884765625,
8,46,13801,0,0,2,12529.17578125,12529.17578125,
8,47,13801,0,0,0,7789.43701171875,7789.43701171875,
8,48,13801,0,0,0,8098.36376953125,8098.36376953125,
8,49,13801,0,0,0,8275.85546875,8275.85546875,
8,50,13801,0,0,0,8253.1357421875,8253.1357421875,
8,51,13801,0,0,0,9063.5068359375,9063.5068359375,
8,52,13801,0,0,0,8414.88671875,8414.88671875,
8,53,13801,0,0,0,10271.5810546875,10271.5810546875,
8,54,13801,0,0,0,10934.732421875,10934.732421875,
8,55,13801,0,0,0,9234.3173828125,9234.3173828125,
8,56,13801,0,0,0,8770.3017578125,8770.3017578125,
8,57,13801,0,0,0,10719.78515625,10719.78515625,
8,58,13801,0,0,0,9044.5869140625,9044.5869140625,
8,59,13801,0,0,0,8633.919921875,8633.919921875,
8,60,13801,0,0,0,9191.33203125,9191.33203125,
8,61,13801,0,0,0,8966.0537109375,8966.0537109375,
8,62,13801,0,0,0,9181.3642578125,9181.3642578125,
8,63,13801,0,0,0,8439.3740234375,8439.3740234375,
8,64,13801,0,0,0,7960.27587890625,7960.27587890625,
8,65,13801,0,0,0,8561.71484375,8561.71484375,
8,66,13801,0,0,0,7651.35888671875,7651.35888671875,
8,67,13801,0,0,0,8558.791015625,8558.791015625,
8,68,13801,0,0,0,10068.1123046875,10068.1123046875,
8,69,13801,0,0,0,11156.8095703125,11156.8095703125,
8,70,13801,0,0,0,8601.3271484375,8601.3271484375,
8,71,13801,0,0,0,8017.22021484375,8017.22021484375,
8,72,13801,0,0,0,10002.095703125,10002.095703125,
8,73,13801,0,0,0,9873.7138671875,9873.7138671875,
8,74,13801,0,0,0,8575.9716796875,8575.9716796875,
8,75,13801,0,0,0,8110.06982421875,8110.06982421875,
8,76,13801,0,0,0,11338.509765625,11338.509765625,
8,77,13801,0,1,2,13258.296875,13258.296875,682
8,78,13801,0,0,0,8189.68994140625,8189.68994140625,
8,79,13801,0,0,0,8227.49609375,8227.49609375,
8,80,13801,0,0,0,8298.9033203125,8298.9033203125,
8,81,13801,0,0,0,8100.630859375,8100.630859375,
8,82,13801,0,0,0,8251.5380859375,8251.5380859375,
8,83,13801,0,4,9,12076.693359375,12076.693359375,2067 2069 6583 12803
8,84,13801,0,0,0,9401.12890625,9401.12890625,
8,85,13801,0,0,0,8092.9169921875,8092.9169921875,
8,86,13801,0,0,0,9942.2783203125,9942.2783203125,
8,87,13801,0,0,0,8954.37109375,8954.37109375,
8,88,13801,0,0,0,9507.603515625,9507.603515625,
8,89,13801,0,0,0,11675.91015625,11675.91015625,
8,90,13801,0,0,0,9537.93359375,9537.93359375,
8,91,13801,0,0,0,8356.5263671875,8356.5263671875,
8,92,13801,0,0,0,8462.5341796875,8462.5341796875,
8,93,13801,0,0,0,8384.9951171875,8384.9951171875,
8,94,13801,0,3,14,350945.0625,15685.3408203125,2081 8084 10218
8,95,13801,0,0,0,11855.0009765625,11855.0009765625,
8,96,13801,0,0,0,8434.28515625,8434.28515625,
8,97,13801,0,0,0,8361.4140625,8361.4140625,
8,98,13801,0,0,0,10227.0595703125,10227.0595703125,
8,99,13801,0,0,0,9402.6435546875,9402.6435546875,
8,100,13801,0,0,0,8602.513671875,8602.513671875,
8,101,13801,0,0,0,8103.033203125,8103.033203125,
8,102,13801,0,0,0,9364.66015625,9364.66015625,
8,103,13801,0,0,0,9369.1220703125,9369.1220703125,
8,104,13801,0,0,0,8201.9248046875,8201.9248046875,
8,105,13801,0,0,0,7988.84912109375,7988.84912109375,
8,106,13801,0,0,0,10600.419921875,10600.419921875,
8,107,13801,0,0,0,9637.5322265625,9637.5322265625,
8,108,13801,0,0,0,8478.7529296875,8478.7529296875,
8,109,13801,0,0,2,9242.2109375,9242.2109375,
8,110,13801,0,0,0,8990.8876953125,8990.8876953125,
8,111,13801,0,0,0,9481.60546875,9481.60546875,
8,112,13801,0,0,0,11364.990234375,11364.990234375,
8,113,13801,0,0,0,8421.0400390625,8421.0400390625,
8,114,13801,0,0,0,8351.7255859375,8351.7255859375,
8,115,13801,0,0,0,9755.693359375,9755.693359375,
8,116,13801,0,0,0,8888.578125,8888.578125,
8,117,13801,0,0,0,10255.8134765625,10255.8134765625,
8,118,13801,0,0,0,8365.2373046875,8365.2373046875,
8,119,13801,0,0,0,8613.7734375,8613.7734375,
8,120,13801,0,0,0,8329.900390625,8329.900390625,
8,121,13801,0,0,0,8391.294921875,8391.294921875,
8,122,13801,0,0,0,8271.021484375,8271.021484375,
8,123,13801,0,0,0,9021.435546875,9021.435546875,
8,124,13801,0,0,0,8144.171875,8144.171875,
8,125,13801,0,0,0,9257.330078125,9257.330078125,
8,126,13801,0,0,0,10485.7373046875,10485.7373046875,
8,127,13801,0,0,0,7744.55908203125,7744.55908203125,
8,128,13801,0,0,0,8439.150390625,8439.150390625,
8,129,13801,0,0,0,8806.77734375,8806.77734375,
8,130,13801,0,0,0,8642.1201171875,8642.1201171875,
8,131,13801,0,0,0,8003.4609375,8003.4609375,
8,132,13801,0,0,0,8237.9306640625,8237.9306640625,
8,133,13801,0,1,0,12146.4208984375,12146.4208984375,11607
8,134,13801,0,0,0,9504.0595703125,9504.0595703125,
8,135,13801,0,0,0,10294.8291015625,10294.8291015625,
8,136,13801,0,33,36,29899194368.0,60378620.0,603 608 751 754 756 4099 6639 6643 6648 7531 9775 10219 10599 10605 10619 10620 10623 10631 10651 10707 11864 12668 12670 12675 12678 12748 12774 12810 12817 12826 12834 13087 13764
8,137,13801,0,0,0,10610.15625,10610.15625,
8,138,13801,0,0,0,8054.3427734375,8054.3427734375,
8,139,13801,0,0,0,9468.0068359375,9468.0068359375,
8,140,13801,0,0,0,8764.6435546875,8764.6435546875,
8,141,13801,0,0,0,10623.3037109375,10623.3037109375,
8,142,13801,0,0,0,8976.4052734375,8976.4052734375,
8,143,13801,0,8,23,2522836.0,390645.15625,2076 3691 4641 4670 4698 5655 9776 12652
8,144,13801,0,0,0,8622.3193359375,8622.3193359375,
8,145,13801,0,0,0,9975.6826171875,9975.6826171875,
8,146,13801,0,0,0,10811.2763671875,10811.2763671875,
8,147,13801,0,0,0,9636.3564453125,9636.3564453125,
8,148,13801,0,0,0,11942.341796875,11942.341796875,
8,149,13801,0,0,0,8760.6015625,8760.6015625,
8,150,13801,0,0,0,8526.029296875,8526.029296875,
8,151,13801,0,0,0,7794.19482421875,7794.19482421875,
8,152,13801,0,0,0,8841.943359375,8841.943359375,
8,153,13801,0,0,0,8957.2265625,8957.2265625,
8,154,13801,0,0,0,9353.8359375,9353.8359375,
8,155,13801,0,0,0,9028.8212890625,9028.8212890625,
8,156,13801,0,0,0,9573.515625,9573.515625,
8,157,13801,0,0,0,12200.234375,12200.234375,
8,158,13801,0,0,0,9782.4365234375,9782.4365234375,
8,159,13801,0,0,0,7917.22802734375,7917.22802734375,
8,160,13801,0,0,0,9838.2353515625,9838.2353515625,
8,161,13801,0,0,0,8438.72265625,8438.72265625,
8,162,13801,0,0,1,15052.2197265625,15052.2197265625,
8,163,13801,0,0,0,10354.4130859375,10354.4130859375,
8,164,13801,0,0,0,11640.3359375,11640.3359375,
8,165,13801,0,0,0,11245.853515625,11245.853515625,
8,166,13801,0,0,0,8512.1962890625,8512.1962890625,
8,167,13801,0,0,0,11900.939453125,11900.939453125,
8,168,13801,0,0,0,8848.8076171875,8848.8076171875,
8,169,13801,0,0,0,8143.9638671875,8143.9638671875,
8,170,13801,0,0,0,8028.798828125,8028.798828125,
8,171,13801,0,0,0,11644.7900390625,11644.7900390625,
8,172,13801,0,0,0,8167.046875,8167.046875,
8,173,13801,0,0,0,11308.048828125,11308.048828125,
8,174,13801,0,0,0,7805.39013671875,7805.39013671875,
8,175,13801,0,0,0,8403.96875,8403.96875,
8,176,13801,0,0,0,10161.306640625,10161.306640625,
8,177,13801,0,0,0,11086.95703125,11086.95703125,
8,178,13801,0,0,0,7773.5322265625,7773.5322265625,
8,179,13801,0,0,0,9628.208984375,9628.208984375,
8,180,13801,0,0,0,8789.8095703125,8789.8095703125,
8,181,13801,0,0,0,8488.5927734375,8488.5927734375,
8,182,13801,0,0,0,9074.78515625,9074.78515625,
8,183,13801,0,0,0,11227.1806640625,11227.1806640625,
8,184,13801,0,0,0,9390.919921875,9390.919921875,
8,185,13801,0,0,0,9468.0341796875,9468.0341796875,
8,186,13801,0,0,0,9054.0380859375,9054.0380859375,
8,187,13801,0,0,0,8127.5751953125,8127.5751953125,
8,188,13801,0,0,0,9761.9853515625,9761.9853515625,
8,189,13801,0,0,0,10610.0595703125,10610.0595703125,
8,190,13801,0,0,0,9303.0380859375,9303.0380859375,
8,191,13801,0,0,0,8648.169921875,8648.169921875,
8,192,13801,0,0,0,8706.87890625,8706.87890625,
8,193,13801,0,0,0,8565.435546875,8565.435546875,
8,194,13801,0,0,0,7865.84521484375,7865.84521484375,
8,195,13801,0,0,0,9990.0078125,9990.0078125,
8,196,13801,0,0,0,10668.509765625,10668.509765625,
8,197,13801,0,0,0,11590.6337890625,11590.6337890625,
8,198,13801,0,0,0,7953.7568359375,7953.7568359375,
8,199,13801,0,0,0,9226.0009765625,9226.0009765625,
8,200,13801,0,0,0,8561.078125,8561.078125,
8,201,13801,0,0,0,8520.79296875,8520.79296875,
8,202,13801,0,0,0,8425.8818359375,8425.8818359375,
8,203,13801,0,0,0,10459.4365234375,10459.4365234375,
8,204,13801,0,0,0,7901.52587890625,7901.52587890625,
8,205,13801,0,0,0,10169.400390625,10169.400390625,
8,206,13801,0,0,0,10181.21484375,10181.21484375,
8,207,13801,0,0,0,8611.390625,8611.390625,
8,208,13801,0,0,0,9333.177734375,9333.177734375,
8,209,13801,0,0,0,7999.51806640625,7999.51806640625,
8,210,13801,0,0,0,8720.046875,8720.046875,
8,211,13801,0,0,0,10101.99609375,10101.99609375,
8,212,13801,0,0,0,8841.5263671875,8841.5263671875,
8,213,13801,0,0,0,10451.9580078125,10451.9580078125,
8,214,13801,0,0,0,8000.86279296875,8000.86279296875,
8,215,13801,0,0,0,8794.1748046875,8794.1748046875,
8,216,13801,0,0,0,8500.654296875,8500.654296875,
8,217,13801,0,0,0,9071.27734375,9071.27734375,
8,218,13801,0,0,0,8415.1484375,8415.1484375,
8,219,13801,0,0,0,7832.9501953125,7832.9501953125,
8,220,13801,0,0,1,13600.240234375,13600.240234375,
8,221,13801,0,0,0,8401.2587890625,8401.2587890625,
8,222,13801,0,0,0,8298.94921875,8298.94921875,
8,223,13801,0,0,0,8903.3720703125,8903.3720703125,
8,224,13801,0,0,0,8137.755859375,8137.755859375,
8,225,13801,0,0,0,7762.703125,7762.703125,
8,226,13801,0,0,0,8450.234375,8450.234375,
8,227,13801,0,0,0,10187.60546875,10187.60546875,
8,228,13801,0,0,0,8548.9677734375,8548.9677734375,
8,229,13801,0,0,3,10682.67578125,10682.67578125,
8,230,13801,0,0,0,8034.0859375,8034.0859375,
8,231,13801,0,0,0,8918.9990234375,8918.9990234375,
8,232,13801,0,0,0,8188.48486328125,8188.48486328125,
8,233,13801,0,0,0,8660.3046875,8660.3046875,
8,234,13801,0,0,0,12319.2197265625,12319.2197265625,
8,235,13801,0,0,0,10817.4208984375,10817.4208984375,
8,236,13801,0,0,0,10633.265625,10633.265625,
8,237,13801,0,0,0,9911.1435546875,9911.1435546875,
8,238,13801,0,0,0,9307.5517578125,9307.5517578125,
8,239,13801,0,0,0,11419.279296875,11419.279296875,
8,240,13801,0,0,0,9620.7744140625,9620.7744140625,
8,241,13801,0,0,0,9099.732421875,9099.732421875,
8,242,13801,0,0,0,9561.2041015625,9561.2041015625,
8,243,13801,0,0,0,8504.6943359375,8504.6943359375,
8,244,13801,0,0,0,9044.4638671875,9044.4638671875,
8,245,13801,0,0,0,9246.189453125,9246.189453125,
8,246,13801,0,0,0,10466.767578125,10466.767578125,
8,247,13801,0,14,17,200673696.0,1967735.0,3691 4074 4085 4102 4116 4642 5622 5625 8092 8875 8911 9749 9755 12791
8,248,13801,0,0,0,8652.0263671875,8652.0263671875,
8,249,13801,0,0,0,8278.58984375,8278.58984375,
8,250,13801,0,0,0,9042.4306640625,9042.4306640625,
8,251,13801,0,0,0,9996.1572265625,9996.1572265625,
8,252,13801,0,0,0,8130.98095703125,8130.98095703125,
8,253,13801,0,0,0,8451.51171875,8451.51171875,
8,254,13801,0,0,0,9102.173828125,9102.173828125,
8,255,13801,0,0,0,8140.32177734375,8140.32177734375,
8,256,13801,0,0,0,7922.6767578125,7922.6767578125,
8,257,13801,0,0,0,8485.0732421875,8485.0732421875,
8,258,13801,0,0,0,7881.1689453125,7881.1689453125,
8,259,13801,0,0,0,10999.4384765625,10999.4384765625,
8,260,13801,0,0,0,8444.814453125,8444.814453125,
8,261,13801,0,0,0,9670.125,9670.125,
8,262,13801,0,0,0,8683.8466796875,8683.8466796875,
8,263,13801,0,0,0,7906.10888671875,7906.10888671875,
8,264,13801,0,0,0,9480.8212890625,9480.8212890625,
8,265,13801,0,0,0,10694.134765625,10694.134765625,
8,266,13801,0,0,0,7926.22314453125,7926.22314453125,
8,267,13801,0,0,0,8310.9306640625,8310.9306640625,
8,268,13801,0,0,0,8095.8427734375,8095.8427734375,
8,269,13801,0,0,0,10076.0927734375,10076.0927734375,
8,270,13801,0,0,0,8806.072265625,8806.072265625,
8,271,13801,0,0,0,8123.5,8123.5,
8,272,13801,0,0,0,8911.79296875,8911.79296875,
8,273,13801,0,0,0,10830.1083984375,10830.1083984375,
8,274,13801,0,0,0,9655.5859375,9655.5859375,
8,275,13801,0,0,0,8487.5361328125,8487.5361328125,
8,276,13801,0,0,0,7970.22216796875,7970.22216796875,
8,277,13801,0,0,0,8631.2158203125,8631.2158203125,
8,278,13801,0,0,0,7860.998046875,7860.998046875,
8,279,13801,0,0,0,9541.5087890625,9541.5087890625,
8,280,13801,0,0,0,8026.35986328125,8026.35986328125,
8,281,13801,0,0,0,8658.482421875,8658.482421875,
8,282,13801,0,0,0,8511.06640625,8511.06640625,
8,283,13801,0,0,0,10656.9423828125,10656.9423828125,
8,284,13801,0,0,0,8286.548828125,8286.548828125,
8,285,13801,0,0,0,8263.7353515625,8263.7353515625,
8,286,13801,0,0,0,8565.044921875,8565.044921875,
8,287,13801,0,0,0,8168.69580078125,8168.69580078125,
8,288,13801,0,0,0,8625.1650390625,8625.1650390625,
8,289,13801,0,0,0,7895.7900390625,7895.7900390625,
8,290,13801,0,0,0,11630.1474609375,11630.1474609375,
8,291,13801,0,0,0,9312.3662109375,9312.3662109375,
8,292,13801,0,0,0,8509.966796875,8509.966796875,
8,293,13801,0,0,0,10101.8564453125,10101.8564453125,
8,294,13801,0,0,0,8713.5029296875,8713.5029296875,
8,295,13801,0,0,0,7802.64501953125,7802.64501953125,
8,296,13801,0,0,0,7963.0078125,7963.0078125,
8,297,13801,0,0,0,8769.7978515625,8769.7978515625,
8,298,13801,0,0,0,9343.0439453125,9343.0439453125,
8,299,13801,0,0,0,8209.5087890625,8209.5087890625,
8,300,13801,0,0,0,8071.6611328125,8071.6611328125,
9,1,13801,0,0,0,11603.0458984375,11603.0458984375,
9,2,13801,0,0,0,9550.9091796875,9550.9091796875,
9,3,13801,0,0,0,9166.4306640625,9166.4306640625,
9,4,13801,0,0,0,13648.5048828125,13648.5048828125,
9,5,13801,0,0,0,9147.02734375,9147.02734375,
9,6,13801,0,0,0,9995.255859375,9995.255859375,
9,7,13801,0,0,0,9113.0859375,9113.0859375,
9,8,13801,0,0,0,9011.986328125,9011.986328125,
9,9,13801,0,0,0,8935.5849609375,8935.5849609375,
9,10,13801,0,0,0,10732.7060546875,10732.7060546875,
9,11,13801,0,0,0,10876.4765625,10876.4765625,
9,12,13801,0,0,0,10155.130859375,10155.130859375,
9,13,13801,0,0,0,14080.080078125,14080.080078125,
9,14,13801,0,0,0,9561.3359375,9561.3359375,
9,15,13801,0,0,0,9375.4326171875,9375.4326171875,
9,16,13801,0,0,0,9331.2919921875,9331.2919921875,
9,17,13801,0,0,0,11356.568359375,11356.568359375,
9,18,13801,0,0,0,10795.486328125,10795.486328125,
9,19,13801,0,0,0,9295.736328125,9295.736328125,
9,20,13801,0,0,0,9437.7607421875,9437.7607421875,
9,21,13801,0,0,0,10236.3515625,10236.3515625,
9,22,13801,0,0,0,9518.3115234375,9518.3115234375,
9,23,13801,0,0,0,10710.2021484375,10710.2021484375,
9,24,13801,0,0,0,9854.6669921875,9854.6669921875,
9,25,13801,0,0,0,9206.5927734375,9206.5927734375,
9,26,13801,0,0,0,11416.50390625,11416.50390625,
9,27,13801,0,0,0,8791.3310546875,8791.3310546875,
9,28,13801,0,0,0,10766.64453125,10766.64453125,
9,29,13801,0,0,0,9890.91015625,9890.91015625,
9,30,13801,0,0,0,9171.0380859375,9171.0380859375,
9,31,13801,0,0,0,9100.81640625,9100.81640625,
9,32,13801,0,0,0,14773.3564453125,14773.3564453125,
9,33,13801,0,0,0,12105.392578125,12105.392578125,
9,34,13801,0,3,20,28474.931640625,28474.931640625,9186 10959 12618
9,35,13801,0,0,0,9373.0712890625,9373.0712890625,
9,36,13801,0,0,0,11638.7041015625,11638.7041015625,
9,37,13801,0,0,0,12130.0439453125,12130.0439453125,
9,38,13801,0,0,0,8819.18359375,8819.18359375,
9,39,13801,0,0,0,12809.8056640625,12809.8056640625,
9,40,13801,0,0,0,9859.4931640625,9859.4931640625,
9,41,13801,0,0,0,10950.1650390625,10950.1650390625,
9,42,13801,0,0,0,11341.568359375,11341.568359375,
9,43,13801,0,21,43,11542365184.0,1207226880.0,544 2543 4647 5418 6769 7538 7994 9709 9711 9715 9717 9720 9723 9725 9726 9732 9733 9743 9778 9855 11017
9,44,13801,0,0,0,10260.072265625,10260.072265625,
9,45,13801,0,0,0,9810.7666015625,9810.7666015625,
9,46,13801,0,0,0,9266.27734375,9266.27734375,
9,47,13801,0,0,1,16480.185546875,16480.185546875,
9,48,13801,0,0,0,9445.958984375,9445.958984375,
9,49,13801,0,0,0,10249.6611328125,10249.6611328125,
9,50,13801,0,0,0,11104.9814453125,11104.9814453125,
9,51,13801,0,0,0,12099.2099609375,12099.2099609375,
9,52,13801,0,0,0,11960.1357421875,11960.1357421875,
9,53,13801,0,0,0,9999.6572265625,9999.6572265625,
9,54,13801,0,0,0,9528.2138671875,9528.2138671875,
9,55,13801,0,0,0,9822.822265625,9822.822265625,
9,56,13801,0,0,0,8923.767578125,8923.767578125,
9,57,13801,0,0,0,9965.595703125,9965.595703125,
9,58,13801,0,0,0,9216.0498046875,9216.0498046875,
9,59,13801,0,0,0,10741.681640625,10741.681640625,
9,60,13801,0,0,0,11249.57421875,11249.57421875,
9,61,13801,0,0,0,9322.759765625,9322.759765625,
9,62,13801,0,0,0,8846.177734375,8846.177734375,
9,63,13801,0,0,0,9197.6494140625,9197.6494140625,
9,64,13801,0,0,0,9453.9267578125,9453.9267578125,
9,65,13801,0,1,7,16055.20703125,16055.20703125,8094
9,66,13801,0,0,0,9907.984375,9907.984375,
9,67,13801,0,0,0,10503.4208984375,10503.4208984375,
9,68,13801,0,0,0,10396.1552734375,10396.1552734375,
9,69,13801,0,0,0,11300.1884765625,11300.1884765625,
9,70,13801,0,0,0,12607.654296875,12607.654296875,
9,71,13801,0,0,0,11681.990234375,11681.990234375,
9,72,13801,0,0,0,10720.0322265625,10720.0322265625,
9,73,13801,0,0,0,9215.8818359375,9215.8818359375,
9,74,13801,0,0,0,9004.5537109375,9004.5537109375,
9,75,13801,0,0,0,13130.26171875,13130.26171875,
9,76,13801,0,0,0,13065.1962890625,13065.1962890625,
9,77,13801,0,0,0,11868.9072265625,11868.9072265625,
9,78,13801,0,0,0,10082.4521484375,10082.4521484375,
9,79,13801,0,0,0,10108.0283203125,10108.0283203125,
9,80,13801,0,0,0,11853.9453125,11853.9453125,
9,81,13801,0,0,0,11549.580078125,11549.580078125,
9,82,13801,0,0,0,9562.0244140625,9562.0244140625,
9,83,13801,0,0,0,12336.51171875,12336.51171875,
9,84,13801,0,0,0,8984.0498046875,8984.0498046875,
9,85,13801,0,0,0,10879.0986328125,10879.0986328125,
9,86,13801,0,0,0,8987.1904296875,8987.1904296875,
9,87,13801,0,0,0,9712.1591796875,9712.1591796875,
9,88,13801,0,0,0,9330.9072265625,9330.9072265625,
9,89,13801,0,0,0,9251.1162109375,9251.1162109375,
9,90,13801,0,0,0,9063.7685546875,9063.7685546875,
9,91,13801,0,0,0,11195.1572265625,11195.1572265625,
9,92,13801,0,0,0,10456.9169921875,10456.9169921875,
9,93,13801,0,0,0,9243.5888671875,9243.5888671875,
9,94,13801,0,0,7,15619.73046875,15619.73046875,
9,95,13801,0,0,0,9119.7666015625,9119.7666015625,
9,96,13801,0,0,0,12679.1943359375,12679.1943359375,
9,97,13801,0,0,0,9291.91015625,9291.91015625,
9,98,13801,0,0,3,15927.40625,15927.40625,
9,99,13801,0,0,0,10460.4287109375,10460.4287109375,
9,100,13801,0,0,0,9237.34765625,9237.34765625,
9,101,13801,0,0,0,8900.146484375,8900.146484375,
9,102,13801,0,0,0,12393.6396484375,12393.6396484375,
9,103,13801,0,0,0,9574.115234375,9574.115234375,
9,104,13801,0,0,0,9228.7802734375,9228.7802734375,
9,105,13801,0,0,0,12376.0078125,12376.0078125,
9,106,13801,0,0,0,11023.509765625,11023.509765625,
9,107,13801,0,0,0,9501.197265625,9501.197265625,
9,108,13801,0,0,0,9295.27734375,9295.27734375,
9,109,13801,0,0,0,8855.251953125,8855.251953125,
9,110,13801,0,0,0,10560.5166015625,10560.5166015625,
9,111,13801,0,0,0,10654.7275390625,10654.7275390625,
9,112,13801,0,0,0,8813.30078125,8813.30078125,
9,113,13801,0,0,0,12887.494140625,12887.494140625,
9,114,13801,0,0,0,9733.203125,9733.203125,
9,115,13801,0,0,0,10394.71484375,10394.71484375,
9,116,13801,0,0,0,12899.0087890625,12899.0087890625,
9,117,13801,0,0,0,12685.921875,12685.921875,
9,118,13801,0,0,0,12039.4013671875,12039.4013671875,
9,119,13801,0,0,0,9140.3935546875,9140.3935546875,
9,120,13801,0,0,0,10893.2783203125,10893.2783203125,
9,121,13801,0,0,0,11631.3935546875,11631.3935546875,
9,122,13801,0,0,0,13873.8984375,13873.8984375,
9,123,13801,0,0,0,10418.046875,10418.046875,
9,124,13801,0,0,0,12317.580078125,12317.580078125,
9,125,13801,0,0,0,9203.5517578125,9203.5517578125,
9,126,13801,0,0,0,11293.6083984375,11293.6083984375,
9,127,13801,0,0,0,11968.9248046875,11968.9248046875,
9,128,13801,0,0,0,11343.658203125,11343.658203125,
9,129,13801,0,0,0,12285.0791015625,12285.0791015625,
9,130,13801,0,0,0,9472.94140625,9472.94140625,
9,131,13801,0,0,0,10703.275390625,10703.275390625,
9,132,13801,0,0,0,11206.88671875,11206.88671875,
9,133,13801,0,0,0,9308.78515625,9308.78515625,
9,134,13801,0,0,0,12713.080078125,12713.080078125,
9,135,13801,0,0,0,9464.828125,9464.828125,
9,136,13801,0,0,0,9055.53515625,9055.53515625,
9,137,13801,0,0,0,14836.537109375,14836.537109375,
9,138,13801,0,0,0,9849.3701171875,9849.3701171875,
9,139,13801,0,0,0,11678.2119140625,11678.2119140625,
9,140,13801,0,0,0,9889.283203125,9889.283203125,
9,141,13801,0,0,0,9765.734375,9765.734375,
9,142,13801,0,0,0,14062.3134765625,14062.3134765625,
9,143,13801,0,0,0,10193.4453125,10193.4453125,
9,144,13801,0,0,0,10008.474609375,10008.474609375,
9,145,13801,0,0,0,11488.3681640625,11488.3681640625,
9,146,13801,0,0,0,9705.810546875,9705.810546875,
9,147,13801,0,0,0,15656.177734375,15656.177734375,
9,148,13801,0,0,0,9094.642578125,9094.642578125,
9,149,13801,0,0,0,9090.189453125,9090.189453125,
9,150,13801,0,1,1,13987.6474609375,13987.6474609375,7534
9,151,13801,0,0,0,10090.505859375,10090.505859375,
9,152,13801,0,0,0,9440.5302734375,9440.5302734375,
9,153,13801,0,0,0,9959.2265625,9959.2265625,
9,154,13801,0,0,0,9154.171875,9154.171875,
9,155,13801,0,0,0,11524.3232421875,11524.3232421875,
9,156,13801,0,2,2,13723.8203125,13723.8203125,723 2015
9,157,13801,0,0,0,9472.705078125,9472.705078125,
9,158,13801,0,0,0,12195.6552734375,12195.6552734375,
9,159,13801,0,0,0,12781.9990234375,12781.9990234375,
9,160,13801,0,0,0,12195.470703125,12195.470703125,
9,161,13801,0,0,0,9425.57421875,9425.57421875,
9,162,13801,0,0,0,10947.763671875,10947.763671875,
9,163,13801,0,0,0,10461.439453125,10461.439453125,
9,164,13801,0,0,0,9475.1650390625,9475.1650390625,
9,165,13801,0,0,0,9976.4658203125,9976.4658203125,
9,166,13801,0,0,0,9738.671875,9738.671875,
9,167,13801,0,5,10,20623.96875,17941.55859375,1930 6562 6566 6597 6599
9,168,13801,0,0,0,12946.751953125,12946.751953125,
9,169,13801,0,0,0,9113.630859375,9113.630859375,
9,170,13801,0,0,0,10607.5908203125,10607.5908203125,
9,171,13801,0,0,0,9771.9169921875,9771.9169921875,
9,172,13801,0,0,1,17110.6953125,17110.6953125,
9,173,13801,0,0,0,14221.404296875,14221.404296875,
9,174,13801,0,0,0,8679.0927734375,8679.0927734375,
9,175,13801,0,0,0,10775.4228515625,10775.4228515625,
9,176,13801,0,1,1,16231.548828125,16231.548828125,9035
9,177,13801,0,0,0,13346.51171875,13346.51171875,
9,178,13801,0,0,0,8773.6845703125,8773.6845703125,
9,179,13801,0,0,0,10333.0966796875,10333.0966796875,
9,180,13801,0,0,0,13255.888671875,13255.888671875,
9,181,13801,0,0,0,9652.5078125,9652.5078125,
9,182,13801,0,0,0,11588.9267578125,11588.9267578125,
9,183,13801,0,0,0,11788.3828125,11788.3828125,
9,184,13801,0,0,0,11002.833984375,11002.833984375,
9,185,13801,0,0,0,9842.94140625,9842.94140625,
9,186,13801,0,0,0,10057.2451171875,10057.2451171875,
9,187,13801,0,0,0,10290.0078125,10290.0078125,
9,188,13801,0,0,0,10033.4580078125,10033.4580078125,
9,189,13801,0,0,0,15029.376953125,15029.376953125,
9,190,13801,0,0,0,11400.4287109375,11400.4287109375,
9,191,13801,0,0,0,10149.052734375,10149.052734375,
9,192,13801,0,0,0,11352.361328125,11352.361328125,
9,193,13801,0,45,41,329418506240.0,1081673728.0,599 601 604 606 608 611 622 749 752 754 758 767 1705 2037 6834 8081 8864 10233 10592 10594 10599 10600 10603 10605 10607 10612 10614 10620 10725 12662 12664 12667 12672 12677 12796 12813 12815 12817 12820 12823 12828 12833 12837 12838 12847
9,194,13801,0,0,0,10820.3349609375,10820.3349609375,
9,195,13801,0,0,0,8951.771484375,8951.771484375,
9,196,13801,0,0,0,11624.3173828125,11624.3173828125,
9,197,13801,0,0,0,9339.181640625,9339.181640625,
9,198,13801,0,0,0,9267.9140625,9267.9140625,
9,199,13801,0,0,0,12851.4677734375,12851.4677734375,
9,200,13801,0,0,0,10976.2490234375,10976.2490234375,
9,201,13801,0,0,0,10517.822265625,10517.822265625,
9,202,13801,0,0,0,10176.591796875,10176.591796875,
9,203,13801,0,0,0,10663.5185546875,10663.5185546875,
9,204,13801,0,0,0,8889.6533203125,8889.6533203125,
9,205,13801,0,0,0,9383.05859375,9383.05859375,
9,206,13801,0,0,0,11301.4365234375,11301.4365234375,
9,207,13801,0,0,0,10582.7255859375,10582.7255859375,
9,208,13801,0,0,0,12317.6259765625,12317.6259765625,
9,209,13801,0,0,0,10202.154296875,10202.154296875,
9,210,13801,0,0,0,10197.2236328125,10197.2236328125,
9,211,13801,0,0,0,8728.8095703125,8728.8095703125,
9,212,13801,0,0,0,11552.7392578125,11552.7392578125,
9,213,13801,0,0,0,12071.5693359375,12071.5693359375,
9,214,13801,0,0,0,9105.7099609375,9105.7099609375,
9,215,13801,0,0,0,9926.3046875,9926.3046875,
9,216,13801,0,0,0,9141.259765625,9141.259765625,
9,217,13801,0,0,0,10741.7744140625,10741.7744140625,
9,218,13801,0,1,0,14932.1328125,14932.1328125,8854
9,219,13801,0,0,0,10525.3037109375,10525.3037109375,
9,220,13801,0,0,0,8945.69140625,8945.69140625,
9,221,13801,0,0,0,11496.64453125,11496.64453125,
9,222,13801,0,0,0,11971.486328125,11971.486328125,
9,223,13801,0,0,0,11016.486328125,11016.486328125,
9,224,13801,0,0,0,10540.8701171875,10540.8701171875,
9,225,13801,0,0,0,8956.3076171875,8956.3076171875,
9,226,13801,0,0,0,9228.13671875,9228.13671875,
9,227,13801,0,0,2,16436.08984375,16436.08984375,
9,228,13801,0,0,0,9526.025390625,9526.025390625,
9,229,13801,0,0,1,16599.455078125,16599.455078125,
9,230,13801,0,0,0,9694.7939453125,9694.7939453125,
9,231,13801,0,0,0,9835.6171875,9835.6171875,
9,232,13801,0,0,0,9046.228515625,9046.228515625,
9,233,13801,0,0,0,9964.404296875,9964.404296875,
9,234,13801,0,0,0,9268.462890625,9268.462890625,
9,235,13801,0,0,0,8969.693359375,8969.693359375,
9,236,13801,0,0,0,9471.755859375,9471.755859375,
9,237,13801,0,0,0,9088.220703125,9088.220703125,
9,238,13801,0,3,5,15670.849609375,15670.849609375,4072 9742 9745
9,239,13801,0,0,0,11687.6953125,11687.6953125,
9,240,13801,0,0,0,10055.6484375,10055.6484375,
9,241,13801,0,0,0,10151.3369140625,10151.3369140625,
9,242,13801,0,0,0,8916.8984375,8916.8984375,
9,243,13801,0,0,0,10256.13671875,10256.13671875,
9,244,13801,0,0,0,11788.1826171875,11788.1826171875,
9,245,13801,0,0,0,9446.4111328125,9446.4111328125,
9,246,13801,0,0,0,8947.123046875,8947.123046875,
9,247,13801,0,0,0,9613.2880859375,9613.2880859375,
9,248,13801,0,0,0,11935.1865234375,11935.1865234375,
9,249,13801,0,0,0,9300.5185546875,9300.5185546875,
9,250,13801,0,0,0,14547.185546875,14547.185546875,
9,251,13801,0,0,0,11458.7529296875,11458.7529296875,
9,252,13801,0,0,0,8961.2880859375,8961.2880859375,
9,253,13801,0,0,0,9220.16796875,9220.16796875,
9,254,13801,0,0,0,9149.251953125,9149.251953125,
9,255,13801,0,0,0,13857.1279296875,13857.1279296875,
9,256,13801,0,0,0,9388.6630859375,9388.6630859375,
9,257,13801,0,0,0,10025.9091796875,10025.9091796875,
9,258,13801,0,0,0,9384.3095703125,9384.3095703125,
9,259,13801,0,0,0,11303.220703125,11303.220703125,
9,260,13801,0,0,0,9551.5810546875,9551.5810546875,
9,261,13801,0,0,0,9758.556640625,9758.556640625,
9,262,13801,0,0,0,11221.017578125,11221.017578125,
9,263,13801,0,0,0,9876.9619140625,9876.9619140625,
9,264,13801,0,0,0,9642.87890625,9642.87890625,
9,265,13801,0,0,0,13185.525390625,13185.525390625,
9,266,13801,0,0,0,8960.8623046875,8960.8623046875,
9,267,13801,0,0,0,9478.669921875,9478.669921875,
9,268,13801,0,0,0,9563.4384765625,9563.4384765625,
9,269,13801,0,0,0,11123.95703125,11123.95703125,
9,270,13801,0,0,0,13735.45703125,13735.45703125,
9,271,13801,0,0,0,12675.3427734375,12675.3427734375,
9,272,13801,0,0,0,12411.49609375,12411.49609375,
9,273,13801,0,0,0,9583.8818359375,9583.8818359375,
9,274,13801,0,0,0,10627.28125,10627.28125,
9,275,13801,0,0,0,9768.7802734375,9768.7802734375,
9,276,13801,0,0,0,9345.5654296875,9345.5654296875,
9,277,13801,0,0,0,9116.375,9116.375,
9,278,13801,0,0,0,10136.9951171875,10136.9951171875,
9,279,13801,0,0,0,10181.9267578125,10181.9267578125,
9,280,13801,0,0,0,11108.103515625,11108.103515625,
9,281,13801,0,0,0,11804.4716796875,11804.4716796875,
9,282,13801,0,0,0,10872.244140625,10872.244140625,
9,283,13801,0,0,0,12868.1513671875,12868.1513671875,
9,284,13801,0,0,0,10978.08984375,10978.08984375,
9,285,13801,0,0,0,9451.4384765625,9451.4384765625,
9,286,13801,0,0,0,10265.3857421875,10265.3857421875,
9,287,13801,0,0,0,8755.5078125,8755.5078125,
9,288,13801,0,0,0,10224.392578125,10224.392578125,
9,289,13801,0,0,0,9300.767578125,9300.767578125,
9,290,13801,0,0,0,9627.3056640625,9627.3056640625,
9,291,13801,0,0,0,10494.6982421875,10494.6982421875,
9,292,13801,0,0,0,8776.705078125,8776.705078125,
9,293,13801,0,0,0,10052.876953125,10052.876953125,
9,294,13801,0,0,0,9398.2119140625,9398.2119140625,
9,295,13801,0,0,0,9857.6318359375,9857.6318359375,
9,296,13801,0,0,0,9201.7646484375,9201.7646484375,
9,297,13801,0,0,0,9565.134765625,9565.134765625,
9,298,13801,0,0,0,10664.2666015625,10664.2666015625,
9,299,13801,0,0,0,10171.5,10171.5,
9,300,13801,0,0,0,11260.3408203125,11260.3408203125,
10,1,13801,0,0,0,3433.089111328125,3433.089111328125,
10,2,13801,0,0,0,3688.416015625,3688.416015625,
10,3,13801,0,0,1,7087.6240234375,6236.6259765625,
10,4,13801,0,0,0,3433.72509765625,3433.72509765625,
10,5,13801,0,0,0,3335.863037109375,3335.863037109375,
10,6,13801,0,0,0,3532.091064453125,3532.091064453125,
10,7,13801,0,0,0,3426.55810546875,3426.55810546875,
10,8,13801,0,0,0,4248.18994140625,4248.18994140625,
10,9,13801,0,0,0,3424.943115234375,3424.943115234375,
10,10,13801,0,0,0,3821.779052734375,3821.779052734375,
10,11,13801,0,0,0,3596.56201171875,3596.56201171875,
10,12,13801,0,0,0,3507.291015625,3507.291015625,
10,13,13801,0,0,0,3364.861083984375,3364.861083984375,
10,14,13801,0,0,0,4330.8740234375,4330.8740234375,
10,15,13801,0,0,0,3438.60400390625,3438.60400390625,
10,16,13801,0,0,0,3677.488037109375,3677.488037109375,
10,17,13801,0,0,0,3459.531982421875,3459.531982421875,
10,18,13801,0,0,0,4777.45703125,4777.45703125,
10,19,13801,0,0,0,3412.68701171875,3412.68701171875,
10,20,13801,0,0,0,3402.85595703125,3402.85595703125,
10,21,13801,0,0,0,3520.555908203125,3520.555908203125,
10,22,13801,0,45,18,26814132.0,810988.9375,705 715 737 4104 4107 4112 5649 5653 5658 5660 5675 5678 5705 8868 8870 8882 8884 8888 8922 8927 8928 8940 8979 8981 8988 9000 9763 10212 10219 10222 10225 10227 10228 10231 10235 10238 10240 10259 10262 10271 10274 10319 12764 12765 12774
10,23,13801,0,0,0,3835.5009765625,3835.5009765625,
10,24,13801,0,0,0,3613.092041015625,3613.092041015625,
10,25,13801,0,0,0,4700.73388671875,4700.73388671875,
10,26,13801,0,0,0,4749.4208984375,4749.4208984375,
10,27,13801,0,0,0,3710.7470703125,3710.7470703125,
10,28,13801,0,0,0,3843.949951171875,3843.949951171875,
10,29,13801,0,0,0,3434.76708984375,3434.76708984375,
10,30,13801,0,0,0,4715.47314453125,4715.47314453125,
10,31,13801,0,0,0,3399.820068359375,3399.820068359375,
10,32,13801,0,0,0,4232.14111328125,4232.14111328125,
10,33,13801,0,0,0,4859.548828125,4859.548828125,
10,34,13801,0,0,0,3484.550048828125,3484.550048828125,
10,35,13801,0,0,0,3576.9140625,3576.9140625,
10,36,13801,0,0,0,3923.571044921875,3923.571044921875,
10,37,13801,0,0,0,3529.79296875,3529.79296875,
10,38,13801,0,0,0,3726.551025390625,3726.551025390625,
10,39,13801,0,0,0,3595.14892578125,3595.14892578125,
10,40,13801,0,0,0,3390.652099609375,3390.652099609375,
10,41,13801,0,0,0,3604.3330078125,3604.3330078125,
10,42,13801,0,0,0,4810.43701171875,4810.43701171875,
10,43,13801,0,0,0,3889.6640625,3889.6640625,
10,44,13801,0,0,0,3384.761962890625,3384.761962890625,
10,45,13801,0,0,0,3460.339111328125,3460.339111328125,
10,46,13801,0,0,0,3631.156005859375,3631.156005859375,
10,47,13801,0,0,0,3525.656005859375,3525.656005859375,
10,48,13801,0,0,0,3394.032958984375,3394.032958984375,
10,49,13801,0,0,0,3482.06201171875,3482.06201171875,
10,50,13801,0,0,0,5465.93115234375,5465.93115234375,
10,51,13801,0,0,0,3507.823974609375,3507.823974609375,
10,52,13801,0,0,0,4965.2890625,4965.2890625,
10,53,13801,0,0,0,3524.217041015625,3524.217041015625,
10,54,13801,0,0,0,3529.89404296875,3529.89404296875,
10,55,13801,0,0,0,4794.42822265625,4794.42822265625,
10,56,13801,0,17,21,34428.48828125,22429.580078125,729 1899 3773 6775 8129 8131 8134 8141 10553 10577 10585 10587 12765 12796 12799 12812 13177
10,57,13801,0,0,1,5194.041015625,5194.041015625,
10,58,13801,0,0,0,4839.19091796875,4839.19091796875,
10,59,13801,0,0,0,4068.06396484375,4068.06396484375,
10,60,13801,0,0,0,3383.6201171875,3383.6201171875,
10,61,13801,0,0,0,3393.89306640625,3393.89306640625,
10,62,13801,0,0,0,3724.531005859375,3724.531005859375,
10,63,13801,0,0,0,3637.10107421875,3637.10107421875,
10,64,13801,0,0,0,6378.65185546875,6378.65185546875,
10,65,13801,0,0,0,3512.6689453125,3512.6689453125,
10,66,13801,0,0,0,3597.6630859375,3597.6630859375,
10,67,13801,0,0,0,4043.048095703125,4043.048095703125,
10,68,13801,0,0,0,4434.2529296875,4434.2529296875,
10,69,13801,0,0,0,3441.489990234375,3441.489990234375,
10,70,13801,0,0,0,4678.56884765625,4678.56884765625,
10,71,13801,0,0,0,3928.009033203125,3928.009033203125,
10,72,13801,0,0,0,3440.72900390625,3440.72900390625,
10,73,13801,0,0,0,3471.837890625,3471.837890625,
10,74,13801,0,0,0,3374.10205078125,3374.10205078125,
10,75,13801,0,0,0,3552.22705078125,3552.22705078125,
10,76,13801,0,0,0,3432.25,3432.25,
10,77,13801,0,95,53,28259624.0,446221.53125,562 686 690 706 708 712 726 742 1770 1886 2040 2043 2046 2049 2051 2056 2057 2112 2114 2132 2964 2966 2969 2976 2981 2994 2998 3000 3665 3671 3676 3795 3801 3813 3818 3823 3830 3834 4117 4133 4722 6592 6594 6599 6621 6632 6898 7548 7550 7554 7593 7596 7601 8979 8989 8992 8999 9765 10244 10246 10252 10253 10258 10268 10281 10299 10539 10543 10574 10986 11206 11904 12109 12110 12115 12118 12251 12254 12262 12265 12489 12631 12634 12636 12638 12653 12660 12663 12665 12668 12750 12751 12753 12785 12799
10,78,13801,0,0,0,4706.94287109375,4706.94287109375,
10,79,13801,0,0,0,3677.26708984375,3677.26708984375,
10,80,13801,0,0,0,3420.02392578125,3420.02392578125,
10,81,13801,0,1,0,5559.7939453125,5559.7939453125,8304
10,82,13801,0,0,0,4383.919921875,4383.919921875,
10,83,13801,0,0,0,3546.34912109375,3546.34912109375,
10,84,13801,0,0,0,3348.360107421875,3348.360107421875,
10,85,13801,0,0,0,4603.32080078125,4603.32080078125,
10,86,13801,0,0,0,3443.676025390625,3443.676025390625,
10,87,13801,0,0,0,3554.001953125,3554.001953125,
10,88,13801,0,0,0,3533.2119140625,3533.2119140625,
10,89,13801,0,0,0,3939.806884765625,3939.806884765625,
10,90,13801,0,0,0,3681.52294921875,3681.52294921875,
10,91,13801,0,0,0,3379.1669921875,3379.1669921875,
10,92,13801,0,0,0,3897.72998046875,3897.72998046875,
10,93,13801,0,0,0,3439.31396484375,3439.31396484375,
10,94,13801,0,0,0,3405.491943359375,3405.491943359375,
10,95,13801,0,0,0,3437.64794921875,3437.64794921875,
10,96,13801,0,0,0,4152.25390625,4152.25390625,
10,97,13801,0,0,0,3613.529052734375,3613.529052734375,
10,98,13801,0,0,0,3314.950927734375,3314.950927734375,
10,99,13801,0,0,0,4685.52685546875,4685.52685546875,
10,100,13801,0,3,6,8229.1845703125,8229.1845703125,3663 3666 6977
10,101,13801,0,0,0,3419.8291015625,3419.8291015625,
10,102,13801,0,0,0,3353.465087890625,3353.465087890625,
10,103,13801,0,0,0,3493.89111328125,3493.89111328125,
10,104,13801,0,0,0,3562.51806640625,3562.51806640625,
10,105,13801,0,0,0,4788.2861328125,4788.2861328125,
10,106,13801,0,0,0,3823.56005859375,3823.56005859375,
10,107,13801,0,0,0,3392.339111328125,3392.339111328125,
10,108,13801,0,0,0,3391.68408203125,3391.68408203125,
10,109,13801,0,0,0,3353.405029296875,3353.405029296875,
10,110,13801,0,0,0,4302.3388671875,4302.3388671875,
10,111,13801,0,0,0,3787.903076171875,3787.903076171875,
10,112,13801,0,0,0,3653.909912109375,3653.909912109375,
10,113,13801,0,0,0,4144.80419921875,4144.80419921875,
10,114,13801,0,0,0,3586.23095703125,3586.23095703125,
10,115,13801,0,0,0,3663.882080078125,3663.882080078125,
10,116,13801,0,0,0,3580.493896484375,3580.493896484375,
10,117,13801,0,0,0,3427.944091796875,3427.944091796875,
10,118,13801,0,0,0,3555.337890625,3555.337890625,
10,119,13801,0,0,0,4342.48291015625,4342.48291015625,
10,120,13801,0,0,0,4354.68994140625,4354.68994140625,
10,121,13801,0,0,0,3500.3369140625,3500.3369140625,
10,122,13801,0,0,0,3377.242919921875,3377.242919921875,
10,123,13801,0,0,0,3375.0,3375.0,
10,124,13801,0,0,0,3571.943115234375,3571.943115234375,
10,125,13801,0,0,0,3636.56494140625,3636.56494140625,
10,126,13801,0,0,0,4011.613037109375,4011.613037109375,
10,127,13801,0,0,0,3352.513916015625,3352.513916015625,
10,128,13801,0,0,0,4197.56103515625,4197.56103515625,
10,129,13801,0,0,0,3670.39404296875,3670.39404296875,
10,130,13801,0,0,0,3880.325927734375,3880.325927734375,
10,131,13801,0,0,0,4963.509765625,4963.509765625,
10,132,13801,0,0,0,3858.87890625,3858.87890625,
10,133,13801,0,0,0,3566.4970703125,3566.4970703125,
10,134,13801,0,0,0,3468.242919921875,3468.242919921875,
10,135,13801,0,0,0,4469.990234375,4469.990234375,
10,136,13801,0,0,0,3400.0390625,3400.0390625,
10,137,13801,0,0,0,4609.8671875,4609.8671875,
10,138,13801,0,0,0,3801.177978515625,3801.177978515625,
10,139,13801,0,0,0,3520.5439453125,3520.5439453125,
10,140,13801,0,0,0,4849.212890625,4849.212890625,
10,141,13801,0,0,0,3831.01611328125,3831.01611328125,
10,142,13801,0,0,0,3373.70703125,3373.70703125,
10,143,13801,0,0,0,4381.7939453125,4381.7939453125,
10,144,13801,0,0,0,4007.12109375,4007.12109375,
10,145,13801,0,0,0,3892.7880859375,3892.7880859375,
10,146,13801,0,0,0,3607.412109375,3607.412109375,
10,147,13801,0,0,2,7302.1328125,7302.1328125,
10,148,13801,0,0,0,3552.172119140625,3552.172119140625,
10,149,13801,0,0,0,3546.56298828125,3546.56298828125,
10,150,13801,0,0,0,3375.74609375,3375.74609375,
10,151,13801,0,0,0,3398.884033203125,3398.884033203125,
10,152,13801,0,0,0,3587.656005859375,3587.656005859375,
10,153,13801,0,0,0,3335.469970703125,3335.469970703125,
10,154,13801,0,0,0,3409.845947265625,3409.845947265625,
10,155,13801,0,0,0,3719.81005859375,3719.81005859375,
10,156,13801,0,0,0,3637.467041015625,3637.467041015625,
10,157,13801,0,0,0,3463.991943359375,3463.991943359375,
10,158,13801,0,0,0,3719.2880859375,3719.2880859375,
10,159,13801,0,0,0,3379.8359375,3379.8359375,
10,160,13801,0,0,0,3763.47509765625,3763.47509765625,
10,161,13801,0,0,0,3487.10009765625,3487.10009765625,
10,162,13801,0,0,0,3819.513916015625,3819.513916015625,
10,163,13801,0,0,0,3570.423095703125,3570.423095703125,
10,164,13801,0,0,0,3563.139892578125,3563.139892578125,
10,165,13801,0,0,0,4375.201171875,4375.201171875,
10,166,13801,0,0,0,3499.95703125,3499.95703125,
10,167,13801,0,0,0,3558.0029296875,3558.0029296875,
10,168,13801,0,0,0,4088.35107421875,4088.35107421875,
10,169,13801,0,0,0,3644.84912109375,3644.84912109375,
10,170,13801,0,0,0,3405.0,3405.0,
10,171,13801,0,0,0,4435.93115234375,4435.93115234375,
10,172,13801,0,0,0,3960.662109375,3960.662109375,
10,173,13801,0,1,2,5263.7548828125,5263.7548828125,744
10,174,13801,0,0,0,4105.06787109375,4105.06787109375,
10,175,13801,0,0,0,3778.404052734375,3778.404052734375,
10,176,13801,0,0,0,3635.280029296875,3635.280029296875,
10,177,13801,0,0,0,3459.256103515625,3459.256103515625,
10,178,13801,0,0,0,3367.1708984375,3367.1708984375,
10,179,13801,0,0,0,3573.256103515625,3573.256103515625,
10,180,13801,0,0,0,3714.5419921875,3714.5419921875,
10,181,13801,0,0,0,3332.264892578125,3332.264892578125,
10,182,13801,0,0,0,3299.01708984375,3299.01708984375,
10,183,13801,0,0,0,3417.73388671875,3417.73388671875,
10,184,13801,0,0,0,4172.81005859375,4172.81005859375,
10,185,13801,0,0,0,4253.34716796875,4253.34716796875,
10,186,13801,0,0,0,3750.51708984375,3750.51708984375,
10,187,13801,0,41,34,114374.828125,48635.02734375,698 706 708 1959 2066 2069 2445 6603 8122 8136 8144 8146 8304 8596 8680 8866 8871 8875 8876 8877 8881 8889 8912 8971 8991 9004 9669 9672 9674 9675 9677 9678 9683 9684 9687 9700 9711 9726 9728 10244 10251
10,188,13801,0,22,36,945478.75,404680.84375,702 704 705 708 710 711 713 740 757 767 2044 2958 2961 2966 2998 3002 6630 10256 10547 12767 12770 12835
10,189,13801,0,0,0,3912.930908203125,3912.930908203125,
10,190,13801,0,0,0,4727.56982421875,4727.56982421875,
10,191,13801,0,0,0,3399.06396484375,3399.06396484375,
10,192,13801,0,0,0,3644.85693359375,3644.85693359375,
10,193,13801,0,0,0,3839.416015625,3839.416015625,
10,194,13801,0,0,0,3630.14501953125,3630.14501953125,
10,195,13801,0,0,0,3371.76708984375,3371.76708984375,
10,196,13801,0,0,0,3541.6259765625,3541.6259765625,
10,197,13801,0,0,0,3310.8759765625,3310.8759765625,
10,198,13801,0,0,0,3825.430908203125,3825.430908203125,
10,199,13801,0,0,0,3515.013916015625,3515.013916015625,
10,200,13801,0,0,0,3499.22998046875,3499.22998046875,
10,201,13801,0,0,0,4793.55078125,4793.55078125,
10,202,13801,0,0,0,4859.86376953125,4859.86376953125,
10,203,13801,0,0,0,3709.14697265625,3709.14697265625,
10,204,13801,0,0,0,3507.072021484375,3507.072021484375,
10,205,13801,0,2,5,5655.77294921875,5655.77294921875,2082 10245
10,206,13801,0,0,0,3520.60107421875,3520.60107421875,
10,207,13801,0,0,0,4566.68017578125,4566.68017578125,
10,208,13801,0,0,0,3773.451904296875,3773.451904296875,
10,209,13801,0,0,0,3730.39892578125,3730.39892578125,
10,210,13801,0,0,0,3428.576904296875,3428.576904296875,
10,211,13801,0,0,0,3472.0439453125,3472.0439453125,
10,212,13801,0,0,0,3667.493896484375,3667.493896484375,
10,213,13801,0,0,0,3808.1201171875,3808.1201171875,
10,214,13801,0,0,0,4051.9189453125,4051.9189453125,
10,215,13801,0,0,0,4112.30322265625,4112.30322265625,
10,216,13801,0,0,1,6192.5390625,6192.5390625,
10,217,13801,0,0,0,3464.965087890625,3464.965087890625,
10,218,13801,0,0,0,3732.342041015625,3732.342041015625,
10,219,13801,0,0,0,3854.047119140625,3854.047119140625,
10,220,13801,0,0,0,4823.5078125,4823.5078125,
10,221,13801,0,0,0,3466.385009765625,3466.385009765625,
10,222,13801,0,0,0,3487.18994140625,3487.18994140625,
10,223,13801,0,0,0,3438.6689453125,3438.6689453125,
10,224,13801,0,105,55,64256900.0,824261.8125,401 555 558 560 566 571 574 584 608 682 703 706 709 711 715 729 1352 1877 1879 1899 2039 2052 2450 2965 2967 2968 2975 2978 2981 2989 2990 2994 3001 3008 3011 3027 3041 3662 3680 3799 3811 3820 4134 4678 4685 4687 4693 4753 5632 5654 5989 6716 6718 6720 6727 6757 6845 6906 6915 6926 8873 8886 8895 8983 9789 9835 9837 9839 10242 10250 10260 10265 10269 10283 10290 10403 10432 10541 10558 10686 12267 12272 12293 12300 12322 12467 12470 12471 12475 12476 12484 12618 12627 12630 12632 12639 12641 12650 12655 12657 12663 12778 12792 13174 13176
10,225,13801,0,0,0,3503.27392578125,3503.27392578125,
10,226,13801,0,0,0,3448.826904296875,3448.826904296875,
10,227,13801,0,0,0,3789.30908203125,3789.30908203125,
10,228,13801,0,0,0,3752.52197265625,3752.52197265625,
10,229,13801,0,0,0,4318.384765625,4318.384765625,
10,230,13801,0,0,0,3468.800048828125,3468.800048828125,
10,231,13801,0,0,0,4339.33984375,4339.33984375,
10,232,13801,0,0,0,4410.98193359375,4410.98193359375,
10,233,13801,0,0,0,3568.9189453125,3568.9189453125,
10,234,13801,0,80,50,38304080.0,8641655.0,400 599 683 685 687 692 693 702 709 710 715 728 756 771 1074 1264 1284 1892 1901 2039 2048 2093 3667 3669 3676 3688 3713 4105 4115 4683 5784 6592 6603 6721 6723 6748 6888 6890 6891 6909 7558 7843 7846 7857 7886 8862 9786 9790 9793 9794 9797 9799 9817 10285 10540 10541 10543 10545 10689 11897 11907 11916 11934 11942 11951 11962 12260 12274 12340 12464 12466 12470 12659 12745 12752 12755 12763 12771 12790 13120
10,235,13801,0,0,0,3473.4599609375,3473.4599609375,
10,236,13801,0,0,0,4045.052001953125,4045.052001953125,
10,237,13801,0,0,0,4404.28076171875,4404.28076171875,
10,238,13801,0,0,0,3823.3779296875,3823.3779296875,
10,239,13801,0,9,3,244790.28125,25761.609375,709 711 716 718 758 2025 2029 2031 2057
10,240,13801,0,0,0,3784.85693359375,3784.85693359375,
10,241,13801,0,0,0,3483.799072265625,3483.799072265625,
10,242,13801,0,0,0,3629.7099609375,3629.7099609375,
10,243,13801,0,0,0,3388.06201171875,3388.06201171875,
10,244,13801,0,0,0,3975.967041015625,3975.967041015625,
10,245,13801,0,0,0,3432.77197265625,3432.77197265625,
10,246,13801,0,0,0,3502.737060546875,3502.737060546875,
10,247,13801,0,0,0,3570.902099609375,3570.902099609375,
10,248,13801,0,0,0,3484.198974609375,3484.198974609375,
10,249,13801,0,0,0,3375.717041015625,3375.717041015625,
10,250,13801,0,0,1,5108.8349609375,5108.8349609375,
10,251,13801,0,0,0,3424.321044921875,3424.321044921875,
10,252,13801,0,0,0,3959.7041015625,3959.7041015625,
10,253,13801,0,0,0,3576.014892578125,3576.014892578125,
10,254,13801,0,0,0,3472.135009765625,3472.135009765625,
10,255,13801,0,0,0,3757.39892578125,3757.39892578125,
10,256,13801,0,0,0,3632.806884765625,3632.806884765625,
10,257,13801,0,0,0,3499.1650390625,3499.1650390625,
10,258,13801,0,0,0,4790.7841796875,4790.7841796875,
10,259,13801,0,0,0,3395.070068359375,3395.070068359375,
10,260,13801,0,0,0,3474.569091796875,3474.569091796875,
10,261,13801,0,0,0,3427.31103515625,3427.31103515625,
10,262,13801,0,0,0,3550.718994140625,3550.718994140625,
10,263,13801,0,0,0,3664.323974609375,3664.323974609375,
10,264,13801,0,0,0,5459.89306640625,5459.89306640625,
10,265,13801,0,0,0,3430.802978515625,3430.802978515625,
10,266,13801,0,0,0,3510.2880859375,3510.2880859375,
10,267,13801,0,0,0,3487.51806640625,3487.51806640625,
10,268,13801,0,0,0,5765.40283203125,5765.40283203125,
10,269,13801,0,0,0,3816.37109375,3816.37109375,
10,270,13801,0,0,0,4251.0380859375,4251.0380859375,
10,271,13801,0,0,0,3366.43896484375,3366.43896484375,
10,272,13801,0,0,0,3657.876953125,3657.876953125,
10,273,13801,0,0,0,3418.60693359375,3418.60693359375,
10,274,13801,0,0,0,3357.26806640625,3357.26806640625,
10,275,13801,0,41,33,16212712.0,782653.9375,708 1868 1870 1871 1877 1883 1899 1905 1956 1958 1960 1962 1967 2046 3687 3722 3798 3799 3803 3893 3921 4106 4768 5650 6611 6622 6725 8031 8865 8867 8869 8874 9062 9063 9073 9082 9674 9675 9677 9686 10273
10,276,13801,0,0,0,3446.72998046875,3446.72998046875,
10,277,13801,0,0,0,3494.489013671875,3494.489013671875,
10,278,13801,0,15,22,28300.44140625,19960.021484375,697 698 714 809 892 10290 10597 12139 12253 12768 12791 12822 13143 13197 13231
10,279,13801,0,0,0,3509.44189453125,3509.44189453125,
10,280,13801,0,0,0,4016.717041015625,4016.717041015625,
10,281,13801,0,0,1,9532.509765625,9532.509765625,
10,282,13801,0,0,0,4414.3740234375,4414.3740234375,
10,283,13801,0,0,0,3582.162109375,3582.162109375,
10,284,13801,0,0,0,3522.22607421875,3522.22607421875,
10,285,13801,0,0,0,3564.01611328125,3564.01611328125,
10,286,13801,0,1,1,4566.48583984375,4566.48583984375,12802
10,287,13801,0,0,0,3951.60888671875,3951.60888671875,
10,288,13801,0,0,0,3584.403076171875,3584.403076171875,
10,289,13801,0,0,0,3405.780029296875,3405.780029296875,
10,290,13801,0,0,0,3546.35009765625,3546.35009765625,
10,291,13801,0,0,0,3564.81005859375,3564.81005859375,
10,292,13801,0,0,0,3519.41796875,3519.41796875,
10,293,13801,0,0,0,3371.172119140625,3371.172119140625,
10,294,13801,0,0,0,3951.819091796875,3951.819091796875,
10,295,13801,0,0,0,3819.845947265625,3819.845947265625,
10,296,13801,0,0,0,3623.781005859375,3623.781005859375,
10,297,13801,0,0,0,3495.089111328125,3495.089111328125,
10,298,13801,0,0,0,4510.34521484375,4510.34521484375,
10,299,13801,0,0,0,4241.0400390625,4241.0400390625,
10,300,13801,0,0,0,4052.514892578125,4052.514892578125,
11,1,13801,0,0,0,10486.7626953125,10486.7626953125,
11,2,13801,0,0,0,12079.791015625,12079.791015625,
11,3,13801,0,6,15,28825.77734375,28825.77734375,1346 6582 6963 6997 7021 9764
11,4,13801,0,0,0,11275.8134765625,11275.8134765625,
11,5,13801,0,0,0,12970.5087890625,12970.5087890625,
11,6,13801,0,0,0,12687.984375,12687.984375,
11,7,13801,0,0,0,10624.3369140625,10624.3369140625,
11,8,13801,0,0,0,10472.810546875,10472.810546875,
11,9,13801,0,0,0,10741.837890625,10741.837890625,
11,10,13801,0,0,0,14158.7177734375,14158.7177734375,
11,11,13801,0,2,11,20772.78515625,17919.388671875,1955 5011
11,12,13801,0,0,0,11004.3583984375,11004.3583984375,
11,13,13801,0,0,0,10564.822265625,10564.822265625,
11,14,13801,0,0,0,10928.783203125,10928.783203125,
11,15,13801,0,0,0,11285.8271484375,11285.8271484375,
11,16,13801,0,0,0,10309.1142578125,10309.1142578125,
11,17,13801,0,0,0,11106.8994140625,11106.8994140625,
11,18,13801,0,0,0,11115.8056640625,11115.8056640625,
11,19,13801,0,0,0,11136.28515625,11136.28515625,
11,20,13801,0,0,0,14246.81640625,14246.81640625,
11,21,13801,0,0,0,10494.318359375,10494.318359375,
11,22,13801,0,31,29,943211968.0,2422979.75,2025 2049 2147 2149 2159 2161 2178 2181 2184 2193 3878 6577 6580 6581 6583 6587 6589 6594 6612 6615 8926 8933 8934 8943 8949 8951 8955 8960 8962 8979 12441
11,23,13801,0,0,0,10987.9267578125,10987.9267578125,
11,24,13801,0,0,0,11111.9169921875,11111.9169921875,
11,25,13801,0,0,0,11572.40234375,11572.40234375,
11,26,13801,0,0,0,11069.005859375,11069.005859375,
11,27,13801,0,0,0,10793.83203125,10793.83203125,
11,28,13801,0,0,0,10293.4814453125,10293.4814453125,
11,29,13801,0,0,1,15702.5654296875,15702.5654296875,
11,30,13801,0,0,0,13238.271484375,13238.271484375,
11,31,13801,0,0,0,11088.5712890625,11088.5712890625,
11,32,13801,0,0,0,14266.720703125,14266.720703125,
11,33,13801,0,0,0,12546.568359375,12546.568359375,
11,34,13801,0,0,0,12287.9990234375,12287.9990234375,
11,35,13801,0,0,0,11178.005859375,11178.005859375,
11,36,13801,0,0,5,19012.482421875,17670.962890625,
11,37,13801,0,0,0,13326.435546875,13326.435546875,
11,38,13801,0,0,0,13962.7265625,13962.7265625,
11,39,13801,0,0,0,12172.2958984375,12172.2958984375,
11,40,13801,0,0,0,10754.4345703125,10754.4345703125,
11,41,13801,0,0,0,13765.365234375,13765.365234375,
11,42,13801,0,0,0,11000.859375,11000.859375,
11,43,13801,0,1,0,13572.04296875,13572.04296875,7557
11,44,13801,0,0,0,11993.296875,11993.296875,
11,45,13801,0,0,0,10505.9384765625,10505.9384765625,
11,46,13801,0,0,0,10679.5732421875,10679.5732421875,
11,47,13801,0,0,0,12576.701171875,12576.701171875,
11,48,13801,0,0,0,13028.791015625,13028.791015625,
11,49,13801,0,0,0,11943.7333984375,11943.7333984375,
11,50,13801,0,0,1,14492.6845703125,14492.6845703125,
11,51,13801,0,0,0,10572.7431640625,10572.7431640625,
11,52,13801,0,0,0,12340.1884765625,12340.1884765625,
11,53,13801,0,0,0,10994.8720703125,10994.8720703125,
11,54,13801,0,0,0,11525.6123046875,11525.6123046875,
11,55,13801,0,0,0,10833.8291015625,10833.8291015625,
11,56,13801,0,0,0,10325.7626953125,10325.7626953125,
11,57,13801,0,0,0,11265.884765625,11265.884765625,
11,58,13801,0,0,0,12516.1796875,12516.1796875,
11,59,13801,0,0,0,10541.03515625,10541.03515625,
11,60,13801,0,0,0,10716.779296875,10716.779296875,
11,61,8929,1,44,31,711674671661056.0,711674671661056.0,278 2037 2043 3722 3724 3730 3732 3737 3742 3745 3755 3782 3783 3784 3786 3823 3827 3846 3851 3854 3858 3861 3864 3866 3869 3872 3907 3910 3914 3919 3920 3923 3926 3933 3935 3938 4200 6951 7555 8101 8103 8104 8920 8923
11,62,13801,0,0,0,13363.0849609375,13363.0849609375,
11,63,13801,0,0,0,12229.736328125,12229.736328125,
11,64,13801,0,0,0,10684.150390625,10684.150390625,
11,65,13801,0,0,0,10388.98828125,10388.98828125,
11,66,13801,0,0,0,11335.845703125,11335.845703125,
11,67,13801,0,0,0,11266.0751953125,11266.0751953125,
11,68,13801,0,0,0,10886.6171875,10886.6171875,
11,69,13801,0,0,0,13172.6064453125,13172.6064453125,
11,70,13801,0,0,0,13307.7958984375,13307.7958984375,
11,71,13801,0,0,0,14916.240234375,14916.240234375,
11,72,13801,0,0,0,12287.013671875,12287.013671875,
11,73,13801,0,0,0,12588.60546875,12588.60546875,
11,74,13801,0,0,0,10567.0234375,10567.0234375,
11,75,13801,0,0,0,11866.58203125,11866.58203125,
11,76,13801,0,0,0,11239.30859375,11239.30859375,
11,77,13801,0,0,0,12010.267578125,12010.267578125,
11,78,13801,0,0,0,10904.111328125,10904.111328125,
11,79,13801,0,0,0,12695.5322265625,12695.5322265625,
11,80,13801,0,0,2,15770.234375,15770.234375,
11,81,13801,0,0,0,12138.5078125,12138.5078125,
11,82,13801,0,0,0,14506.3017578125,14506.3017578125,
11,83,13801,0,0,0,11696.18359375,11696.18359375,
11,84,13801,0,0,1,15079.4560546875,15079.4560546875,
11,85,13801,0,0,2,16449.5078125,15797.3037109375,
11,86,13801,0,0,0,13667.580078125,13667.580078125,
11,87,13801,0,0,1,15013.46484375,15013.46484375,
11,88,13801,0,0,0,11993.76953125,11993.76953125,
11,89,13801,0,11,12,7424285.5,74794.8984375,6583 6586 6587 6607 6616 6619 6625 6628 6653 6673 8956
11,90,13801,0,0,0,12166.494140625,12166.494140625,
11,91,13801,0,0,0,13291.2861328125,13291.2861328125,
11,92,13801,0,0,0,10880.1591796875,10880.1591796875,
11,93,13801,0,0,0,12196.08984375,12196.08984375,
11,94,13801,0,0,0,10938.6201171875,10938.6201171875,
11,95,13801,0,0,0,12936.73828125,12936.73828125,
11,96,13801,0,0,0,11371.400390625,11371.400390625,
11,97,13801,0,0,0,11073.1806640625,11073.1806640625,
11,98,13801,0,0,0,13828.65234375,13828.65234375,
11,99,13801,0,0,0,11206.1396484375,11206.1396484375,
11,100,13801,0,0,0,12724.4599609375,12724.4599609375,
11,101,13801,0,0,0,11375.017578125,11375.017578125,
11,102,13801,0,0,0,12442.1474609375,12442.1474609375,
11,103,13801,0,0,0,13468.4541015625,13468.4541015625,
11,104,13801,0,0,0,10190.69921875,10190.69921875,
11,105,13801,0,0,0,11662.5712890625,11662.5712890625,
11,106,13801,0,0,0,11239.0712890625,11239.0712890625,
11,107,13801,0,0,0,10935.279296875,10935.279296875,
11,108,13801,0,0,0,10347.0673828125,10347.0673828125,
11,109,13801,0,0,0,13876.7314453125,13876.7314453125,
11,110,13801,0,0,0,12374.5517578125,12374.5517578125,
11,111,13801,0,0,0,10414.5234375,10414.5234375,
11,112,13801,0,0,2,14998.05859375,14998.05859375,
11,113,13801,0,0,0,15177.076171875,15177.076171875,
11,114,13801,0,0,0,11378.5908203125,11378.5908203125,
11,115,13801,0,0,0,13082.5068359375,13082.5068359375,
11,116,13801,0,0,0,12765.0146484375,12765.0146484375,
11,117,13801,0,0,0,11909.1435546875,11909.1435546875,
11,118,13801,0,0,0,11256.666015625,11256.666015625,
11,119,13801,0,0,0,10588.7099609375,10588.7099609375,
11,120,13801,0,0,0,10767.6337890625,10767.6337890625,
11,121,13801,0,0,0,13535.212890625,13535.212890625,
11,122,13801,0,0,0,11691.4443359375,11691.4443359375,
11,123,13801,0,0,0,12421.060546875,12421.060546875,
11,124,13801,0,0,0,11382.96875,11382.96875,
11,125,13801,0,0,0,11032.1689453125,11032.1689453125,
11,126,13801,0,0,0,10367.6220703125,10367.6220703125,
11,127,13801,0,0,2,13323.0283203125,13323.0283203125,
11,128,13801,0,0,0,10926.955078125,10926.955078125,
11,129,13801,0,0,0,12561.1865234375,12561.1865234375,
11,130,13801,0,0,0,10765.908203125,10765.908203125,
11,131,13801,0,0,0,10294.6826171875,10294.6826171875,
11,132,13801,0,0,1,15952.7392578125,15952.7392578125,
11,133,13801,0,0,0,11103.7568359375,11103.7568359375,
11,134,13801,0,0,0,11259.7880859375,11259.7880859375,
11,135,13801,0,0,0,10760.3203125,10760.3203125,
11,136,13801,0,0,0,12326.0576171875,12326.0576171875,
11,137,13801,0,0,0,10590.1083984375,10590.1083984375,
11,138,13801,0,0,0,10891.4931640625,10891.4931640625,
11,139,13801,0,0,0,11552.302734375,11552.302734375,
11,140,13801,0,0,0,11524.6005859375,11524.6005859375,
11,141,13801,0,0,0,11012.8427734375,11012.8427734375,
11,142,13801,0,0,0,10515.9189453125,10515.9189453125,
11,143,13801,0,0,0,10877.8984375,10877.8984375,
11,144,13801,0,0,0,12152.1728515625,12152.1728515625,
11,145,13801,0,0,0,10457.7138671875,10457.7138671875,
11,146,13801,0,0,0,10845.9404296875,10845.9404296875,
11,147,13801,0,0,1,15037.509765625,15037.509765625,
11,148,13801,0,0,1,15480.826171875,15480.826171875,
11,149,13801,0,0,0,11217.990234375,11217.990234375,
11,150,13801,0,0,1,15950.775390625,15950.775390625,
11,151,13801,0,0,0,11595.5419921875,11595.5419921875,
11,152,13801,0,0,0,11292.2998046875,11292.2998046875,
11,153,13801,0,0,0,12258.08203125,12258.08203125,
11,154,13801,0,0,0,11855.228515625,11855.228515625,
11,155,13801,0,0,0,13108.0556640625,13108.0556640625,
11,156,13801,0,0,0,10147.98828125,10147.98828125,
11,157,13801,0,0,0,12521.5126953125,12521.5126953125,
11,158,13801,0,0,0,13205.1181640625,13205.1181640625,
11,159,13801,0,0,0,10103.056640625,10103.056640625,
11,160,13801,0,0,0,10976.5380859375,10976.5380859375,
11,161,13801,0,0,0,13055.419921875,13055.419921875,
11,162,13801,0,0,0,11991.8115234375,11991.8115234375,
11,163,13801,0,0,0,12460.16796875,12460.16796875,
11,164,13801,0,0,1,13887.4091796875,13887.4091796875,
11,165,13801,0,0,0,11967.6103515625,11967.6103515625,
11,166,13801,0,0,0,10457.2724609375,10457.2724609375,
11,167,13801,0,0,0,12658.2451171875,12658.2451171875,
11,168,13801,0,0,0,12318.947265625,12318.947265625,
11,169,13801,0,0,2,15009.921875,15009.921875,
11,170,13801,0,0,0,12655.130859375,12655.130859375,
11,171,13801,0,0,0,14069.75390625,14069.75390625,
11,172,13801,0,0,0,12022.55078125,12022.55078125,
11,173,13801,0,0,0,10674.3115234375,10674.3115234375,
11,174,13801,0,0,0,11389.2080078125,11389.2080078125,
11,175,13801,0,0,0,11282.068359375,11282.068359375,
11,176,13801,0,0,0,11528.7197265625,11528.7197265625,
11,177,13801,0,0,0,13310.5986328125,13310.5986328125,
11,178,13801,0,0,0,10941.732421875,10941.732421875,
11,179,13801,0,0,0,11200.6533203125,11200.6533203125,
11,180,13801,0,0,0,14157.38671875,14157.38671875,
11,181,13801,0,0,0,13562.0078125,13562.0078125,
11,182,13801,0,0,0,11240.248046875,11240.248046875,
11,183,13801,0,0,0,12528.826171875,12528.826171875,
11,184,13801,0,0,0,12595.3779296875,12595.3779296875,
11,185,13801,0,0,0,11516.9208984375,11516.9208984375,
11,186,13801,0,0,1,14641.931640625,14641.931640625,
11,187,13801,0,0,1,15384.9326171875,15384.9326171875,
11,188,13801,0,0,0,10910.7822265625,10910.7822265625,
11,189,13801,0,0,0,10495.681640625,10495.681640625,
11,190,13801,0,0,0,14029.40234375,14029.40234375,
11,191,13801,0,0,0,11054.185546875,11054.185546875,
11,192,13801,0,0,0,12611.666015625,12611.666015625,
11,193,13801,0,0,0,10508.9169921875,10508.9169921875,
11,194,13801,0,0,0,11238.0810546875,11238.0810546875,
11,195,13801,0,0,0,12427.2138671875,12427.2138671875,
11,196,13801,0,0,0,11119.994140625,11119.994140625,
11,197,13801,0,0,0,13366.4560546875,13366.4560546875,
11,198,13801,0,0,0,12001.4873046875,12001.4873046875,
11,199,13801,0,0,0,12193.53125,12193.53125,
11,200,13801,0,0,0,11890.744140625,11890.744140625,
11,201,13801,0,0,0,10490.5634765625,10490.5634765625,
11,202,13801,0,0,0,11693.4130859375,11693.4130859375,
11,203,13801,0,0,0,11444.9677734375,11444.9677734375,
11,204,13801,0,0,0,11030.6337890625,11030.6337890625,
11,205,13801,0,0,1,15601.8525390625,15601.8525390625,
11,206,13801,0,0,0,10884.9482421875,10884.9482421875,
11,207,13801,0,0,0,12189.86328125,12189.86328125,
11,208,13801,0,0,0,10709.3564453125,10709.3564453125,
11,209,13801,0,0,0,10106.19140625,10106.19140625,
11,210,13801,0,0,0,10992.939453125,10992.939453125,
11,211,13801,0,0,0,12113.4462890625,12113.4462890625,
11,212,13801,0,0,0,10813.81640625,10813.81640625,
11,213,13801,0,0,0,11111.990234375,11111.990234375,
11,214,13801,0,0,0,11951.96484375,11951.96484375,
11,215,13801,0,0,0,10332.6318359375,10332.6318359375,
11,216,13801,0,0,0,14712.1650390625,14712.1650390625,
11,217,13801,0,0,0,10003.2958984375,10003.2958984375,
11,218,13801,0,0,0,16530.572265625,16530.572265625,
11,219,13801,0,0,0,10508.884765625,10508.884765625,
11,220,13801,0,0,0,12264.0712890625,12264.0712890625,
11,221,13801,0,0,0,12006.2822265625,12006.2822265625,
11,222,13801,0,0,0,11207.7822265625,11207.7822265625,
11,223,13801,0,0,0,11107.4365234375,11107.4365234375,
11,224,13801,0,0,0,10610.5673828125,10610.5673828125,
11,225,13801,0,0,0,11031.568359375,11031.568359375,
11,226,13801,0,0,0,16001.9609375,16001.9609375,
11,227,13801,0,0,0,16549.466796875,16549.466796875,
11,228,13801,0,0,0,12432.255859375,12432.255859375,
11,229,13801,0,0,0,11423.50390625,11423.50390625,
11,230,13801,0,0,0,10642.697265625,10642.697265625,
11,231,13801,0,0,0,11128.740234375,11128.740234375,
11,232,13801,0,0,0,14308.7724609375,14308.7724609375,
11,233,13801,0,0,0,12016.7880859375,12016.7880859375,
11,234,13801,0,0,0,12453.3271484375,12453.3271484375,
11,235,13801,0,0,0,11732.1259765625,11732.1259765625,
11,236,13801,0,0,0,10377.791015625,10377.791015625,
11,237,13801,0,0,0,10649.3154296875,10649.3154296875,
11,238,13801,0,0,0,11360.3916015625,11360.3916015625,
11,239,13801,0,0,0,11877.376953125,11877.376953125,
11,240,13801,0,2,4,16786.087890625,16786.087890625,6597 7577
11,241,13801,0,0,0,11038.529296875,11038.529296875,
11,242,13801,0,0,0,12213.5400390625,12213.5400390625,
11,243,13801,0,0,0,11491.7197265625,11491.7197265625,
11,244,13801,0,0,0,10952.390625,10952.390625,
11,245,13801,0,0,0,10571.5576171875,10571.5576171875,
11,246,13801,0,0,0,11158.3134765625,11158.3134765625,
11,247,13801,0,0,0,13600.83203125,13600.83203125,
11,248,13801,0,0,0,11458.8994140625,11458.8994140625,
11,249,13801,0,0,0,10079.6328125,10079.6328125,
11,250,13801,0,0,0,13195.0087890625,13195.0087890625,
11,251,13801,0,0,0,12505.3994140625,12505.3994140625,
11,252,13801,0,0,1,15145.1904296875,15145.1904296875,
11,253,13801,0,0,0,12427.09375,12427.09375,
11,254,13801,0,0,0,11980.318359375,11980.318359375,
11,255,13801,0,0,0,10467.6591796875,10467.6591796875,
11,256,13801,0,0,2,16710.642578125,16252.6103515625,
11,257,13801,0,0,0,12357.2919921875,12357.2919921875,
11,258,13801,0,0,0,10388.716796875,10388.716796875,
11,259,13801,0,0,0,10906.5390625,10906.5390625,
11,260,13801,0,0,0,12269.890625,12269.890625,
11,261,13801,0,0,0,11933.9951171875,11933.9951171875,
11,262,13801,0,0,0,13254.5107421875,13254.5107421875,
11,263,13801,0,0,0,10430.4453125,10430.4453125,
11,264,13801,0,0,1,14519.18359375,14519.18359375,
11,265,13801,0,0,0,10465.4267578125,10465.4267578125,
11,266,13801,0,0,0,11309.4951171875,11309.4951171875,
11,267,13801,0,0,0,10929.9423828125,10929.9423828125,
11,268,13801,0,0,0,12358.66015625,12358.66015625,
11,269,13801,0,0,0,11087.251953125,11087.251953125,
11,270,13801,0,0,0,11258.6748046875,11258.6748046875,
11,271,13801,0,0,0,11514.60546875,11514.60546875,
11,272,13801,0,0,0,11901.35546875,11901.35546875,
11,273,13801,0,0,0,13055.228515625,13055.228515625,
11,274,13801,0,0,0,11385.60546875,11385.60546875,
11,275,13801,0,0,0,10712.837890625,10712.837890625,
11,276,13801,0,0,0,13890.74609375,13890.74609375,
11,277,13801,0,0,0,10316.44921875,10316.44921875,
11,278,13801,0,0,1,15010.048828125,15010.048828125,
11,279,13801,0,0,0,11594.55859375,11594.55859375,
11,280,13801,0,0,0,10296.744140625,10296.744140625,
11,281,13801,0,0,0,13142.9560546875,13142.9560546875,
11,282,13801,0,0,0,11806.4658203125,11806.4658203125,
11,283,13801,0,0,0,10874.2626953125,10874.2626953125,
11,284,13801,0,0,0,11598.19140625,11598.19140625,
11,285,13801,0,0,0,11554.9091796875,11554.9091796875,
11,286,13801,0,0,0,12654.5556640625,12654.5556640625,
11,287,13801,0,0,0,10424.83984375,10424.83984375,
11,288,13801,0,0,0,12712.779296875,12712.779296875,
11,289,13801,0,0,0,10714.89453125,10714.89453125,
11,290,13801,0,0,0,12298.33984375,12298.33984375,
11,291,13801,0,0,6,18286.138671875,18286.138671875,
11,292,13801,0,0,0,10612.8408203125,10612.8408203125,
11,293,13801,0,0,0,15663.1806640625,15663.1806640625,
11,294,13801,0,0,0,11178.4033203125,11178.4033203125,
11,295,13801,0,0,0,10953.9521484375,10953.9521484375,
11,296,13801,0,0,3,25290.345703125,19574.32421875,
11,297,13801,0,0,0,12828.111328125,12828.111328125,
11,298,13801,0,0,0,12261.0185546875,12261.0185546875,
11,299,13801,0,0,0,12572.0185546875,12572.0185546875,
11,300,13801,0,0,0,11018.9169921875,11018.9169921875,
