loc,case,t,node,peak,fairlead,iso,coh,fair,rise,pre_slack,t_first,n_grouped,peak_first
1,11,10472,0,6385.3740234375,10946.24609375,6.918664940890707,1.0044376614409034,0.5833391620058104,1,0.0,10472,1,6385.3740234375
1,63,569,4,8368.7236328125,12294.9169921875,6.674033179828681,1.0004153623359286,0.6806653219481025,1,101.44599914550781,569,1,8368.7236328125
1,63,643,11,21539.611328125,18037.044921875,5.443586825029136,1.5417998796705346,1.194187375006321,1,0.0,643,1,21539.611328125
1,63,1881,12,5448.44384765625,13024.0703125,3.0008492522039023,1.0007319117092601,0.4183364890488225,2,0.0,1881,1,5448.44384765625
1,63,2018,11,3591.90087890625,9257.3359375,3.582382387884754,1.0039176355558332,0.38800589102055044,1,0.0,2018,1,3591.90087890625
1,63,2298,1,6711.2939453125,11843.6689453125,3.0225675549971864,1.000105215027209,0.5666566649491417,2,77.81999969482422,2298,1,6711.2939453125
1,63,2445,8,17913.408203125,23698.5546875,4.8370848985685395,1.0001751351872437,0.755886105264199,2,0.0,2437,2,4177.9208984375
1,63,2511,11,20970.740234375,24398.291015625,6.610386299826251,1.0029474665509626,0.8595167678320195,1,0.0,2499,2,9845.3466796875
1,63,2951,12,3119.4130859375,8850.3193359375,3.468438702342824,1.0060013890361883,0.35246333691834697,1,-0.0,2951,1,3119.4130859375
1,63,3681,2,9122.642578125,13484.70703125,4.210809440258015,1.0000573811295304,0.676517669756104,2,0.0,3681,1,9122.642578125
1,63,3812,0,7547.72900390625,12352.3212890625,5.1846437568582955,1.0003295873537856,0.6110372963330764,2,22.50200080871582,3812,1,7547.72900390625
1,63,4099,0,5925.5439453125,11147.0751953125,4.672408465169144,1.0016137389668274,0.5315783594789307,2,0.0,4099,1,5925.5439453125
1,63,5218,2,5273.06103515625,9848.13671875,4.170529233412017,1.0002697216096934,0.5354374320491305,1,72.27899932861328,5218,1,5273.06103515625
1,63,5302,6,21355.853515625,27153.498046875,4.777474399952965,1.0001747118420876,0.786486274393025,1,268.3330078125,5302,1,21355.853515625
1,63,5368,4,10646.9912109375,11191.2412109375,8.661118013137827,1.0000655854755782,0.9513682182573199,1,168.7949981689453,5368,1,10646.9912109375
1,63,5439,11,16345.412109375,17635.4765625,36.8584029899539,1.0008042811603342,0.9268483361618824,1,-0.0,5439,1,16345.412109375
1,63,5583,6,18768.365234375,21756.970703125,6.725489250031178,1.0002727239701366,0.8626368758073135,1,200.8990020751953,5583,1,18768.365234375
1,63,5646,0,7675.2919921875,12975.9248046875,4.806415138604315,1.0001065703109875,0.5915025023430185,2,142.6739959716797,5646,1,7675.2919921875
1,63,5795,2,12296.6171875,13818.337890625,4.670565067877063,1.0000426488374936,0.8898767192429557,2,150.06399536132812,5795,1,12296.6171875
1,63,7497,8,27384.990234375,29693.41796875,6.731844112287124,1.0002036629367697,0.922257931478133,1,0.0,7480,3,3310.81494140625
1,63,7524,20,4017.283935546875,4017.283935546875,52.62392225602093,0.5973714096187761,1.0,0,-0.0,7524,1,4017.283935546875
1,63,7586,5,27529.20703125,19647.1484375,4.597682020240142,1.0019193268558688,1.4011807931733096,1,0.0,7579,2,8448.8388671875
1,63,7656,2,4201.0888671875,8153.0458984375,5.963575998281037,1.0051091722697003,0.5152784517001949,1,-0.0,7656,1,4201.0888671875
1,63,8025,0,4540.81201171875,9817.544921875,4.113803410822193,1.0000857101131266,0.46252011555364747,1,96.30999755859375,8025,1,4540.81201171875
1,63,8112,4,27396.6640625,18265.298828125,11.548772961212304,0.9991029713912405,1.499929692927579,1,-0.0,8112,1,27396.6640625
1,63,8604,5,4327.31005859375,9276.05078125,3.0326164006616065,0.9907804513863813,0.4665034895389631,1,0.0,8604,1,4327.31005859375
1,63,9063,1,6362.1220703125,11157.294921875,4.046605743586847,1.0001295677028859,0.5702208389095209,1,194.84800720214844,9063,1,6362.1220703125
1,63,9138,1,8284.6904296875,12332.6123046875,4.497867846230438,1.000019567725371,0.6717709293868399,2,107.34700012207031,9138,1,8284.6904296875
1,63,10473,0,7954.93603515625,12504.625,5.104384602761765,1.0016884888676372,0.6361595037960954,2,0.0,10473,1,7954.93603515625
1,63,11049,0,5133.18505859375,9919.828125,5.965594330919075,1.0004708876203092,0.5174671369211601,1,0.0,11049,1,5133.18505859375
1,63,11624,0,11524.9638671875,16487.609375,3.964822612856941,1.0000247430975866,0.6990075762385959,2,-0.0,11624,1,11524.9638671875
1,63,12633,4,9157.505859375,12898.2109375,9.708373231086378,1.0001875094394683,0.709982640518822,1,110.47899627685547,12633,1,9157.505859375
1,63,12706,11,21035.255859375,18088.314453125,6.29896343804328,1.5451615439376154,1.1629196249261842,1,-0.0,12706,1,21035.255859375
1,63,12766,12,14429.34375,10711.3515625,9.707241790865272,2.0567321372469896,1.347107661045926,1,-0.0,12766,1,14429.34375
1,63,13538,12,3609.509033203125,9368.873046875,4.490237677603135,1.0020549361098479,0.3852660843138526,1,-0.0,13538,1,3609.509033203125
1,116,730,8,15729.7333984375,11577.771484375,6.491923534358237,0.8595033238741571,1.3586149475886493,1,507.47198486328125,730,1,15729.7333984375
1,116,2063,3,11792.9736328125,7959.62109375,3.9033437963331985,0.9115592397013323,1.481599876917822,2,0.0,2063,1,11792.9736328125
1,116,12800,0,15053.955078125,11123.2763671875,4.540566516692699,1.008636246455272,1.3533741841147264,2,0.0,12800,1,15053.955078125
1,130,10471,0,5300.7431640625,10560.0029296875,4.523877863379553,1.0063885178922165,0.5019641755174554,2,0.0,10471,1,5300.7431640625
1,142,564,1,3557.9130859375,9262.5087890625,3.6009990260975044,1.000102870541027,0.3841198067351699,2,0.0,564,1,3557.9130859375
1,142,639,11,11474.1435546875,14767.244140625,16.418560328999384,1.0016146683941172,0.7769996517577636,1,0.0,639,1,11474.1435546875
1,142,698,11,4203.287109375,9332.8759765625,5.068659427848298,1.0046250884468952,0.45037425975986894,1,0.0,698,1,4203.287109375
1,142,2293,0,3018.199951171875,8644.1650390625,3.4187802049684244,1.0000493450176942,0.349160380156186,1,-0.0,2293,1,3018.199951171875
1,142,2442,3,9708.380859375,16182.1923828125,3.1125034723148977,1.0001515109444021,0.5999422469903711,2,0.0,2442,1,9708.380859375
1,142,3808,0,3259.051025390625,9726.98828125,3.2828781405077194,1.00188480001441,0.33505242641988764,2,0.0,3808,1,3259.051025390625
1,142,5292,7,5907.02783203125,12470.7001953125,3.0703427875111577,0.9942392507105705,0.4736725075189916,1,0.0,5292,1,5907.02783203125
1,142,5361,1,6688.2841796875,9870.048828125,7.448222821941426,1.0000833061669563,0.677634355833077,1,51.44900131225586,5361,1,6688.2841796875
1,142,5434,11,6905.85302734375,11818.8310546875,3.5091706580425734,1.0032897509025445,0.5843093107422667,1,0.0,5434,1,6905.85302734375
1,142,5572,1,8222.083984375,12639.892578125,6.371799118173764,1.0000433540652869,0.6504868560832866,1,124.73200225830078,5572,1,8222.083984375
1,142,5799,7,8990.365234375,12601.81640625,5.312836179535728,1.0000662645602791,0.7134182045309069,1,22.944000244140625,5799,1,8990.365234375
1,142,7488,2,5874.69580078125,12043.2451171875,9.131599811886286,1.0002410945292575,0.48780006913561746,1,0.0,7488,1,5874.69580078125
1,142,7572,11,14947.1015625,17310.677734375,9.089072035331142,1.001665730935077,0.8634613729084977,1,0.0,7572,1,14947.1015625
1,142,8303,11,5678.171875,10397.591796875,3.0879474386363106,1.0033256111053064,0.5461045197702968,1,0.0,8303,1,5678.171875
1,142,11620,12,5156.44287109375,11327.0595703125,3.0641332667313677,1.0035818740126112,0.4552322550336415,1,0.0,11620,1,5156.44287109375
1,142,12703,3,10325.953125,14520.36328125,6.826063088914914,1.0000226981777902,0.7111360043129086,2,61.07500076293945,12703,1,10325.953125
1,142,12762,0,4089.489013671875,9689.11328125,3.4290462153291887,1.00093451365254,0.4220705130556887,2,0.0,12762,1,4089.489013671875
1,177,1957,11,3536.23095703125,8975.9951171875,3.0961965016985964,1.0037031488268073,0.39396533875781314,1,0.0,1957,1,3536.23095703125
1,177,2549,13,3882.5849609375,7621.337890625,9.56241625104738,2.722979577226824,0.5094361405644361,1,0.0,2549,1,3882.5849609375
1,177,4099,0,4526.2958984375,9377.767578125,5.901029244910396,1.0105132092617228,0.4826624098677536,2,-0.0,4099,1,4526.2958984375
1,177,5008,0,5067.10693359375,10081.1142578125,3.9854953847091084,1.0093274010155098,0.5026336180712291,2,-0.0,5008,1,5067.10693359375
1,177,7482,6,3262.048095703125,9255.54296875,3.028571036762086,0.9801630192780655,0.35244265049786466,2,0.0,7482,1,3262.048095703125
1,177,8025,0,5911.1298828125,9695.91796875,6.1971014932322985,1.0079795786200314,0.6096513916334798,1,141.9720001220703,8025,1,5911.1298828125
1,177,8104,12,4775.671875,9674.673828125,13.535257190636,1.0015573401842102,0.49362613767058117,1,0.0,8104,1,4775.671875
1,177,8880,4,5812.8671875,10868.8798828125,3.1278594182477386,0.9785374042104534,0.5348175019113217,1,4.428999900817871,8880,1,5812.8671875
1,177,9136,0,5321.0732421875,9716.6708984375,3.215589098882702,1.0056865399482222,0.5476230797364107,1,28.77400016784668,9136,1,5321.0732421875
1,177,9770,0,6265.041015625,9659.0947265625,7.905663859897987,1.0067747062567716,0.6486157546831116,1,129.3260040283203,9770,1,6265.041015625
1,177,10471,0,6377.3818359375,10901.2265625,6.331085771235341,1.0057756596474507,0.5850150714118323,1,1.2890000343322754,10471,1,6377.3818359375
1,177,11050,0,4296.7939453125,9147.779296875,3.1981139675657086,1.0047727606446835,0.4697089649703661,1,0.0,11050,1,4296.7939453125
1,185,3672,0,4554.93505859375,8724.3330078125,5.6477944969614216,1.021880282408347,0.5220955062713538,1,0.0,3672,1,4554.93505859375
1,185,12763,0,3982.701904296875,8170.208984375,24.40926960893155,1.018830424689137,0.48746634411843526,1,0.0,12763,1,3982.701904296875
1,202,288,2,3880.073974609375,7119.01318359375,3.311972800315093,1.127442784672017,0.545029749846688,1,-0.0,288,1,3880.073974609375
1,202,420,6,16946.2578125,12134.751953125,4.174973214293367,0.8985411430388176,1.3965063215104219,1,325.13800048828125,405,2,3478.0029296875
1,202,722,2,3754.258056640625,9911.572265625,24.98258601777559,1.0036217979593718,0.3787752291996118,1,0.0,722,1,3754.258056640625
1,202,1361,2,5271.3720703125,9280.4892578125,4.640273866236185,1.0059724128831322,0.568005837178784,2,0.0,1361,1,5271.3720703125
1,202,1763,2,3398.0869140625,7096.7939453125,11.365143094524347,1.093089383805451,0.4788200052372901,1,0.0,1763,1,3398.0869140625
1,202,1965,0,18371.6015625,13328.740234375,6.998420346604421,1.0035384260522726,1.378344932788126,1,1284.8399658203125,1957,2,3875.197021484375
1,202,2074,7,18626.0078125,12804.783203125,6.546858142266258,0.8757189211902963,1.454613289192927,1,46.132999420166016,2074,1,18626.0078125
1,202,2179,9,11102.3349609375,8482.4248046875,67.9551027224158,0.8595363680386311,1.3088633517626,1,0.0,2179,2,11102.3349609375
1,202,2441,12,4019.81396484375,9657.3017578125,4.523190835674753,1.0081693076285385,0.41624607635272737,1,-0.0,2441,1,4019.81396484375
1,202,2967,0,3756.989990234375,8798.5400390625,3.644322072110475,1.014308359112394,0.4270015222473988,2,0.0,2967,1,3756.989990234375
1,202,3814,8,23890.099609375,17621.080078125,4.075503172093234,0.8726181982420694,1.3557681767210417,2,476.4020080566406,3814,1,23890.099609375
1,202,3858,19,4103.671875,5152.2822265625,4.164984648584438,0.7964765310882219,0.7964765310882219,1,0.0,3858,1,4103.671875
1,202,3886,1,7088.8232421875,5246.48291015625,16.499967866531048,1.1252562613016563,1.3511572159064522,3,0.0,3886,1,7088.8232421875
1,202,3918,7,11261.3974609375,11460.873046875,11.174233122815236,1.1006979303577753,0.9825950793520141,1,-0.0,3912,3,3122.882080078125
1,202,3941,6,20983.046875,14083.2392578125,4.990670353697361,0.9066131845799505,1.4899304407798026,2,0.0,3941,2,20983.046875
1,202,4110,11,3934.56396484375,10277.05859375,8.907380927459874,1.1161826381375206,0.3828492295681332,1,0.0,4110,1,3934.56396484375
1,202,4130,8,19121.1171875,14256.021484375,3.283341295384293,0.8708895000032915,1.3412660193068089,2,672.7310180664062,4130,2,19121.1171875
1,202,4696,8,18885.162109375,13188.8623046875,6.418761721626243,0.8633951621062043,1.4319022879375243,1,374.00799560546875,4679,2,3743.697998046875
1,202,4701,0,13710.8720703125,11687.798828125,3.987348344607089,1.000742791338715,1.1730927501352322,1,0.0,4701,1,13710.8720703125
1,202,4778,0,5514.86181640625,10626.123046875,9.925778804923238,1.001251382828556,0.5189909614333044,1,-0.0,4778,1,5514.86181640625
1,202,5869,7,3157.050048828125,8708.3642578125,3.0864867893569206,0.9872383227461907,0.3625307756271051,1,0.0,5869,1,3157.050048828125
1,202,6507,7,14765.337890625,10404.193359375,114.90087801708538,0.8658362875608173,1.4191718070406933,1,0.0,6507,1,14765.337890625
1,202,6730,4,17233.619140625,11990.998046875,4.794554553945362,0.9223604766671973,1.4372130721108982,2,62.402000427246094,6730,1,17233.619140625
1,202,7001,8,14232.232421875,10020.4111328125,11.00544244128641,0.8565520166267576,1.4203241996000155,1,172.18099975585938,7001,1,14232.232421875
1,202,7538,15,6099.291015625,7871.5888671875,3.6931188990726347,1.0226487756555627,0.7748487781227658,1,840.8839721679688,7538,1,6099.291015625
1,202,7600,0,5478.58203125,8601.2802734375,5.926690122015641,1.0013413527725663,0.6369496001855647,1,0.0,7584,2,5117.52587890625
1,202,8114,11,5595.60107421875,9321.056640625,59.78238047177623,1.1103011276834704,0.6003183211901983,1,0.0,8114,1,5595.60107421875
1,202,8154,0,12113.5810546875,9627.013671875,11.329516809756807,1.0389046945788758,1.258290625479937,1,0.0,8154,1,12113.5810546875
1,202,8896,0,23172.3359375,16999.185546875,4.3555756185589845,1.0141755222186273,1.363143891429541,2,0.0,8896,1,23172.3359375
1,215,590,8,21436.447265625,16224.083984375,3.6168005108124817,0.8731914359390022,1.321273193991716,2,754.3090209960938,590,1,21436.447265625
1,215,723,2,4677.44921875,10524.7841796875,14.302989101494633,1.0616759387954164,0.44442234053381624,1,0.0,723,2,4677.44921875
1,215,1257,2,10701.8583984375,7284.7138671875,3.720957940898694,0.9066513477403715,1.469084248681589,2,0.0,1257,1,10701.8583984375
1,215,1375,2,10986.25,7559.31591796875,7.461429523892745,0.8650597868216086,1.4533391803199165,1,0.0,1375,1,10986.25
1,215,1752,0,4639.81787109375,6860.52392578125,3.135095799233658,1.040801157610775,0.6763066379898071,2,0.0,1752,1,4639.81787109375
1,215,1780,0,13205.9541015625,11428.3994140625,3.2708890231848367,1.0314255793661447,1.1555383762062728,2,0.0,1780,1,13205.9541015625
1,215,1881,1,3941.530029296875,9289.60546875,33.506582476515845,1.0191810748361212,0.42429466381065195,1,0.0,1881,1,3941.530029296875
1,215,2054,6,11049.6572265625,7859.6689453125,65.21761147577259,0.8728698105210798,1.4058680210891714,1,0.0,2054,2,11049.6572265625
1,215,2076,2,5801.85302734375,11172.3837890625,14.481462526625709,1.0489891616531806,0.5193030544675369,3,0.0,2076,1,5801.85302734375
1,215,2110,20,4670.7822265625,4670.7822265625,5.896733995401606,0.3923548538037793,1.0,0,0.0,2110,1,4670.7822265625
1,215,2181,6,4390.5810546875,8879.4052734375,3.299594894713816,1.0158991158696962,0.49446791980785065,2,0.0,2181,1,4390.5810546875
1,215,2229,2,3369.826904296875,6740.7861328125,13.876937698295567,1.0584136062185852,0.4999160094834312,1,107.37799835205078,2229,1,3369.826904296875
1,215,2250,0,15265.3505859375,10369.923828125,4.90629597184981,1.0062795755241782,1.4720793362565758,2,0.0,2250,2,15265.3505859375
1,215,2438,11,3800.56396484375,9024.890625,8.164371655258343,1.0101563898185884,0.42112022436213736,1,0.0,2438,1,3800.56396484375
1,215,2962,12,4365.2529296875,8796.140625,39.31172832699062,1.0056990495509415,0.49626911571658733,1,0.0,2962,1,4365.2529296875
1,215,3648,1,5170.26123046875,4270.7177734375,5170.26123046875,1.1645385648345195,1.2106305086761113,1,0.0,3648,1,5170.26123046875
1,221,7489,3,9933.1689453125,13883.1982421875,9.977944851030415,1.0001372641890218,0.7154813157625404,1,137.08299255371094,7489,1,9933.1689453125
1,221,7557,0,7406.49609375,10774.8828125,14.666822583502077,1.0004919845564735,0.6873853036394683,1,0.0,7557,1,7406.49609375
1,231,9054,0,3441.718017578125,8279.931640625,5.246677212757033,1.0067700869253222,0.4156698589987793,1,0.0,9054,1,3441.718017578125
1,231,10470,0,4420.06103515625,9624.1201171875,3.8649210305817605,1.0076433553511837,0.4592691052621592,1,0.0,10470,1,4420.06103515625
1,243,7490,3,14088.93359375,17267.337890625,7.618073208694263,1.0000171902054646,0.8159296866136697,1,353.11199951171875,7490,1,14088.93359375
1,243,7560,0,8037.55517578125,12001.3828125,3.882347114232907,1.0008384445109335,0.6697190899876772,2,2.546999931335449,7560,1,8037.55517578125
1,243,8296,0,5311.22509765625,10333.267578125,4.018469447175429,1.0041869321704617,0.5139927963251278,1,0.0,8296,1,5311.22509765625
1,243,9057,0,5618.43212890625,9748.404296875,4.721845717424633,1.0027513780637642,0.576343774612151,2,75.58799743652344,9057,1,5618.43212890625
1,243,9132,0,6100.05615234375,10440.490234375,6.015668266839053,1.0030911927142951,0.5842691306064823,1,0.0,9132,1,6100.05615234375
1,243,10235,0,3227.260986328125,8682.072265625,4.500370814674328,1.008230447338988,0.3717155176311819,1,0.0,10235,1,3227.260986328125
1,243,10476,0,8705.8251953125,13261.044921875,3.1417760165443624,1.0031291929430055,0.6564961695402786,2,233.0279998779297,10476,1,8705.8251953125
1,253,4098,0,3188.343017578125,8754.12890625,3.899782296583475,1.0180924794116084,0.364210197464857,2,-0.0,4098,1,3188.343017578125
1,253,7553,11,3348.583984375,8398.267578125,5.314398671535945,1.0113094148336539,0.3987231834690609,1,0.0,7553,1,3348.583984375
1,253,8879,0,7790.56298828125,10901.802734375,5.553717262087351,1.012639819658908,0.7146123607352066,1,451.8580017089844,8879,1,7790.56298828125
1,298,12768,2,3485.465087890625,7109.10205078125,5.576762172178715,1.1003557927267278,0.4902820444823397,1,0.0,12768,1,3485.465087890625
3,5,1951,0,3976.48388671875,10861.6640625,3.640975362769771,1.0108795831677775,0.36610263987519176,1,0.0,1951,1,3976.48388671875
3,5,8104,10,6588.0361328125,12310.65625,20.91031840088106,1.0054137787678021,0.5351490610269051,1,0.0,8104,1,6588.0361328125
3,5,8293,0,5637.84423828125,11717.3896484375,5.285291519173052,1.0048902030231897,0.48115189538252234,2,0.0,8293,1,5637.84423828125
3,5,8876,0,9749.2763671875,15446.63671875,7.1052158336584235,1.0075693411355777,0.6311585197930678,1,279.2560119628906,8876,1,9749.2763671875
3,5,9054,0,5347.72021484375,12048.150390625,7.2881052982866965,1.0018465149614273,0.44386233915248596,1,0.0,9054,1,5347.72021484375
3,9,720,5,17731.7421875,12203.931640625,18.746073953872912,0.8833262209176631,1.452953253890228,1,165.43600463867188,720,2,17731.7421875
3,32,4888,10,6201.615234375,14244.7900390625,5.160188608677217,1.0018834061474327,0.4353602417002104,1,0.0,4888,1,6201.615234375
3,82,7477,0,3054.243896484375,10677.3525390625,3.140912689176965,1.004105132684011,0.2860488014524756,2,0.0,7477,1,3054.243896484375
3,82,7547,10,3405.39990234375,10371.58984375,4.858991497995083,1.005051514903255,0.3283392376334541,1,0.0,7547,1,3405.39990234375
3,82,10466,0,6076.5380859375,12925.4111328125,4.226449664795288,1.0041997291309468,0.4701233889970104,1,0.0,10466,1,6076.5380859375
3,100,8868,0,3954.196044921875,10659.146484375,4.48488845591446,1.0128244043576673,0.3709674175805953,1,-0.0,8868,1,3954.196044921875
3,110,4093,0,4418.4482421875,10850.6484375,4.861653466629259,1.0067930013227744,0.4072059165530862,2,-0.0,4093,1,4418.4482421875
3,110,8867,0,3705.294921875,10472.1611328125,3.3746086121639007,1.0203882156359696,0.35382332976764197,1,-0.0,8867,1,3705.294921875
3,114,8867,11,7296.14599609375,10527.7607421875,9.642696191554986,2.1985170591896277,0.6930387358497024,1,0.0,8867,1,7296.14599609375
3,129,4099,0,5807.81689453125,11391.552734375,3.436947197762796,1.0095670460943091,0.5098354043523547,2,0.0,4099,1,5807.81689453125
3,129,7551,10,4931.8251953125,10996.046875,6.910396021642328,1.0080619984829733,0.4485089279243819,1,-0.0,7551,1,4931.8251953125
3,129,8869,5,3727.14599609375,11628.3251953125,3.0575338578150393,0.9843032592719824,0.32052302747743944,2,0.0,8869,1,3727.14599609375
3,152,2433,10,8368.478515625,15693.6376953125,4.841856727757568,1.0018299749499309,0.5332402007805088,1,0.0,2433,1,8368.478515625
3,152,2494,10,10263.9091796875,17111.70703125,6.162183953409675,1.002724466273842,0.5998179586024462,1,0.0,2494,1,10263.9091796875
3,152,3608,10,3776.291015625,12179.416015625,4.007744303320954,1.0021110320992979,0.3100551792286582,1,-0.0,3608,1,3776.291015625
3,152,4881,11,3012.172119140625,8718.53515625,39.18272675304878,2.7983710379529785,0.3454906202885824,1,-0.0,4881,1,3012.172119140625
3,152,7482,10,6576.31884765625,14134.1953125,4.518575371290925,1.002212959987832,0.4652772020095325,1,0.0,7482,1,6576.31884765625
3,164,702,0,4287.60400390625,9575.2783203125,3.2562355232668363,1.0174672484023088,0.4477785251224237,2,0.0,702,1,4287.60400390625
3,164,4096,0,5079.76123046875,11127.974609375,7.438721195189055,1.0095653648956378,0.4564856956259764,1,0.0,4096,1,5079.76123046875
3,164,7554,9,5092.27099609375,11464.484375,3.951419269710974,1.0020618760756654,0.4441779350494121,2,-0.0,7554,1,5092.27099609375
3,164,8104,10,5723.30615234375,11455.275390625,16.641944046752588,1.0121434790519157,0.49962187351931364,1,0.0,8104,1,5723.30615234375
3,164,8869,1,4282.203125,11487.4033203125,3.0496525578677023,0.9749261408810446,0.3727738119395557,2,0.0,8869,1,4282.203125
3,164,9763,10,4230.212890625,10556.2802734375,15.815121407707267,1.0107212464262707,0.40072949761189813,1,0.0,9763,1,4230.212890625
3,164,12742,11,8754.521484375,7315.28515625,8754.521484375,0.5910413682081253,1.196743708192339,1,0.0,12742,1,8754.521484375
3,164,12762,0,4402.73486328125,9917.7060546875,14.79973103907067,1.012860591720443,0.44392673456987,1,0.0,12762,1,4402.73486328125
4,1,2517,11,5897.02294921875,16548.021484375,5.419761418321112,1.0057529041835533,0.3563581878828745,1,0.0,2517,1,5897.02294921875
4,2,1961,4,3131.39306640625,12682.265625,3.033529836744815,0.9878283079792357,0.24691117178885377,1,0.0,1961,1,3131.39306640625
4,2,2054,11,5914.5498046875,14565.826171875,3.7617757957342675,1.009805948494136,0.40605659678321865,1,0.0,2054,1,5914.5498046875
4,2,2156,11,4489.3017578125,13381.0908203125,5.221247551443913,1.013709755488191,0.3354959485812426,1,0.0,2156,1,4489.3017578125
4,2,4116,0,7768.76806640625,16650.779296875,3.309733972161879,1.0043500228450213,0.46657083899155904,1,166.052001953125,4116,1,7768.76806640625
4,2,6604,0,4483.2138671875,12280.138671875,4.997571462376445,1.016330025309674,0.3650784398270136,1,0.0,6604,1,4483.2138671875
4,2,7586,11,14909.7392578125,21751.482421875,7.93010271816703,1.002914036801169,0.6854585342108956,1,-0.0,7586,1,14909.7392578125
4,2,8123,11,7762.43896484375,15459.177734375,9.417486746479893,1.0080826190874173,0.5021249576284517,1,-0.0,8123,1,7762.43896484375
4,2,9773,10,4804.63720703125,14156.9873046875,4.688050004484424,1.0090670339271577,0.33938274462112383,1,0.0,9773,1,4804.63720703125
4,2,9794,0,8989.0087890625,16437.8828125,3.1572573375359805,1.0006623796617156,0.5468471147772699,2,150.3090057373047,9794,1,8989.0087890625
4,21,7569,11,4204.51806640625,14010.94140625,4.795432983553636,1.0060246847692669,0.30008819139952286,1,0.0,7569,1,4204.51806640625
4,21,9774,11,4428.71484375,14650.822265625,3.2730235078300796,1.0034084882309249,0.30228438810161706,2,0.0,9774,1,4428.71484375
4,29,7573,10,14623.0869140625,21977.291015625,5.289536346641365,1.0012218028522508,0.6653725840762655,2,-0.0,7573,1,14623.0869140625
4,29,9775,0,10521.966796875,19373.5625,3.0502093162898363,1.0001825941118552,0.5431095492568804,2,0.0,9775,1,10521.966796875
4,34,9775,11,5097.458984375,14522.99609375,6.342177876306912,1.006719534345267,0.35099224371262494,1,0.0,9775,1,5097.458984375
4,37,9773,11,3276.215087890625,13344.517578125,4.306802775601688,1.0075081612325145,0.24551019313438205,1,0.0,9773,1,3276.215087890625
4,45,722,0,4411.22705078125,14850.265625,11.269027869869147,1.1186057027613394,0.29704701331099925,1,0.0,722,1,4411.22705078125
4,45,2073,7,19134.744140625,14344.470703125,21.267466415855942,0.8569419636999781,1.3339456391692737,1,302.3269958496094,2056,2,4768.31787109375
4,45,4683,11,3178.194091796875,11675.2978515625,5.089678831849954,1.0179325227750569,0.27221524728566465,1,0.0,4683,1,3178.194091796875
4,45,6605,7,3105.60302734375,12730.095703125,3.0230848639644265,0.9827764288793055,0.24395755536868294,2,0.0,6605,1,3105.60302734375
4,45,7575,11,8306.8173828125,17185.390625,8.906720828170766,1.0059105744897234,0.4833650607119965,1,0.0,7575,1,8306.8173828125
4,45,8124,11,5430.2099609375,13889.6669921875,4.435677644610567,1.0085433174835565,0.39095321464451394,1,-0.0,8124,1,5430.2099609375
4,45,8147,0,10164.1123046875,16788.45703125,4.886106262607971,1.0056313339584038,0.6054226594956309,1,597.551025390625,8147,1,10164.1123046875
4,45,8984,0,5990.9677734375,13026.439453125,8.347372806304666,1.0085052416865423,0.4599083114764938,1,0.0,8984,1,5990.9677734375
4,45,9787,0,9063.17578125,16035.0341796875,4.085392533946082,1.0065136532940475,0.5652108801071871,1,379.74700927734375,9787,1,9063.17578125
4,45,10266,10,8785.7880859375,17225.22265625,18.45583174829685,1.064151816906188,0.5100536731088154,1,0.0,10266,1,8785.7880859375
4,45,10293,5,17521.326171875,12698.73046875,3.263361216465163,0.8855089995316265,1.379769908101665,1,490.06201171875,10293,2,17521.326171875
4,45,12784,0,4213.43115234375,14554.873046875,4.766376171176458,1.0160338012792518,0.28948594321462623,2,0.0,12784,1,4213.43115234375
4,45,12805,0,20055.134765625,17112.404296875,4.3753596006359,1.0141592957063736,1.1719647582945074,2,-0.0,12805,1,20055.134765625
4,56,7571,11,11952.66015625,19394.0390625,9.570956023402445,1.0049847210106466,0.6163058720120591,1,0.0,7571,1,11952.66015625
4,59,9776,11,7751.06005859375,16730.189453125,4.671449120867715,1.0065534968797114,0.46329780546184696,1,0.0,9776,1,7751.06005859375
4,64,713,2,3465.318115234375,13490.806640625,3.1696252480623714,0.9647644766230253,0.25686515325178766,1,0.0,713,1,3465.318115234375
4,64,2055,0,9141.88671875,16026.095703125,7.92702638135145,1.0103930922827846,0.570437546867225,1,-0.0,2055,1,9141.88671875
4,64,2157,11,4322.17919921875,13296.50390625,4.210317395376469,1.0122493540663344,0.3250613266233928,2,0.0,2157,1,4322.17919921875
4,64,4114,0,7021.2021484375,16101.572265625,3.2854892152708843,1.0082186444369126,0.436056928640873,2,168.9459991455078,4114,1,7021.2021484375
4,64,5658,11,6690.81884765625,13780.5302734375,8.305318624176738,1.0080603353242508,0.4855269510602984,1,0.0,5658,1,6690.81884765625
4,64,6606,4,4456.9072265625,12813.5185546875,3.063039205290686,0.9802054837622639,0.34782852247340396,1,0.0,6606,1,4456.9072265625
4,64,7587,5,12169.5419921875,20225.359375,3.0176707899329647,0.9960451090956016,0.6016971944256244,2,0.0,7587,1,12169.5419921875
4,64,8129,0,10040.9208984375,16874.9609375,8.970365974231111,1.003857006923574,0.595018912080815,1,0.0,8129,1,10040.9208984375
4,64,8984,0,8615.4072265625,13699.384765625,20.192273429642697,1.005239171363177,0.6288900833109379,1,-0.0,8984,1,8615.4072265625
4,64,12777,3,3476.3740234375,13490.72265625,3.0734493860808145,0.9659269779308993,0.2576862716710703,2,0.0,12777,1,3476.3740234375
4,65,1963,11,4287.7490234375,12936.7763671875,3.6366057142928137,1.0070071739130932,0.33143875272613,1,0.0,1963,1,4287.7490234375
4,65,2049,0,3896.800048828125,13510.8759765625,3.0872345094877747,1.0084732055338201,0.2884194966771923,2,-0.0,2049,1,3896.800048828125
4,65,8119,11,5628.30078125,14225.646484375,6.975629532923178,1.0056870882601932,0.39564463994180843,1,0.0,8119,1,5628.30078125
4,65,8972,11,4115.06005859375,12605.6376953125,7.911918442202316,1.0117317474354641,0.32644600440356664,1,-0.0,8972,1,4115.06005859375
4,65,9789,11,12592.794921875,18634.388671875,14.128950973746848,1.005066163949979,0.6757825622088363,1,-0.0,9789,1,12592.794921875
4,72,7565,11,3629.35693359375,13962.3759765625,3.124785347450996,1.0014983556892008,0.25993834714707975,2,0.0,7565,1,3629.35693359375
4,79,719,0,20343.51953125,15204.666015625,160.43848445450575,1.0147285385307976,1.3379787172137871,1,-0.0,719,1,20343.51953125
4,79,2049,1,3202.364013671875,12775.384765625,3.1027396344875293,0.9725119279648199,0.25066673704329784,2,0.0,2049,1,3202.364013671875
4,79,2087,5,21570.2578125,15371.572265625,6.322701684426724,0.8956220562655466,1.4032564424614482,1,0.0,2073,3,14119.9931640625
4,79,7573,0,6586.85009765625,15472.99609375,4.815578959740508,1.005565175232801,0.42569971954668,1,0.0,7573,1,6586.85009765625
4,79,8149,11,17085.73828125,15848.6591796875,16.821481169430346,1.876430827363777,1.0780557577481387,1,0.0,8149,1,17085.73828125
4,79,9780,11,6513.1240234375,14661.390625,3.3896048422475262,1.0065231810317052,0.4442364431878371,1,0.0,9780,1,6513.1240234375
4,79,12798,6,27464.337890625,18317.125,10.066192749339379,0.8820458647207021,1.4993803825996164,1,585.218994140625,12782,2,3812.14892578125
4,89,2052,0,5090.05615234375,13856.0068359375,3.81197645762122,1.0169097106922853,0.3673537558556896,1,0.0,2052,1,5090.05615234375
4,89,7571,11,5634.658203125,14855.349609375,6.685426820536282,1.0055721435520815,0.3793016220613918,1,-0.0,7571,1,5634.658203125
4,89,8126,11,7117.287109375,14928.634765625,8.260009865858887,1.0061171702853637,0.4767540516004464,1,0.0,8126,1,7117.287109375
4,99,7571,11,5757.84619140625,15408.8681640625,3.6025738326362924,1.0066629565821943,0.37367093611943863,1,-0.0,7571,1,5757.84619140625
4,99,9775,11,7642.06982421875,16223.41015625,6.098580335543592,1.0064711162739879,0.47105200143600356,1,0.0,9775,1,7642.06982421875
4,114,742,0,15799.05078125,16337.5361328125,3.6419278747825232,1.0225664298536141,0.9670399901683462,2,0.0,742,1,15799.05078125
4,114,1907,2,20279.4453125,14063.734375,22.524282232055107,0.9171950238448644,1.4419673162022444,1,0.0,1907,1,20279.4453125
4,114,2059,0,6566.26513671875,12561.26171875,3.0483459285074073,1.0532108466444905,0.5227392983077,1,0.0,2059,1,6566.26513671875
4,114,8132,0,6800.93408203125,14700.1845703125,7.462732817544958,1.0100289970720115,0.46264276815720784,1,0.0,8132,1,6800.93408203125
4,114,10265,0,19882.3203125,14368.6220703125,15.287272589386252,1.0313676242851548,1.3837318717971947,1,0.0,10265,1,19882.3203125
4,114,12262,0,12955.2109375,11067.0693359375,12955.2109375,1.033837289425806,1.170608997219457,1,-0.0,12262,1,12955.2109375
4,117,7574,11,7678.8310546875,17096.123046875,6.21058394399751,1.0063286497912058,0.4491562814348785,1,-0.0,7574,1,7678.8310546875
4,117,8117,11,3019.403076171875,12418.4921875,6.28801918923792,1.010705945308419,0.24313765556909522,1,0.0,8117,1,3019.403076171875
4,127,7571,10,6958.73583984375,14738.9560546875,10.699434291407318,1.0004570030665538,0.4721322062447313,1,0.0,7571,1,6958.73583984375
4,127,9776,11,4776.81298828125,13872.755859375,5.3114386053870675,1.0097471450108055,0.34433050193506803,1,0.0,9776,1,4776.81298828125
4,133,7576,10,16785.013671875,23215.716796875,6.263989409879143,1.0060140108014561,0.7230021721377297,1,0.0,7576,1,16785.013671875
4,133,9791,8,10126.291015625,14819.6865234375,12.996270299677148,1.1875373491746133,0.6832999469732479,1,0.0,9775,3,4908.05712890625
4,133,9805,8,13927.685546875,16055.6767578125,22.938390022667047,1.2019687004972066,0.8674617555499774,1,-0.0,9795,6,8440.1181640625
4,133,9825,7,4989.6162109375,8351.51953125,3.04747348582082,1.0066517186964197,0.597450103812508,1,0.0,9825,1,4989.6162109375
4,133,10488,11,7527.876953125,17503.107421875,4.637628094647718,1.0039802104353928,0.4300880278959395,1,0.0,10488,1,7527.876953125
4,135,2049,11,5246.0078125,14199.5556640625,5.842439159404378,1.0091761957135046,0.36944873041182996,1,0.0,2049,1,5246.0078125
4,135,4112,6,4235.7060546875,14141.916015625,3.0378782857945814,0.9952777027232461,0.2995142984873895,2,0.0,4112,1,4235.7060546875
4,135,4855,11,8964.61328125,18218.294921875,5.432498107194731,1.0042266118579677,0.4920665363961171,1,0.0,4855,1,8964.61328125
4,135,5372,11,4615.48583984375,14613.10546875,3.066213896017156,1.000270477363976,0.3158456530484863,2,0.0,5372,1,4615.48583984375
4,135,7574,10,12579.04296875,19845.45703125,7.799745181377155,1.0006375491513728,0.6338500014860926,1,0.0,7574,1,12579.04296875
4,135,8117,11,4573.89892578125,13502.46484375,3.9701985418205936,1.0082130767534345,0.3387454793410115,1,0.0,8117,1,4573.89892578125
4,135,9226,10,5366.12890625,14618.115234375,6.698538493242369,1.0007280202756605,0.3670876046750106,1,0.0,9226,1,5366.12890625
4,135,9783,11,16819.2734375,22691.271484375,9.840390028961924,1.0008736683879302,0.7412221676992229,1,0.0,9773,2,4407.56201171875
4,135,10487,11,7026.88916015625,16663.873046875,5.1729045665059985,1.0034301654023734,0.42168403110068176,1,0.0,10487,1,7026.88916015625
4,135,11063,11,6103.048828125,15380.6923828125,4.5250739695467175,1.006597827289714,0.39679935572633834,1,0.0,11063,1,6103.048828125
4,137,7571,11,9700.1201171875,18591.185546875,5.0002821584492105,1.0025225248866312,0.5217590934548011,1,0.0,7571,1,9700.1201171875
4,164,1967,0,9759.0927734375,16215.3974609375,6.492451371473863,1.0015862716492454,0.6018411079313299,1,174.50900268554688,1967,1,9759.0927734375
4,164,2054,0,8442.2548828125,16331.9091796875,5.840842813621211,1.0055148878359934,0.516917819584277,1,0.0,2054,1,8442.2548828125
4,164,2153,11,4625.95703125,14638.7509765625,3.6825062915578557,1.004918009312025,0.3160076319801074,2,0.0,2153,1,4625.95703125
4,164,4114,0,8082.64404296875,16545.60546875,4.774396098167375,1.0027264556149695,0.48850699711380124,1,84.4530029296875,4114,1,8082.64404296875
4,164,5372,11,3932.531982421875,13825.830078125,3.5450923764941944,1.0030584979851214,0.28443369838921007,2,0.0,5372,1,3932.531982421875
4,164,5651,11,3308.971923828125,12368.087890625,6.350169702500415,1.0102019330723795,0.2675411068461377,1,0.0,5651,1,3308.971923828125
4,164,6889,9,16347.1328125,17807.556640625,60.761655771838846,1.0046682559018798,0.9179885338793036,1,0.0,6889,1,16347.1328125
4,164,8124,11,8038.0341796875,16053.1640625,3.1186309615427685,1.003195535355009,0.5007133888617168,1,-0.0,8124,1,8038.0341796875
4,164,8778,12,21958.84375,26840.1171875,11.27177529091327,1.1508476897631326,0.8181351667207581,2,0.0,8778,2,21958.84375
4,164,8980,0,10683.6767578125,15680.736328125,15.994281978969543,1.0022103421623958,0.6813249412688762,1,68.72000122070312,8980,1,10683.6767578125
4,164,9776,0,4305.77783203125,14970.41796875,9.994760624908219,1.0060735895204995,0.2876190792414311,1,0.0,9776,1,4305.77783203125
4,186,1970,0,8944.640625,15669.05859375,5.135292884753976,1.0006331993083313,0.5708473531758823,2,-0.0,1970,1,8944.640625
4,186,2053,11,6949.3828125,15365.0673828125,7.748915766269904,1.0080858161665183,0.45228456467907463,1,0.0,2053,1,6949.3828125
4,186,4114,11,5518.34619140625,14972.0732421875,5.541200939617651,1.0063673707378593,0.36857595485553407,1,0.0,4114,1,5518.34619140625
4,186,5375,11,5042.89599609375,14569.640625,3.202446582936633,1.0068053929595329,0.34612356789642845,1,0.0,5375,1,5042.89599609375
4,186,7585,11,16507.537109375,22945.83984375,12.566639032182035,1.0054494078134906,0.7194130710308837,1,-0.0,7585,1,16507.537109375
4,186,8979,11,7135.57177734375,14454.640625,5.708475696383684,1.0068877757018824,0.49365265885631454,1,0.0,8979,1,7135.57177734375
4,186,9788,1,13315.0751953125,18820.009765625,8.591987047872724,1.000005500726756,0.7074956581389593,1,0.0,9788,1,13315.0751953125
4,187,7571,11,5788.923828125,15668.390625,3.816583744950746,1.0013318471780321,0.3694651203607582,2,0.0,7571,1,5788.923828125
4,187,9775,11,5413.384765625,14886.4970703125,3.5717720596755456,1.007346426539051,0.36364396137360483,1,0.0,9775,1,5413.384765625
4,190,9771,11,3632.2548828125,13775.39453125,3.3644312115620525,1.0076332486308341,0.2636770129938996,1,0.0,9771,1,3632.2548828125
4,195,5373,11,4451.23095703125,14579.826171875,3.4532918035932263,1.000870205348041,0.30530068771449637,2,0.0,5373,1,4451.23095703125
4,195,7502,11,5274.02490234375,15595.599609375,4.864015130806115,1.00455374880025,0.33817391023384374,1,-0.0,7502,1,5274.02490234375
4,204,9771,11,3022.117919921875,13459.546875,3.7306321053788114,1.0051703124737361,0.2245334072527516,1,0.0,9771,1,3022.117919921875
4,207,2516,11,4980.5029296875,15530.990234375,3.260992750227955,1.0063651170197274,0.3206816084826368,1,0.0,2516,1,4980.5029296875
4,207,2575,11,4420.8388671875,14614.8505859375,4.935024083793248,1.0050334493936528,0.3024895014281746,1,0.0,2575,1,4420.8388671875
4,207,7567,11,5917.02587890625,16202.314453125,3.636489083446674,1.0060269120213803,0.36519633636446375,1,0.0,7567,1,5917.02587890625
4,214,2050,0,3660.5009765625,13285.1591796875,3.3960001549256504,1.0188925887165827,0.27553309125262615,2,0.0,2050,1,3660.5009765625
4,214,8124,11,6035.89208984375,14528.185546875,7.678846549257584,1.0063885671262383,0.4154608344152147,2,-0.0,8124,1,6035.89208984375
4,214,9780,11,6509.55419921875,15016.58984375,3.752244042937761,1.0078504819007776,0.43349084359043527,1,-0.0,9780,1,6509.55419921875
4,222,7572,11,7085.85302734375,15834.83984375,8.228079328741861,1.0063732647707946,0.4474849823088379,1,-0.0,7572,1,7085.85302734375
4,222,9778,10,9133.3583984375,16187.2333984375,15.449460841583525,1.004353189887223,0.5642322053204665,1,-0.0,9778,1,9133.3583984375
4,239,2056,0,6603.6318359375,15141.1318359375,3.4106707838703696,1.0129329427573386,0.43613858643405834,2,8.479999542236328,2056,1,6603.6318359375
4,239,2157,11,3208.825927734375,12366.943359375,3.2718432584229107,1.0212234447620514,0.2594679893396506,1,0.0,2157,1,3208.825927734375
4,239,4114,0,6126.876953125,15330.8076171875,4.0246429856050385,1.0077035509383292,0.39964476145771377,1,145.2050018310547,4114,1,6126.876953125
4,239,5659,0,5308.884765625,13512.013671875,3.5330290722710296,1.005644694645587,0.39290108007182845,2,-0.0,5659,1,5308.884765625
4,239,7576,11,21280.58984375,23795.109375,47.016459885384116,1.2202988951450062,0.8943262041110076,1,0.0,7576,4,21280.58984375
4,239,8144,0,10008.73828125,17111.1171875,4.561519806281298,1.0025302548223964,0.5849260554747165,2,256.0159912109375,8144,1,10008.73828125
4,239,8984,0,5585.76904296875,12667.73828125,3.5126204083077073,1.0066683227915965,0.440944462141001,1,0.0,8984,1,5585.76904296875
4,239,9786,10,11681.4443359375,16788.94921875,68.7238779199934,1.0057225921274862,0.6957817421290186,1,0.0,9786,1,11681.4443359375
4,239,12778,3,3400.907958984375,14760.4931640625,3.099675379645103,0.970501195838153,0.23040611998416116,1,0.0,12778,1,3400.907958984375
4,243,2052,0,6742.783203125,15109.6376953125,5.5500724896083495,1.010931265968272,0.44625710682770575,1,0.0,2052,1,6742.783203125
4,243,2154,11,3251.787109375,12634.26953125,5.456522110950236,1.0187966876708598,0.25737832340302125,1,0.0,2154,1,3251.787109375
4,243,5655,11,6230.59619140625,13624.8837890625,19.579709667764018,1.0078604397751727,0.4572953639727862,1,0.0,5655,1,6230.59619140625
4,243,8124,11,8201.9619140625,15351.328125,12.600306332129852,1.00409573736782,0.5342835386799798,1,0.0,8124,1,8201.9619140625
4,243,8979,0,4625.23876953125,12867.00390625,3.108521289001248,1.0094023446720064,0.35946509406782673,2,0.0,8979,1,4625.23876953125
4,270,2073,1,10345.794921875,16805.41015625,3.0157414814563364,0.9938631325454922,0.615622875352873,2,1145.1240234375,2073,1,10345.794921875
4,270,2181,0,9361.365234375,14077.189453125,6.164959936922922,1.0015173146570842,0.6650024328753257,2,0.0,2166,2,3476.64111328125
4,270,3799,0,16071.1240234375,11593.041015625,42.43565210279122,1.036919880939179,1.3862733688060775,1,0.0,3799,2,16071.1240234375
4,270,5678,0,13122.5283203125,21473.271484375,3.6138444042759574,1.0018212126541626,0.6111098781506624,1,534.1619873046875,5678,1,13122.5283203125
4,270,6609,2,6444.73876953125,13981.3203125,3.1697507770220583,0.971837686302039,0.4609535169414101,1,102.76399993896484,6609,1,6444.73876953125
4,270,6988,0,5366.4599609375,12325.7607421875,11.450462929772081,1.0143806473644863,0.4353856993645565,1,0.0,6988,1,5366.4599609375
4,270,7578,11,10475.9638671875,18223.408203125,3.8494277632554503,1.0864713722032373,0.5748630415572348,1,0.0,7578,1,10475.9638671875
4,270,8125,10,7393.89794921875,14900.3369140625,4.541502720141463,1.00938682164099,0.49622354124359475,1,0.0,8125,1,7393.89794921875
4,270,8148,11,15568.353515625,17616.38671875,13.614680152680556,1.3348737446094676,0.8837427200127722,1,0.0,8148,1,15568.353515625
4,270,9009,0,14202.7109375,20686.4921875,5.188859022922812,1.0000946899433847,0.6865693230523693,1,538.4500122070312,9009,1,14202.7109375
4,270,9786,11,8221.345703125,15800.298828125,3.8091738577981116,1.0068244156766741,0.5203284945782646,1,0.0,9786,1,8221.345703125
4,270,12792,3,27473.69140625,19420.33203125,3.696174465216284,0.9226213764485925,1.4146870075156817,2,145.66200256347656,12792,2,27473.69140625
4,296,1969,11,6428.65380859375,14140.763671875,3.418434729983986,1.0064244020718798,0.4546185734918898,1,0.0,1969,1,6428.65380859375
4,296,2050,0,5799.2470703125,15100.3427734375,3.900146741614939,1.0026387010671725,0.38404737940874817,2,-0.0,2050,1,5799.2470703125
4,296,4112,0,3990.447021484375,13798.5234375,3.4716475981191572,1.0014053482513376,0.28919377059139595,1,0.0,4112,1,3990.447021484375
4,296,4926,11,6076.60400390625,15460.595703125,5.471581327171354,1.0065608639696249,0.3930381545827504,1,0.0,4926,1,6076.60400390625
4,296,5372,11,5256.05908203125,14517.6806640625,5.933970888939658,1.004831765218086,0.3620453709966397,1,0.0,5372,1,5256.05908203125
4,296,6881,11,5163.84912109375,13941.5087890625,8.085012534566426,1.0066291208440805,0.3703938504234874,1,0.0,6881,1,5163.84912109375
4,296,7575,11,15552.3916015625,19696.841796875,5.4884716139773815,1.4273629153333578,0.789588085336095,1,0.0,7575,1,15552.3916015625
4,296,8118,0,5880.31298828125,14646.240234375,3.97351333375924,1.001417781440634,0.4014895901051824,2,-0.0,8118,1,5880.31298828125
4,296,9148,11,6539.869140625,14783.994140625,7.768352204803538,1.0053371926554284,0.4423614537734472,1,0.0,9148,1,6539.869140625
4,296,9782,0,13739.5244140625,21417.275390625,4.564548025259525,1.000019404364205,0.6415159801361434,2,28.763999938964844,9782,1,13739.5244140625
4,296,10487,11,6431.83984375,16302.6669921875,5.733486709798696,1.0045756653429843,0.3945268493082905,1,0.0,10487,1,6431.83984375
4,296,11064,11,8326.36328125,16951.8359375,8.207862516649952,1.0049889967668058,0.49117767019151226,1,0.0,11064,1,8326.36328125
4,300,7566,11,3199.445068359375,13043.3740234375,3.2788136107926484,1.0094822532724586,0.24529274884016408,1,-0.0,7566,1,3199.445068359375
4,300,9771,11,3292.22705078125,13258.423828125,3.0916806900792317,1.0121651560956721,0.24831209904434282,1,0.0,9771,1,3292.22705078125
5,22,750,0,21679.919921875,14953.3994140625,3.8270225058402407,1.0271943551185656,1.449832196783745,2,-0.0,750,1,21679.919921875
5,22,1926,0,10085.4453125,11363.2001953125,4.424773255721788,1.053875590078718,0.8875532542901432,2,-0.0,1926,1,10085.4453125
5,22,2093,0,13362.6748046875,12756.234375,6.637856082321107,1.0272265680892794,1.0475407092610354,1,0.0,2093,1,13362.6748046875
5,22,8145,4,15668.6943359375,11381.8271484375,7.8053756539723524,0.9084897504633966,1.3766413890838698,1,3.427999973297119,8127,2,4050.777099609375
5,22,10276,3,18365.8671875,12934.4365234375,6.415641309522505,0.9186499642195091,1.4199201607445846,1,0.0,10276,1,18365.8671875
5,22,12279,4,16569.123046875,11085.05078125,194.12580614683245,0.9079901483916963,1.4947268509496707,1,0.0,12279,1,16569.123046875
5,22,12808,8,22872.072265625,16257.8837890625,3.3869866354784146,0.8689662393232475,1.4068296072464364,2,658.02197265625,12808,2,22872.072265625
5,31,1985,11,9891.5126953125,17785.3828125,3.0221191932250693,0.9900756946989274,0.5561596733448158,2,0.0,1985,1,9891.5126953125
5,31,2079,1,6844.02490234375,12669.607421875,3.656945652700325,1.0000426656316566,0.5401923417553604,1,629.7869873046875,2079,1,6844.02490234375
5,31,2164,0,5562.59521484375,13923.3427734375,3.3746670139425543,1.0024829331346001,0.39951578477661903,2,0.0,2164,1,5562.59521484375
5,31,4134,6,12049.4990234375,19767.533203125,3.0044707824910324,0.9959492676935614,0.6095600750797082,2,374.5790100097656,4134,1,12049.4990234375
5,31,5664,0,6868.1640625,12690.5439453125,8.93801073978306,1.001930422036657,0.5412032842797798,1,57.47800064086914,5664,1,6868.1640625
5,31,6615,0,5858.0400390625,12034.2861328125,4.740291276281398,1.0091165862553917,0.4867791885959947,1,346.3659973144531,6615,1,5858.0400390625
5,31,7586,12,12717.1279296875,18533.37109375,13.678243249648357,1.006484164556418,0.6861745693947763,1,0.0,7575,2,5454.466796875
5,31,8145,0,9776.8203125,16748.13671875,3.2405054441168697,1.00005354148986,0.5837557023017719,2,242.2220001220703,8145,1,9776.8203125
5,31,8979,5,14812.373046875,12108.724609375,3.2936297857167984,0.5031460164280175,1.2232810246098702,4,0.0,8963,4,3179.741943359375
5,31,9005,0,10702.6826171875,10503.4443359375,6.275955760986436,1.0219901077339595,1.018968852014411,2,0.0,9000,4,5256.89794921875
5,31,9024,5,21199.275390625,14183.705078125,6.76033827137541,0.995671948343349,1.494621840616233,1,0.0,9024,1,21199.275390625
5,31,9078,12,3515.403076171875,11825.78515625,4.870429743833259,1.006424398497649,0.29726593454253336,1,0.0,9078,1,3515.403076171875
5,31,9793,12,9808.4072265625,14723.076171875,23.740461112536916,1.0062130126534394,0.6661927923255041,1,0.0,9793,1,9808.4072265625
5,35,1983,4,14856.95703125,20521.59375,4.501425491073575,1.0002197212367347,0.7239670179734456,1,565.6170043945312,1983,1,14856.95703125
5,35,2083,12,19371.251953125,13423.1708984375,9.798915848488322,2.4426967491747376,1.4431204146689272,1,0.0,2083,1,19371.251953125
5,35,2161,0,6984.31005859375,14890.97265625,4.139994863308025,1.001853558381731,0.46902980885283635,2,-0.0,2161,1,6984.31005859375
5,35,5661,0,6145.873046875,12504.2265625,3.2913320704747675,1.0023979348612264,0.4915036540769652,1,0.5870000123977661,5661,1,6145.873046875
5,35,6614,0,7222.82080078125,12564.2529296875,5.744470012919617,1.0083665522509369,0.5748706939602255,1,341.9849853515625,6614,1,7222.82080078125
5,35,7573,11,6273.98193359375,13835.6865234375,3.968302659355119,1.0075138264333223,0.4534637238973067,1,0.0,7573,1,6273.98193359375
5,35,8121,12,3445.492919921875,11647.384765625,3.7095958094171406,1.0216986660768848,0.29581687127659595,1,0.0,8121,1,3445.492919921875
5,35,8144,4,12920.6787109375,19320.388671875,3.0074283447724843,0.9982936441167127,0.6687587361918003,2,298.67401123046875,8144,1,12920.6787109375
5,35,8781,0,4433.94384765625,10434.984375,3.7152819256446876,1.0237444872386459,0.42491140267339883,1,57.7869987487793,8781,1,4433.94384765625
5,35,8961,6,7098.25,7199.791015625,33.81890523913203,0.5422874603828656,0.9858966718055239,1,-0.0,8961,2,7098.25
5,35,8983,11,8127.10791015625,13620.3212890625,32.79956077428097,1.200653999157019,0.5966898825420914,1,0.0,8983,2,8127.10791015625
5,35,9012,6,11945.681640625,12904.0283203125,14.512376684906185,1.0182514602158756,0.925732751362693,1,0.0,9012,2,11945.681640625
5,35,9038,5,15035.74609375,10872.8701171875,33.89352965464314,0.9043424591041322,1.382868178474969,1,180.4409942626953,9038,1,15035.74609375
5,35,9083,0,19349.419921875,14999.7265625,5.122479227696095,1.0303158348832768,1.2899848434737091,2,0.0,9083,2,19349.419921875
5,35,9785,0,4266.623046875,14165.369140625,4.805091237433991,1.0034596099779534,0.30120097856389144,1,259.26300048828125,9785,1,4266.623046875
5,35,11382,0,3350.342041015625,11864.1376953125,3.390583071904359,1.0079320567321086,0.2823923766781078,1,0.0,11382,1,3350.342041015625
5,35,13420,12,3355.634033203125,10574.177734375,9.753842287304042,1.0159007541050709,0.3173423142202805,1,-0.0,13420,1,3355.634033203125
5,46,1362,12,3279.85498046875,10622.1845703125,3.4992398483929437,1.014886651495313,0.30877405290390825,1,0.0,1362,1,3279.85498046875
5,46,1964,4,3161.548095703125,3069.469970703125,19.885263220934213,0.11951670536943826,1.0299980536961917,0,317.97900390625,1964,1,3161.548095703125
5,46,2008,10,26709.4375,20489.55078125,25.17041647359705,1.556385613800758,1.3035638401814948,1,0.0,1992,6,4628.67822265625
5,46,2076,8,17860.798828125,12387.3525390625,19.56813895742976,0.8596628592829795,1.4418576343736433,1,289.1919860839844,2061,2,6742.81005859375
5,46,2100,7,21051.447265625,15418.880859375,8.056920288637999,0.89084516529705,1.3653031927297943,1,1016.1729736328125,2081,2,4023.801025390625
5,46,2167,12,7407.69921875,13645.1787109375,10.665174082798137,1.0091339755060165,0.5428803371268598,1,0.0,2167,1,7407.69921875
5,46,3909,0,5368.07421875,11256.9541015625,7.516774228396433,1.0102327985093074,0.4768673808490429,1,0.0,3909,1,5368.07421875
5,46,4127,0,12039.2763671875,18125.4296875,5.669691983576558,1.0004363441485333,0.6642201909006468,1,777.760009765625,4127,1,12039.2763671875
5,46,6634,7,14126.2646484375,18925.796875,3.0875340473594903,0.996591677743892,0.7464026345489085,1,637.8920288085938,6634,1,14126.2646484375
5,46,7585,12,17223.748046875,16867.390625,7.130256369396393,1.6322174261573934,1.0211270035654967,1,0.0,7585,1,17223.748046875
5,46,8145,12,10143.5478515625,16331.45703125,5.123390663903456,1.0047838267131253,0.6211048917529509,1,0.0,8145,1,10143.5478515625
5,46,9019,9,16570.822265625,19962.892578125,8.720273849185414,1.0001974633678927,0.8300812219859874,1,202.83099365234375,9019,1,16570.822265625
5,46,9080,12,4385.380859375,12037.85546875,6.592401307142812,1.0101803571330155,0.3642991786003204,1,0.0,9080,1,4385.380859375
5,46,9794,0,8720.11328125,13671.6689453125,3.8788564337125235,1.0001812321050099,0.6378236129130231,1,85.83499908447266,9794,1,8720.11328125
5,46,12783,8,3046.803955078125,12167.6142578125,3.080808396558906,0.9814690701055796,0.2504027404650713,2,0.0,12783,1,3046.803955078125
5,46,13426,12,4171.76416015625,11051.6494140625,9.000424144669017,1.0122476451939826,0.3774788725063929,1,-0.0,13426,1,4171.76416015625
5,48,9777,12,3185.8740234375,12041.2744140625,3.9370249077256427,1.0100716591138383,0.2645794717307373,1,0.0,9777,1,3185.8740234375
5,57,9783,12,7550.66796875,14644.4970703125,12.461873452018411,1.006042657134881,0.5155976290955601,1,0.0,9783,1,7550.66796875
5,77,7573,12,4478.11083984375,12595.7001953125,4.827269696558385,1.006767534015506,0.35552694732368134,1,0.0,7573,1,4478.11083984375
5,97,7576,12,5188.81298828125,13386.634765625,5.393089673254658,1.0069089029194676,0.3876114556890275,1,0.0,7576,1,5188.81298828125
5,97,9782,12,6822.68505859375,14168.744140625,9.335727754857338,1.0060575746070897,0.48153068408028954,1,0.0,9782,1,6822.68505859375
5,105,9775,12,3822.69189453125,11913.1142578125,6.003098069437155,1.008964971245514,0.320880989790253,1,0.0,9775,1,3822.69189453125
5,108,1974,9,5448.6650390625,13036.5068359375,3.0291210981299823,0.9935366366916355,0.417954372872514,2,0.0,1974,1,5448.6650390625
5,108,4118,1,3707.68310546875,11737.5751953125,3.5377608913664598,1.00007579589476,0.3158815209933177,1,0.0,4118,1,3707.68310546875
5,108,4859,12,7482.84912109375,14964.6728515625,7.893192643645407,1.0062718993144688,0.5000342603755916,1,-0.0,4859,1,7482.84912109375
5,108,5376,13,3702.549072265625,13443.390625,3.7391270875640847,0.8851678520157628,0.27541780013296496,1,0.0,5376,1,3702.549072265625
5,108,7587,12,14201.412109375,20770.419921875,6.24431132410193,1.0066833729068165,0.6837325467078472,1,0.0,7587,1,14201.412109375
5,108,9787,12,15114.330078125,19577.435546875,49.330685451250545,1.0009096548355922,0.7720280851869584,1,-0.0,9787,1,15114.330078125
5,108,10331,3,4310.2060546875,12593.8037109375,3.365622299506498,1.0001042329688428,0.34224815263272373,2,0.0,10331,1,4310.2060546875
5,108,10495,12,8536.0341796875,16526.013671875,4.918977388792324,1.0064005790007677,0.5165210648599823,1,-0.0,10495,1,8536.0341796875
5,108,13442,5,4084.218017578125,10670.0068359375,4.160560131365504,1.0034196370009618,0.3827755764712472,1,0.0,13436,2,3760.717041015625
5,108,13459,5,15520.42578125,11139.9873046875,10.62960919944601,1.0029377719038748,1.3932175465513585,1,0.0,13459,2,15520.42578125
5,128,1967,4,3403.987060546875,11365.2490234375,3.0937617058154703,0.9907724848865731,0.2995083568804474,1,0.0,1967,1,3403.987060546875
5,128,7578,12,9813.771484375,16462.333984375,12.091264101626614,1.0063121685010024,0.5961348793973933,1,0.0,7578,1,9813.771484375
5,128,9785,12,10021.919921875,16347.76953125,10.949669134200704,1.004329920273645,0.6130450947890683,1,0.0,9785,1,10021.919921875
5,133,7576,12,7806.2109375,15663.40234375,3.7002312503310324,1.0071806203951694,0.4983726246816886,1,0.0,7576,1,7806.2109375
5,143,9776,12,3704.64404296875,12267.96875,4.973133908905459,1.0067941354402938,0.3019769709609629,1,-0.0,9776,1,3704.64404296875
5,171,7578,12,10700.314453125,17241.080078125,11.325061205695516,1.0050066328598564,0.6206290095886312,1,0.0,7578,1,10700.314453125
5,171,8974,0,3306.763916015625,10539.4306640625,3.3813895572408477,1.0125882514686804,0.3137516647166792,2,-0.0,8974,1,3306.763916015625
5,178,7572,12,3156.3759765625,12264.8046875,4.554983801450287,1.0072306897050065,0.2573523229260556,1,0.0,7572,1,3156.3759765625
5,183,7575,12,5331.455078125,13047.185546875,7.464504415416192,1.006594737761569,0.408628746710969,1,0.0,7575,1,5331.455078125
5,183,9780,12,6051.83984375,13354.91015625,11.309376816753327,1.0077209042826907,0.453154665433506,1,0.0,9780,1,6051.83984375
5,194,1990,7,21235.4921875,14635.6767578125,62.17288690737057,0.8866553323412537,1.4509402290648794,1,-0.0,1990,2,21235.4921875
5,194,9783,12,11201.1943359375,17709.150390625,12.564484630205955,1.0064284942763113,0.6325088493159599,1,0.0,9783,1,11201.1943359375
5,194,10489,19,29337.70703125,30896.43359375,3.149675333823562,0.9495499518489632,0.9495499518489632,2,7261.33203125,10485,5,25539.986328125
5,194,10506,5,26355.3828125,18007.646484375,9.236901581503256,0.9169165817232937,1.4635662042437485,1,0.0,10506,2,26355.3828125
5,197,2059,0,8242.8046875,13543.53515625,6.049072426686748,1.01062410884804,0.6086154458495391,1,0.0,2059,1,8242.8046875
5,197,4120,0,9384.73828125,15050.2158203125,5.294673928522279,1.0029266549564289,0.6235617079048065,1,391.38800048828125,4120,1,9384.73828125
5,197,6609,0,5229.90576171875,11340.8505859375,3.7556688780611727,1.0186501907559338,0.461156394054231,2,16.29800033569336,6609,1,5229.90576171875
5,197,7582,12,15068.69921875,19434.078125,34.647817189732166,1.0065373222536274,0.7753750459285035,1,0.0,7582,1,15068.69921875
5,197,8126,12,8000.68408203125,13815.66015625,10.789660629420496,1.0093680118684236,0.5791025540253941,1,0.0,8126,1,8000.68408203125
5,197,8964,19,36986.06640625,38494.84765625,5.880735772607043,0.9608056313542772,0.9608056313542772,1,-0.0,8957,5,6952.2529296875
5,197,9008,1,23055.841796875,16010.80859375,3.7231883108337573,1.0000834490747996,1.4400173271620464,2,0.0,9008,2,23055.841796875
5,197,9790,11,15343.6826171875,17610.4453125,20.736456988012726,1.0061477614394738,0.8712830564424434,1,0.0,9790,1,15343.6826171875
5,197,10614,3,21050.205078125,15680.517578125,3.7679043063154416,1.0001272232282332,1.3424432563049415,2,0.0,10614,1,21050.205078125
5,201,7573,12,3720.449951171875,12187.0859375,3.827489434306571,1.0082998517288126,0.30527805992767704,1,0.0,7573,1,3720.449951171875
5,201,9778,12,4378.90576171875,12716.736328125,4.915791444763404,1.0085817177898517,0.34434194818006353,1,0.0,9778,1,4378.90576171875
5,202,404,0,4001.946044921875,9809.3134765625,16.981467795744965,1.0188292306302924,0.4079741211741034,1,0.0,404,1,4001.946044921875
5,202,580,0,15516.6298828125,10361.587890625,23.461664749476927,1.0282091436610494,1.4975146711684701,1,53.459999084472656,580,2,15516.6298828125
5,207,7573,12,5324.5517578125,13527.8115234375,4.69343500084884,1.0062654191256908,0.39360038011968834,1,0.0,7573,1,5324.5517578125
5,211,7577,12,7637.548828125,15034.626953125,7.733478608706078,1.0056310504089143,0.5079972287930635,1,-0.0,7577,1,7637.548828125
5,213,9775,12,3405.2548828125,11424.841796875,5.925809925467069,1.0129875619294424,0.2980570710172922,1,-0.0,9775,1,3405.2548828125
5,224,2525,12,12777.96875,19561.666015625,6.451779506741938,1.0067778751454906,0.6532147486718932,1,0.0,2525,1,12777.96875
5,224,2585,12,7761.8369140625,15311.11328125,5.131645558995754,1.002620548841876,0.5069413811709989,1,0.0,2585,1,7761.8369140625
5,224,5811,12,9674.7451171875,17737.099609375,5.4460212795782565,1.0036516449269945,0.5454524883016321,1,-0.0,5811,1,9674.7451171875
5,224,6810,12,3045.89892578125,12489.0849609375,4.139397403570363,1.0026772345851258,0.24388487509757545,1,0.0,6810,1,3045.89892578125
5,224,7510,12,14567.892578125,18050.607421875,6.216616845423222,1.3162724208267829,0.8070583021195508,1,0.0,7510,1,14567.892578125
5,224,7582,12,20013.017578125,26371.384765625,9.083547536814295,1.0066892448041367,0.7588914179513202,1,0.0,7572,2,4969.73876953125
5,224,12785,12,4881.2099609375,13507.2451171875,4.245440310235479,1.006315089696138,0.3613771660015505,1,0.0,12785,1,4881.2099609375
5,231,7575,12,6069.6689453125,14521.30859375,3.8383266925381836,1.002507744814404,0.41798360706451054,2,0.0,7575,1,6069.6689453125
5,231,9776,12,3056.087890625,11899.0634765625,3.42705064424189,1.009050449636656,0.2568343211753223,1,0.0,9776,1,3056.087890625
5,232,5662,1,4312.0810546875,11671.5029296875,3.0068089094774,0.9926633343869417,0.36945379533935946,2,0.0,5662,1,4312.0810546875
5,232,6611,0,5583.830078125,11054.1435546875,3.913484567973916,1.0227984094132967,0.5051345724343503,2,256.09100341796875,6611,1,5583.830078125
5,232,7582,0,10127.33203125,16781.53125,6.518878522972942,1.002435043044613,0.6034808075842304,1,68.97799682617188,7582,1,10127.33203125
5,232,8133,12,4768.27587890625,12077.62890625,3.6696799608093214,1.009233486477227,0.3948023172361866,1,0.0,8133,1,4768.27587890625
5,232,8984,12,3487.736083984375,10562.294921875,3.6776712850692244,1.018920156682035,0.330206277118916,1,0.0,8984,1,3487.736083984375
5,232,9799,4,7537.1591796875,14018.642578125,3.0056500629418217,0.9948604159347537,0.5376525678348237,2,285.7909851074219,9799,1,7537.1591796875
5,234,9781,12,5056.64990234375,13006.3427734375,5.861888560784046,1.009941114182625,0.3887833798037992,1,-0.0,9781,1,5056.64990234375
5,235,1970,0,8699.8291015625,14263.9716796875,6.021341125335758,1.00091039604194,0.609916319025747,1,271.61199951171875,1970,1,8699.8291015625
5,235,2057,0,5898.94091796875,12710.361328125,4.822914814714688,1.0112252325368438,0.46410489565830043,1,-0.0,2057,1,5898.94091796875
5,235,4120,0,7669.5400390625,14102.095703125,4.082533970299341,1.0023923193065662,0.5438581754457207,2,258.71600341796875,4120,1,7669.5400390625
5,235,7582,12,11602.7421875,18196.39453125,6.403235353044185,1.001838794387676,0.6376396251231947,2,0.0,7582,1,11602.7421875
5,235,8126,12,6456.4990234375,12909.9921875,4.710936578010165,1.0089271162510476,0.500116416002866,1,-0.0,8126,1,6456.4990234375
5,235,8981,0,5842.201171875,11618.142578125,8.185673445941838,1.0067677813186484,0.5028515644897384,1,-0.0,8981,1,5842.201171875
5,235,9797,2,10016.072265625,15332.197265625,4.8297471544728126,1.0001208165325381,0.6532705059881517,2,237.6439971923828,9797,1,10016.072265625
5,259,9782,0,7731.5439453125,15891.345703125,3.268859460732292,1.000440569855911,0.48652543905026924,2,0.878000020980835,9782,1,7731.5439453125
5,262,431,7,19410.677734375,13967.1240234375,4.777952538521072,0.8818562637753065,1.3897404864310618,2,294.19000244140625,431,2,19410.677734375
5,262,570,2,3562.125,9338.0556640625,3.0495974258370415,0.871512240086759,0.38146324332899784,2,0.0,570,1,3562.125
5,264,2058,2,4582.80810546875,12092.78125,3.077155838303471,0.9719006373133532,0.37897056191839656,1,0.0,2058,1,4582.80810546875
5,264,4115,6,3676.094970703125,11529.294921875,3.0926170121421994,0.9784483559688508,0.3188482032607493,2,0.0,4115,1,3676.094970703125
5,264,5661,12,3687.01708984375,11147.134765625,3.1957352169423237,1.0122682551207214,0.3307591742062361,1,0.0,5661,1,3687.01708984375
5,264,6609,0,4924.59716796875,10821.8369140625,3.7767081667406783,1.027137074397657,0.45506111458484955,1,97.5739974975586,6609,1,4924.59716796875
5,264,7584,0,22139.365234375,15122.853515625,22139.365234375,1.1631283941686354,1.4639674457932499,1,0.0,7567,3,3373.56591796875
5,264,7587,4,7321.3330078125,14097.8330078125,11.749286873883179,1.050286526026902,0.5193232891718385,3,0.0,7587,3,7321.3330078125
5,264,7607,8,17693.68359375,12658.958984375,16.433237991144214,0.8582339783943863,1.3977202719109352,1,369.7489929199219,7607,2,17693.68359375
5,264,8985,0,5494.51904296875,11059.541015625,7.763805989972326,1.0079563229899522,0.4968125743379453,2,0.0,8985,1,5494.51904296875
5,264,9799,8,7037.34814453125,13899.509765625,3.024642440525775,0.9882565208009214,0.5063018957643656,2,37.48899841308594,9799,1,7037.34814453125
5,270,7573,12,3525.2119140625,12221.3291015625,4.392434547228079,1.0071386312905937,0.2884475072037624,1,0.0,7573,1,3525.2119140625
5,291,7574,12,5016.2919921875,13312.1396484375,4.619904262831843,1.003833642169165,0.37682086611646104,2,-0.0,7574,1,5016.2919921875
5,291,9778,12,3470.341064453125,11947.6337890625,3.3673017329036434,1.011742375658936,0.2904626242921891,1,0.0,9778,1,3470.341064453125
5,296,7575,12,5162.6767578125,13170.98828125,4.408201797245361,1.0082708796034494,0.39197337721133657,1,0.0,7575,1,5162.6767578125
6,22,4144,10,4766.51513671875,3416.631103515625,4.182667116169425,0.9077133039410648,1.3950921221240797,1,0.0,4144,1,4766.51513671875
6,22,8047,10,3565.072021484375,3036.236083984375,3.53699528640949,0.8724069963497898,1.1741748411098594,2,0.0,8047,1,3565.072021484375
6,22,8301,0,3073.431884765625,2453.7900390625,3073.431884765625,1.0356101035348748,1.2525243952574958,1,0.0,8301,1,3073.431884765625
6,22,8917,15,6383.85498046875,5705.02294921875,3.0072329312067207,0.92310131444203,1.1189884838838309,1,0.0,8909,2,6187.47509765625
6,22,8993,5,3757.988037109375,2604.803955078125,3.5051919026835487,0.8291681502689338,1.4427143469983954,2,0.0,8993,1,3757.988037109375
6,22,9094,11,5769.0517578125,4281.37890625,3.0355482974845645,0.9797439186313757,1.3474751672622995,1,704.2529907226562,9094,1,5769.0517578125
6,22,9681,1,3530.90087890625,3105.5,3.335503850787404,0.9258644923771232,1.1369830555164224,4,-0.0,9681,1,3530.90087890625
6,102,11632,11,3685.967041015625,4711.48681640625,8.544356537946454,1.00158612831313,0.7823362740144831,1,0.0,11632,1,3685.967041015625
6,120,12801,1,3763.8369140625,2610.408935546875,18.023881092144237,1.041953975445136,1.4418571982377866,1,0.0,12801,1,3763.8369140625
6,126,12809,4,4049.830078125,2817.006103515625,3.2041291052344967,0.9338635327000501,1.4376362454702565,2,0.0,12809,1,4049.830078125
6,131,737,5,3890.0810546875,2635.696044921875,23.255882127303657,1.0811559102192136,1.475921725565592,1,-0.0,723,3,3609.301025390625
6,131,767,11,4511.14404296875,4303.47216796875,16.733070691174955,1.380274882997837,1.048256818423441,1,0.0,767,1,4511.14404296875
6,131,794,5,8706.02734375,5835.044921875,24.11281329407269,0.9539276637002259,1.4920240478547087,1,0.0,794,1,8706.02734375
6,131,8169,8,4731.68212890625,3258.14501953125,8.593707209246242,0.9075213647838836,1.4522625913032559,1,0.0,8169,1,4731.68212890625
6,131,10298,7,5048.34814453125,3520.156982421875,13.002276046943276,0.9258637679539725,1.4341258556764638,1,0.0,10298,1,5048.34814453125
6,131,12819,3,3978.447021484375,3253.222900390625,47.56347876324723,0.7406314819438876,1.2229248174192644,1,-0.0,12819,1,3978.447021484375
6,134,227,5,4050.319091796875,2709.799072265625,3.2528961422057416,0.9197308548918001,1.4946935118737272,1,0.0,227,1,4050.319091796875
6,134,429,9,3649.447021484375,2754.1708984375,4.4723752614478105,0.8741094374196392,1.3250619355374005,1,0.0,429,1,3649.447021484375
6,134,721,0,4272.462890625,3098.58203125,48.03704477951221,2.7417882890755374,1.3788445319620743,2,0.0,721,1,4272.462890625
6,134,941,3,4013.462890625,2865.251953125,5.5661094990993965,0.9097340748679295,1.4007364644661349,2,0.0,941,1,4013.462890625
6,134,1148,1,4477.3251953125,3190.860107421875,5.601077632842208,0.8888497056865446,1.4031718861313704,2,-0.0,1135,2,3827.985107421875
6,134,1333,9,5198.86083984375,3557.60595703125,16.07225768177988,0.9078847906293837,1.4613368941461111,1,196.7169952392578,1333,2,5198.86083984375
6,134,1949,3,4813.51708984375,3300.303955078125,3.016961567723427,0.9088658108452095,1.458507202779692,2,0.0,1949,1,4813.51708984375
6,134,2084,10,4021.24609375,3230.159912109375,5.648745817182866,1.0521720988461578,1.244906197577081,2,0.0,2084,2,4021.24609375
6,134,2108,9,5030.9248046875,3468.931884765625,3.5081324031051566,1.1219794896645223,1.4502806546250213,1,-0.0,2108,1,5030.9248046875
6,134,2940,13,21390.251953125,16096.466796875,6.435929118628298,1.001638574659547,1.3288787050632593,2,0.0,2940,1,21390.251953125
6,134,3696,4,3881.7509765625,2633.363037109375,5.395779593529403,0.9129141247097846,1.4740660219881692,2,0.0,3696,1,3881.7509765625
6,134,4733,2,5665.7001953125,3922.02197265625,11.361086638187711,1.0014012976653295,1.4445865512261058,1,0.0,4733,1,5665.7001953125
6,134,6624,2,3029.819091796875,2759.8349609375,20.515763153870633,1.0810975220929953,1.0978261869570864,1,0.0,6624,1,3029.819091796875
6,134,8174,9,4855.99609375,3415.2109375,3.365292640634558,0.8948040957134865,1.4218729626418574,1,0.0,8174,1,4855.99609375
6,134,9563,4,3955.389892578125,2789.867919921875,4.310807326624082,0.9130037439219595,1.4177695884215509,2,0.0,9563,1,3955.389892578125
6,134,9853,2,3480.60009765625,7637.68017578125,7.655340381406792,1.5816861940292712,0.4557143029755397,0,766.9730224609375,9853,1,3480.60009765625
6,134,9948,1,3837.736083984375,2598.945068359375,13.066323509471545,1.039286272485388,1.4766514809052915,1,-0.0,9948,1,3837.736083984375
6,134,10146,6,4056.072998046875,2892.596923828125,3.4869278051832495,0.8958134165430545,1.4022254413100117,2,0.0,10146,1,4056.072998046875
6,134,10304,2,4098.80908203125,3369.26904296875,10.899478818855163,1.0550717085462726,1.2165276888721488,1,0.0,10304,1,4098.80908203125
6,134,10338,0,6136.3740234375,4286.19287109375,9.15942303617166,1.0016809865358478,1.431660732026653,1,0.0,10338,1,6136.3740234375
6,134,10581,3,4523.080078125,11510.8828125,26.790499429557215,1.2250674640461765,0.3929394601440349,1,13.45300006866455,10581,2,4523.080078125
6,134,10616,14,5643.3232421875,5687.68017578125,4.710339145693325,1.3461611751101619,0.992201225768174,1,0.0,10604,3,3229.152099609375
6,134,11911,1,3721.251953125,2504.218994140625,7.176700539479745,0.5438796938565931,1.4859930229073377,1,0.0,11911,2,3721.251953125
6,134,12141,2,6004.0771484375,4109.8017578125,3.499574767947386,0.6404907386196067,1.4609164875225649,1,0.0,12141,2,6004.0771484375
6,134,12167,2,4865.9521484375,6086.35205078125,3.489913986235517,1.001356817200057,0.7994858180793044,4,311.43499755859375,12167,1,4865.9521484375
6,134,12316,8,3686.662109375,3511.10302734375,4.536919407888189,1.0523271967775747,1.0500011194955066,2,0.0,12316,1,3686.662109375
6,134,12338,3,5787.35009765625,4133.8798828125,3.0452052344931455,0.9854310757380199,1.3999802272239235,1,0.0,12338,1,5787.35009765625
6,134,12718,9,43050.58984375,36862.19140625,4.767775076690793,1.02729315950771,1.167879287731406,1,288.3110046386719,12718,3,43050.58984375
6,134,12775,1,3437.802978515625,2407.615966796875,8.946030505149668,0.8371864097618748,1.4278867667958377,2,0.0,12775,1,3437.802978515625
6,134,12810,7,4331.73779296875,3482.339111328125,8.364487037619995,0.8177925627088983,1.2439161306483657,1,449.59100341796875,12810,2,4331.73779296875
6,134,13100,19,9479.6279296875,9211.8359375,9.905350006301088,0.9843234513351958,1.0290704257006313,0,1394.3189697265625,13100,2,9479.6279296875
6,134,13164,0,3352.447021484375,2822.528076171875,24.056883073639383,0.4551373464035009,1.1877462087219397,1,0.0,13164,1,3352.447021484375
6,134,13185,4,3818.737060546875,2990.031005859375,14.141192943437998,1.0991774622882036,1.2771563415441303,1,0.0,13185,1,3818.737060546875
6,134,13213,0,3827.426025390625,3239.68701171875,3.8429765464837957,1.0408374934047784,1.1814184554081544,1,499.0450134277344,13213,1,3827.426025390625
6,134,13396,8,4885.31982421875,3503.2119140625,21.656033825597415,0.917247513495183,1.3945259219427262,1,87.2239990234375,13396,1,4885.31982421875
6,182,2469,16,9021.0224609375,9350.400390625,3.376624796032354,0.4153659548847568,0.9647739224068154,1,522.780029296875,2469,1,9021.0224609375
6,182,2528,15,10351.46875,7492.06689453125,5.911617039191379,0.886820663075122,1.3816572777207767,2,0.0,2528,1,10351.46875
6,182,3641,13,6075.72119140625,5652.712890625,3.2158464810445158,0.9720689135800694,1.0748327942646454,1,95.80400085449219,3641,1,6075.72119140625
6,182,7448,13,5838.125,5256.82421875,3.5963040105406336,0.9295055557028311,1.1105802205020705,1,72.66699981689453,7448,1,5838.125
6,182,7519,16,8991.5146484375,9318.7998046875,3.460457675122995,0.620157920402621,0.964879044178482,1,187.76600646972656,7519,1,8991.5146484375
6,182,7579,10,5609.5771484375,4562.5849609375,3.715633345770686,1.001211729302602,1.2294734665685807,2,656.8759765625,7579,1,5609.5771484375
6,222,2470,16,8701.7958984375,8699.439453125,5.332827419360329,0.6257547669472927,1.0002708732355914,1,537.4819946289062,2470,1,8701.7958984375
6,222,2527,10,7290.02587890625,5382.47998046875,5.423736737954301,1.0017659427681291,1.3543990698264288,1,634.1290283203125,2527,1,7290.02587890625
6,222,3640,10,5899.72998046875,5384.02587890625,3.866065536652843,1.0013982523792917,1.0957841052701744,1,795.1859741210938,3640,1,5899.72998046875
6,222,5459,8,4027.469970703125,4111.0810546875,3.623989582454891,1.0009038553249012,0.9796620200691395,2,502.17401123046875,5459,1,4027.469970703125
6,222,5749,13,4416.16796875,4890.19921875,3.1943591343811417,0.9299439328135601,0.903065043202643,1,16.113000869750977,5749,1,4416.16796875
6,222,5817,4,5330.18115234375,3645.868896484375,5.715521702256383,0.9574521774336147,1.461978283827901,1,742.8099975585938,5817,1,5330.18115234375
6,222,7446,15,3771.282958984375,5228.587890625,3.3915391941313224,0.8938043230083237,0.7212813550952042,1,0.0,7446,1,3771.282958984375
6,222,7520,4,12499.57421875,8460.578125,3.197667771518293,0.979014641739187,1.477390083050619,1,447.1610107421875,7508,2,4775.0009765625
6,222,7589,15,7741.3388671875,5589.97314453125,5.750780998215924,0.8808392135536991,1.3848615488897227,2,0.0,7589,1,7741.3388671875
7,5,2579,12,4466.576171875,13832.61328125,3.823907426602708,1.0035661931124398,0.32290183214544205,1,-0.0,2579,1,4466.576171875
7,5,7571,12,6392.19091796875,15625.296875,4.226043424161217,1.0063279044296485,0.4090924459935261,1,0.0,7571,1,6392.19091796875
7,16,7575,12,9243.78515625,16378.345703125,8.681424354393616,1.006589233802579,0.5643906487140687,1,0.0,7575,1,9243.78515625
7,16,9782,0,8969.0068359375,16506.634765625,3.936846637405051,1.0010919699659209,0.5433576839426665,2,19.31800079345703,9782,1,8969.0068359375
7,31,7577,12,9274.138671875,16536.771484375,9.408139047844985,1.0045104354989318,0.5608191829123236,1,-0.0,7577,1,9274.138671875
7,31,9783,0,7069.43310546875,14979.8642578125,3.098214585565395,1.0020876885965677,0.4719290498097674,2,0.0,9783,1,7069.43310546875
7,42,7571,12,3035.631103515625,12251.3798828125,4.015377115179853,1.0051242648369454,0.24777871003529336,1,0.0,7571,1,3035.631103515625
7,42,9776,0,3679.84912109375,12847.6904296875,3.004869790458313,1.002377482823601,0.2864210607527268,2,0.0,9776,1,3679.84912109375
7,62,7572,12,3274.43310546875,12288.41796875,5.074551623481962,1.0072637170353425,0.2664649846543128,1,0.0,7572,1,3274.43310546875
7,62,9776,12,3001.1630859375,12000.2197265625,4.048863179164431,1.0117250593215756,0.2500923445005279,1,0.0,9776,1,3001.1630859375
7,68,738,5,18823.146484375,13342.3076171875,3.374718125755188,0.9014579607444047,1.4107864264894558,2,167.55599975585938,738,2,18823.146484375
7,68,2073,1,15364.0302734375,10372.3193359375,20.20281704609843,0.9702278166640036,1.4812531099196846,1,0.0,2073,1,15364.0302734375
7,68,12801,6,18197.1015625,12856.1259765625,5.068053253235303,0.8835874219338211,1.4154420698486017,1,211.1320037841797,12801,1,18197.1015625
7,85,9777,13,3508.60498046875,13527.908203125,3.285518283973637,0.7879732048735838,0.2593604959307935,1,-0.0,9777,1,3508.60498046875
7,92,7575,12,9423.4013671875,16840.05859375,8.07542347746464,1.0050735075310495,0.5595824571943526,1,0.0,7575,1,9423.4013671875
7,92,9782,0,9890.453125,17098.650390625,3.0996266048791314,1.0001359805665304,0.5784347243232031,2,-0.0,9782,1,9890.453125
7,111,5374,12,3731.06689453125,12867.0556640625,4.192824752246663,1.0022556317998832,0.28997052565429293,2,-0.0,5374,1,3731.06689453125
7,117,1971,0,9159.2353515625,15049.9921875,6.810903933860417,1.0005388304637313,0.6085873824685333,1,250.91099548339844,1971,1,9159.2353515625
7,117,7587,12,15838.7060546875,21683.01953125,10.76769709460839,1.0018971315020815,0.7304658851531467,1,0.0,7587,1,15838.7060546875
7,117,8104,14,6003.4990234375,6948.5361328125,5.4513655913185906,0.16524675099302616,0.863994790944192,1,393.54400634765625,8104,1,6003.4990234375
7,117,8127,11,8707.4248046875,14616.28125,6.814673108944391,1.0065880217826821,0.5957346233117606,1,0.0,8127,1,8707.4248046875
7,117,8981,0,7998.47314453125,13475.341796875,7.997793156380198,1.0022983716272897,0.5935636561282724,1,57.64699935913086,8981,1,7998.47314453125
7,117,9789,0,12019.2734375,17366.0546875,5.59523658502525,1.000101409922961,0.6921130708030888,2,119.66000366210938,9778,2,3715.465087890625
7,125,2059,0,6602.28515625,13383.2509765625,3.503408388837839,1.0183166221917364,0.49332446711283323,2,125.98899841308594,2059,1,6602.28515625
7,125,7580,12,11065.7265625,17635.603515625,15.186948056224345,1.004475740846361,0.6274651475746694,1,-0.0,7580,1,11065.7265625
7,125,12782,5,3557.590087890625,12833.4814453125,3.063191068182245,0.9641802840304075,0.27721161269065103,2,0.0,12782,1,3557.590087890625
7,132,1973,0,9007.984375,14967.21875,6.891767221442782,1.0000776281352117,0.6018475793974749,1,213.91400146484375,1973,1,9007.984375
7,132,2055,0,5713.6328125,13824.7255859375,3.8501024092916896,1.0041521877290693,0.4132908662079993,2,0.0,2055,1,5713.6328125
7,132,4116,0,4309.52197265625,12655.794921875,3.339769877634408,1.001487269531093,0.3405176837377023,1,1.2730000019073486,4116,1,4309.52197265625
7,132,5378,12,6947.7060546875,14904.779296875,6.972885303540856,1.005261817789265,0.4661394789082309,1,0.0,5378,1,6947.7060546875
7,132,7582,12,14533.91015625,20465.60546875,19.838089940269708,1.0022014767375584,0.7101627253805213,1,-0.0,7582,1,14533.91015625
7,132,8125,12,8081.42578125,14762.314453125,13.422110162435303,1.0069476807926523,0.54743623074221,1,0.0,8125,1,8081.42578125
7,132,8979,11,5461.5908203125,12392.7978515625,3.3082213841582244,1.0072333105088045,0.4407068432592803,1,0.0,8979,1,5461.5908203125
7,132,9230,0,3436.179931640625,12861.365234375,3.014154514846827,1.0032442614372619,0.2671706983685241,1,-0.0,9230,1,3436.179931640625
7,132,9778,12,3833.4189453125,14518.1337890625,7.504647341434466,1.0957995250881518,0.26404350593603676,1,-0.0,9778,1,3833.4189453125
7,133,2058,3,4726.701171875,12696.33203125,3.1266843582862176,0.9765145063631975,0.37228871773682176,2,0.0,2058,1,4726.701171875
7,133,5659,0,3971.843994140625,11745.890625,5.209686323762142,1.007239341631508,0.33814753780244955,1,0.0,5659,1,3971.843994140625
7,133,7578,12,6495.77490234375,14756.1708984375,4.184201959910102,1.007739308739015,0.44020735101621616,1,0.0,7578,1,6495.77490234375
7,133,8131,0,6019.73486328125,13160.552734375,6.080362205302073,1.0071800818412342,0.45740744973103364,2,0.0,8131,1,6019.73486328125
7,133,9795,0,8302.2060546875,15054.8359375,4.764502978616832,1.0016667230252967,0.5514643991574552,1,317.32598876953125,9795,1,8302.2060546875
7,169,9782,12,9571.291015625,16338.7236328125,8.946365234647214,1.0076227089593277,0.5858040830315107,1,-0.0,9782,1,9571.291015625
7,174,1917,7,18110.66796875,13671.9892578125,19.25484893705156,0.8755339625233632,1.3246549296695163,1,383.5090026855469,1917,2,18110.66796875
7,174,2067,0,4881.873046875,10832.65625,45.69437676050932,1.1112663972512649,0.45066260150874815,1,-0.0,2067,1,4881.873046875
7,174,8116,16,18481.314453125,23017.6796875,3.0863761296593752,0.9536919200027979,0.8029182221682178,2,3074.032958984375,8116,2,18481.314453125
7,174,8161,8,19137.951171875,14182.4775390625,6.541415521847678,0.8559341865860043,1.349408177743539,1,539.2979736328125,8146,2,7730.7900390625
7,174,8169,0,13957.9052734375,12719.677734375,4.589336753607189,1.005968074549025,1.097347398646444,1,-0.0,8169,1,13957.9052734375
7,174,10236,0,14627.716796875,9762.45703125,12.36413905876116,1.0464537493406736,1.4983642693689834,2,0.0,10236,1,14627.716796875
7,174,10286,8,22404.9140625,15055.599609375,8.762009550602295,0.9406263114573837,1.4881449190870246,1,-0.0,10267,4,4346.5390625
7,174,12279,3,17149.365234375,11901.345703125,7.5814162169851445,0.9172595188993815,1.4409601789713578,2,0.0,12279,1,17149.365234375
7,191,9777,12,3141.345947265625,12479.7880859375,3.0264424526492597,1.0062759722912176,0.2517146866304054,2,0.0,9777,1,3141.345947265625
7,203,8123,12,4681.4921875,12528.4365234375,6.052560759868871,1.0127617519685996,0.3736693065205802,1,0.0,8123,1,4681.4921875
7,203,9782,12,6383.55908203125,14131.1162109375,3.1734614699861057,1.009996576054694,0.45173778113086127,1,-0.0,9782,1,6383.55908203125
7,212,324,5,17317.427734375,21863.271484375,5.859283233392111,1.0000381223716852,0.7920785206711277,1,893.3469848632812,324,1,17317.427734375
7,212,612,0,14050.02734375,20278.3359375,5.360565084102616,1.0036594236489722,0.6928589893694279,1,744.760009765625,612,1,14050.02734375
7,212,709,0,5242.93994140625,9516.4326171875,5.173909585401873,1.0265840023113946,0.5509354347696476,1,0.0,709,2,5242.93994140625
7,212,1377,0,8788.4072265625,15694.765625,4.824529953551726,1.0016431511549917,0.5599578506966395,2,336.4440002441406,1377,1,8788.4072265625
7,212,1753,0,5469.68603515625,11368.728515625,45.981521644527845,1.022717422871772,0.48111677815498893,1,0.0,1753,1,5469.68603515625
7,212,1784,8,14048.76953125,11118.0595703125,4.588773813027194,0.8423460718263165,1.2635990518312292,1,0.0,1784,2,14048.76953125
7,212,1879,6,6764.5390625,12754.6123046875,3.0059421422180894,0.9827063862193595,0.5303602258466089,1,117.49600219726562,1879,1,6764.5390625
7,212,2081,6,8963.587890625,10173.9267578125,117.09914475667108,1.4344208277080166,0.8810352289731114,1,0.0,2064,2,7716.373046875
7,212,2095,10,7638.39794921875,18026.3671875,3.117976226522001,0.876446673501149,0.4237347364429276,1,925.364013671875,2092,4,3065.820068359375
7,212,2179,10,16616.18359375,14773.8115234375,8.821253007522769,2.0704534549980758,1.1247052642704776,1,0.0,2169,3,4924.3837890625
7,212,2192,6,28978.169921875,20777.033203125,4.3864044304928,0.9060566183135543,1.3947212596992191,1,128.49099731445312,2192,1,28978.169921875
7,212,2218,5,19922.48046875,13443.9736328125,35.428260820486635,0.8998459545831555,1.4818892845881153,1,369.1499938964844,2218,1,19922.48046875
7,212,2260,0,12691.3818359375,9465.4033203125,44.84357523044174,1.001202971258116,1.3408178612634643,1,0.0,2260,2,12691.3818359375
7,212,2468,12,11172.548828125,19016.7421875,6.759261249991149,1.0070431554463093,0.5875111897698697,1,0.0,2468,1,11172.548828125
7,212,2976,0,3129.153076171875,11137.8154296875,3.068471036773246,1.0076067681368865,0.28094854829711174,1,0.0,2976,1,3129.153076171875
7,212,3718,7,33665.87109375,23379.28515625,3.6781364217282544,0.902258550712257,1.4399871881775683,2,935.9500122070312,3703,2,18485.376953125
7,212,3816,0,7003.11083984375,10673.35546875,3.5501687227136727,1.0147559614663078,0.6561301982631252,2,-0.0,3816,1,7003.11083984375
7,212,3926,4,25592.859375,17937.23828125,14.782844664240613,0.9438322478596649,1.4268004345882224,1,0.0,3926,2,25592.859375
7,212,4100,4,8514.0166015625,8282.716796875,47.995222623569724,1.062568011258036,1.027925596197466,1,0.0,4100,2,8514.0166015625
7,212,4126,0,3794.44189453125,17462.201171875,7.139435126505552,1.004709687566483,0.2172945928857274,1,0.0,4126,1,3794.44189453125
7,212,4212,1,12724.5693359375,10468.2861328125,12724.5693359375,2.3918637826536098,1.2155351099978777,1,0.0,4209,4,3262.662109375
7,212,4266,7,4302.3837890625,10958.7373046875,18.361107413781383,1.0165424265686682,0.3925984964729645,1,0.0,4247,3,4160.60009765625
7,212,4281,3,14691.91015625,10544.0517578125,88.01899460696282,0.9147078753440145,1.3933837289222513,1,0.0,4281,2,14691.91015625
7,212,4675,8,13946.576171875,9535.365234375,21.080789269699128,0.9384944272742249,1.4626158336963937,1,0.0,4675,3,13946.576171875
7,212,4699,2,4844.0078125,12407.8974609375,4844.0078125,2.1102457507772874,0.39039715050433715,1,0.0,4699,2,4844.0078125
7,212,4729,6,21654.712890625,14645.5029296875,13.333213677044519,0.8924083801871598,1.478591277785983,1,380.05499267578125,4729,1,21654.712890625
7,212,4787,12,5867.56591796875,13207.123046875,9.491770620200327,1.0039713462198647,0.4442728289229578,1,0.0,4787,1,5867.56591796875
7,212,5679,0,13648.76171875,18109.634765625,5.879784537477412,1.000265519241843,0.7536740467376816,1,735.2680053710938,5669,2,3121.572021484375
7,212,5882,0,7722.09716796875,14294.3408203125,6.987810847416531,1.002426509229856,0.5402205855477799,1,260.61199951171875,5882,1,7722.09716796875
7,212,6631,2,25551.384765625,28549.216796875,3.1870053062007404,1.0000288948168279,0.894994246161662,2,1502.7740478515625,6612,2,8618.5693359375
7,212,6731,9,8915.2646484375,13409.3203125,4.49230284840505,1.1200932516303914,0.6648558197335925,1,0.0,6731,2,8915.2646484375
7,212,6760,1,4794.794921875,11278.978515625,3.8781949920790115,1.000879615048654,0.42510896844361146,1,-0.0,6760,1,4794.794921875
7,212,6793,0,3349.27587890625,6534.61279296875,21.411795921520763,1.0051796820355772,0.5125438928087789,1,0.0,6793,1,3349.27587890625
7,212,6904,0,11103.046875,17005.384765625,3.540317535050273,1.0003500053055103,0.652913593430941,1,903.6690063476562,6904,1,11103.046875
7,212,7000,0,6014.7568359375,12180.767578125,5.681572521434586,1.011659996713273,0.4937912818186585,2,231.7779998779297,7000,1,6014.7568359375
7,212,7588,12,18917.10546875,19188.388671875,11.214283116909149,1.4835742107008936,0.9858621165245298,1,122.35299682617188,7588,1,18917.10546875
7,212,8121,13,17552.88671875,12392.982421875,16.308431185679755,1.7469419062786533,1.4163569446985733,1,0.0,8121,2,17552.88671875
7,212,8414,8,15218.654296875,11721.931640625,238.08535466252005,0.8537556280073928,1.2983060099183072,1,0.0,8414,1,15218.654296875
7,212,8803,3,15246.556640625,21586.421875,4.138621999605886,1.0003910582415347,0.7063030977951273,1,961.4580078125,8803,1,15246.556640625
7,212,8899,0,13825.7021484375,23279.474609375,3.5810556277639636,1.002430470220155,0.5939009526817104,3,0.0,8899,1,13825.7021484375
7,220,8126,0,4957.0419921875,12517.14453125,4.416122344637328,1.0060771805798587,0.39602019292913565,2,0.0,8126,1,4957.0419921875
7,220,9783,12,5627.50390625,13691.6904296875,3.382713400623252,1.0095050081841261,0.41101600530260035,1,0.0,9783,1,5627.50390625
7,221,719,8,3245.340087890625,13041.0654296875,3.000214979573555,0.9820917975552234,0.24885544094447445,2,0.0,719,1,3245.340087890625
7,221,2070,0,12261.6513671875,12430.1220703125,5.898566738120707,1.0052630887878924,0.9864465769385027,1,827.4140014648438,2070,1,12261.6513671875
7,221,5661,0,5674.380859375,12366.416015625,5.355073952409861,1.0063942242408959,0.45885411360942446,1,-0.0,5661,1,5674.380859375
7,221,6608,4,3639.373046875,11424.2373046875,3.1619735634775767,0.9626702624230542,0.3185659532283807,2,0.0,6608,1,3639.373046875
7,221,8149,0,9718.1630859375,15629.9306640625,4.290716972598219,1.0032449150194591,0.6217662313936059,2,512.7230224609375,8149,1,9718.1630859375
7,221,8984,0,4512.4140625,11350.513671875,3.262918548010931,1.0103670204920931,0.39755152876306704,1,0.0,8984,1,4512.4140625
7,221,9796,0,9739.6474609375,15640.599609375,4.66771514059654,1.0017210270840549,0.6227157336793878,1,442.5260009765625,9796,1,9739.6474609375
7,221,12782,6,3104.343017578125,12465.73046875,3.090889881168119,0.9691809874687932,0.2490301731904374,1,0.0,12782,1,3104.343017578125
7,244,7575,11,6982.6171875,14861.703125,3.2972561621042433,1.0066092962343658,0.469839636061227,1,-0.0,7575,1,6982.6171875
7,244,9778,0,5780.64794921875,14746.849609375,3.406398430649212,1.0002772171755347,0.3919920594798651,2,0.0,9778,1,5780.64794921875
8,16,7551,11,3214.4541015625,8377.650390625,5.757079764328145,1.0076768908113876,0.3836939895653358,1,-0.0,7551,1,3214.4541015625
8,16,10470,0,4967.26513671875,10147.90625,4.201791292843895,1.0069395269651633,0.48948669945770834,2,0.0,10470,1,4967.26513671875
8,37,1959,0,6819.4541015625,10239.369140625,8.739567277361195,1.0071121102736202,0.6660033453141282,1,116.49600219726562,1959,1,6819.4541015625
8,37,4101,0,4656.4541015625,9515.0244140625,3.4421204712820135,1.0102856898287675,0.4893791018213896,2,0.0,4101,1,4656.4541015625
8,37,4679,0,12647.9892578125,8611.0810546875,4.890862162070307,1.004880500173874,1.4688038792675726,1,-0.0,4679,1,12647.9892578125
8,37,4764,0,6046.3701171875,9590.30078125,6.732615469284857,1.0021719585478592,0.6304672038033218,1,225.64100646972656,4764,1,6046.3701171875
8,37,4844,0,10104.4892578125,12786.49609375,10.380688172256068,1.0008548910884423,0.7902469279876873,1,150.0780029296875,4844,1,10104.4892578125
8,37,5006,0,4527.005859375,10185.529296875,4.559953919977336,1.0100354159751115,0.4444546500655514,1,0.0,5006,1,4527.005859375
8,37,7485,0,6774.56884765625,11913.869140625,4.4944373942641676,1.0005627225415126,0.5686287777457372,1,261.656005859375,7485,1,6774.56884765625
8,37,8026,0,6045.0341796875,9621.2333984375,3.8147066109305143,1.0055266388541109,0.6283013756499475,1,241.052001953125,8026,1,6045.0341796875
8,37,8102,12,4107.10888671875,9322.763671875,6.585271859441156,1.0021740446213514,0.4405462834061872,1,0.0,8102,1,4107.10888671875
8,37,8294,0,4573.533203125,10089.638671875,4.228519892693351,1.0059096384196518,0.4532900881647807,1,0.0,8294,1,4573.533203125
8,37,8877,0,4860.9150390625,9930.791015625,3.0084517715036143,1.0166853302899628,0.48947913931673603,1,73.72200012207031,8877,1,4860.9150390625
8,37,9060,0,6511.42578125,10338.7841796875,3.591689413967866,1.0013055250809562,0.6298057555010124,1,296.6499938964844,9060,1,6511.42578125
8,37,9206,11,3693.81494140625,8687.830078125,5.23098411418081,1.011676508589865,0.42517117717424857,2,0.0,9206,1,3693.81494140625
8,37,9770,0,7619.10107421875,10180.8173828125,12.904456677397349,1.0041365828470392,0.7483781299408728,1,200.66000366210938,9770,1,7619.10107421875
8,37,10476,2,7598.783203125,12750.7080078125,3.0008774601638546,0.9932900316299361,0.5959499032107975,2,133.8679962158203,10476,1,7598.783203125
8,37,10968,0,4521.5380859375,9186.857421875,3.0055693658547114,1.0117893916562894,0.49217462275741647,2,90.36499786376953,10968,1,4521.5380859375
8,37,11053,0,5676.623046875,9859.9150390625,3.2044593649251816,1.0027016490719658,0.5757273794333571,1,69.0479965209961,11053,1,5676.623046875
8,46,2497,11,6242.89501953125,10616.529296875,5.4070817596271805,1.0026535468613693,0.5880353969699741,1,0.0,2497,1,6242.89501953125
8,46,7484,3,4643.07177734375,10156.501953125,4.862975381631128,1.0002039534359264,0.4571526494823494,1,0.0,7484,1,4643.07177734375
8,77,719,4,13032.0732421875,9073.2236328125,4.420808844730098,0.9071364780285494,1.4363222785624037,1,0.0,719,1,13032.0732421875
8,77,12783,6,13871.8583984375,9751.904296875,9.399093474850135,0.8874863204436237,1.4224768800164231,1,42.35900115966797,12783,2,13871.8583984375
8,83,745,0,15553.81640625,10972.0703125,7.527377521954333,1.02878358969854,1.4175826405824448,1,-0.0,745,1,15553.81640625
8,83,2063,2,4135.9609375,7396.35009765625,10.488019047067759,1.0947934339391407,0.5591894492407276,1,-0.0,2063,1,4135.9609375
8,83,3685,7,14608.794921875,10347.5859375,28.86930974389351,0.8716090962313295,1.4118070639966598,1,38.130001068115234,3685,2,14608.794921875
8,83,4694,5,11976.732421875,8522.412109375,67.8019058649627,0.8979649783983326,1.4053219051329502,1,16.003999710083008,4694,2,11976.732421875
8,83,6610,5,12166.4814453125,8728.2578125,6.347508046965838,0.8920516997846141,1.3939186612806644,2,0.0,6610,2,12166.4814453125
8,83,6729,0,12377.1611328125,8554.576171875,12377.1611328125,1.011595076007633,1.446846796864708,1,-0.0,6729,1,12377.1611328125
8,83,8146,7,12435.4345703125,8606.29296875,24.599754961920002,0.8649590669062817,1.4449234549028667,1,93.99500274658203,8146,2,12435.4345703125
8,83,10283,0,4997.8017578125,7767.13818359375,4.762641674134833,1.0075567509367065,0.643454724208355,1,0.0,10283,1,4997.8017578125
8,83,10568,7,12251.0546875,9072.185546875,76.37957346511693,0.8645732663796996,1.350397280148221,1,0.0,10568,2,12251.0546875
8,94,733,1,3939.59912109375,8412.1123046875,15.327807098679314,1.0591285708575453,0.4683245989117951,1,0.0,733,1,3939.59912109375
8,94,1899,3,10882.8525390625,7882.9990234375,4.410532640898615,0.9162417978202833,1.380547239281132,1,0.0,1899,2,10882.8525390625
8,94,2087,0,18561.34765625,12479.6630859375,4.136463904674355,1.0005784426815314,1.4873276248271112,1,0.0,2079,2,16999.7265625
8,94,3688,6,16270.9853515625,10887.103515625,6.5863021068894145,0.8891808739664062,1.4945192105697018,2,76.39700317382812,3688,2,16270.9853515625
8,94,4699,6,13340.1328125,9100.150390625,12.066768955842626,0.8885983335044141,1.4659244341986966,1,130.6280059814453,4699,2,13340.1328125
8,94,6618,0,12346.3857421875,10295.158203125,5.146042844889598,1.0203435176419602,1.1992419639010374,1,0.0,6618,1,12346.3857421875
8,94,6737,7,13409.1533203125,9911.94921875,21.668610141193028,0.8760592276155135,1.3528270801616893,1,211.15699768066406,6737,2,13409.1533203125
8,94,8086,3,6620.64111328125,14083.42578125,6620.64111328125,0.5442311567147705,0.47010160852309496,2,-0.0,8086,1,6620.64111328125
8,94,8872,6,5101.39501953125,10207.1318359375,3.0718961378047043,0.9817105307791107,0.49978731552875055,2,0.0,8872,1,5101.39501953125
8,94,9004,7,18297.265625,13452.1142578125,3.716289075686422,0.8940724301549458,1.3601776846619937,2,380.6759948730469,9004,2,18297.265625
8,94,10267,4,4913.82080078125,7726.73095703125,3.1365217373095198,0.9144784304146643,0.6359508087064583,1,0.0,10267,1,4913.82080078125
8,94,10290,0,8668.5908203125,8839.3994140625,9.508630503577933,1.0033606099126633,0.9806764480538958,1,0.0,10290,1,8668.5908203125
8,94,12796,0,5060.47119140625,8610.58203125,6.600990688874857,1.0310662602297351,0.5877037316456086,1,-0.0,12786,2,3156.39697265625
8,94,12811,0,16021.2509765625,11329.6142578125,8.39857692190724,1.0367899590049325,1.414103835487145,1,0.0,12811,1,16021.2509765625
8,109,723,2,11246.9345703125,8028.587890625,4.404129767565298,0.9200629264489608,1.4008608641434406,2,0.0,723,2,11246.9345703125
8,109,12787,2,11387.63671875,8055.21923828125,4.352426697521865,0.9202806077150548,1.413696683093605,2,0.0,12787,1,11387.63671875
8,136,418,6,14486.3388671875,10283.5283203125,8.795407383963667,0.8867012014033229,1.408693438279682,1,4.436999797821045,418,1,14486.3388671875
8,136,613,20,6194.35205078125,6194.35205078125,5.2482032521317405,1.1990290404153776,1.0,0,-0.0,613,1,6194.35205078125
8,136,737,0,4266.65380859375,8693.0068359375,7.302743995647073,1.2558944067031572,0.49081450056557,1,-0.0,737,1,4266.65380859375
8,136,790,8,3997.60205078125,8445.916015625,3.7833884618997122,1.0148191485999132,0.47331776013231247,2,0.0,790,1,3997.60205078125
8,136,1094,0,5575.56298828125,8134.4677734375,7.267981217504683,1.0032980655759398,0.6854244363088925,1,0.0,1094,1,5575.56298828125
8,136,1753,0,4135.18408203125,6977.76611328125,6.911914199080711,1.0519695913670706,0.5926229132501987,1,54.60200119018555,1753,1,4135.18408203125
8,136,1802,19,33394.734375,32544.900390625,3.1446615037921513,1.0261126620200014,1.0261126620200014,1,7424.671875,1802,1,33394.734375
8,136,1905,0,3816.22607421875,7145.3388671875,21.40814210681294,1.0805420661918563,0.5340860867695792,1,0.0,1905,1,3816.22607421875
8,136,3823,1,21068.255859375,14269.4716796875,4.570344222290907,0.9752771850470747,1.476456615374592,1,-0.0,3823,1,21068.255859375
8,136,4114,7,14429.0009765625,10871.2607421875,6.169192818577603,0.8771162564397739,1.3272610526733735,2,0.0,4098,2,3065.287109375
8,136,4231,3,11399.6728515625,7983.3798828125,4.227289607669135,0.911670056813101,1.4279256428852862,2,-0.0,4231,2,11399.6728515625
8,136,4718,0,13349.0517578125,10469.771484375,16.580572309878914,1.0178506593594794,1.2750088937217507,1,0.0,4718,1,13349.0517578125
8,136,5677,7,17869.673828125,12130.40625,3.9861469841033634,0.8815961762472951,1.473130698168085,2,346.1820068359375,5677,2,17869.673828125
8,136,6621,8,23658.06640625,16619.95703125,4.139778305012352,0.868000092010118,1.4234733797305528,2,452.2489929199219,6621,1,23658.06640625
8,136,6661,20,31681.30078125,31681.30078125,4.4791839353495035,1.0600033968046119,1.0,2,0.0,6642,2,8040.537109375
8,136,6749,7,16927.904296875,12319.107421875,3.0514251470405696,0.8892836090577352,1.374117760091626,2,622.0659790039062,6749,2,16927.904296875
8,136,6867,0,10705.5361328125,7415.84521484375,15.983911791886328,1.025287567671509,1.443602964013329,1,0.0,6867,1,10705.5361328125
8,136,6919,0,10479.1201171875,10972.26171875,5.246171566803672,1.0103060335140512,0.9550556107570973,1,-0.0,6919,1,10479.1201171875
8,136,7135,0,12865.744140625,9712.951171875,15.878155591910419,1.0212388964824621,1.3245968102752628,1,0.0,7135,1,12865.744140625
8,136,7577,0,12207.318359375,9212.0400390625,5.796579675287301,1.0081434297894216,1.3251482090407116,1,457.2550048828125,7577,1,12207.318359375
8,136,8157,8,15451.7021484375,11142.80859375,4.59028015623392,0.8513777942979984,1.3866972602494811,1,360.7550048828125,8157,1,15451.7021484375
8,136,8407,0,11173.9072265625,8573.30859375,3.770275466725627,1.0116535617698454,1.303336641201549,2,-0.0,8407,2,11173.9072265625
8,136,8870,2,5630.6279296875,8069.12109375,5.096792429104624,1.1170854843828284,0.6977994089156434,1,-0.0,8870,1,5630.6279296875
8,136,9005,0,14004.1826171875,12805.349609375,4.019404525689407,1.0057925917052224,1.093619701482794,2,0.0,9005,1,14004.1826171875
8,136,10229,1,4872.916015625,5731.84716796875,4872.916015625,1.190136437661412,0.8501475829391073,1,-0.0,10229,1,4872.916015625
8,136,10277,0,4688.06689453125,7246.54296875,3.9560009913528567,0.998264062358174,0.6469383973500296,1,0.0,10277,1,4688.06689453125
8,136,10621,20,23647.4453125,23647.4453125,33.21704365372632,1.0215764341757136,1.0,1,-0.0,10609,3,8065.490234375
8,136,10729,8,18883.884765625,13535.759765625,4.435233874858837,0.8677568117689431,1.3951108096334521,2,220.38699340820312,10719,3,6292.55712890625
8,136,11623,0,3478.759033203125,9322.146484375,4.121334854044221,1.0069122857599155,0.37317146206980645,2,0.0,11623,1,3478.759033203125
8,136,11917,6,12889.91015625,9492.587890625,4.091942096069864,0.8878993195488737,1.357892105374156,1,122.9260025024414,11917,1,12889.91015625
8,136,12482,7,16137.1630859375,10964.8984375,15.549935214798356,0.8728436880570868,1.4717111314728035,1,49.3129997253418,12482,2,16137.1630859375
8,136,12695,20,44084.51953125,44084.51953125,21.900498018396362,1.1420172340254366,1.0,1,0.0,12695,1,44084.51953125
8,136,12782,0,8353.83984375,9703.7646484375,13.633591138031566,1.3649052349918507,0.8608864854420325,1,-0.0,12766,2,3047.658935546875
8,136,12842,20,20039.19921875,20039.19921875,3.179055804403884,1.017741514067651,1.0,2,-0.0,12823,3,8056.041015625
8,136,13151,6,11409.1923828125,8451.6923828125,45.376040089956746,0.8856549677660763,1.3499299153403193,1,122.69999694824219,13151,2,11409.1923828125
8,136,13333,8,14367.5498046875,11075.23046875,9.432158485052241,0.8538207223656505,1.2972686974981826,1,0.0,13333,1,14367.5498046875
8,143,588,7,19263.146484375,13602.0390625,3.5543828218944764,0.8818528983109951,1.4161954980325215,1,609.9660034179688,571,2,5454.85595703125
8,143,741,0,16347.6982421875,12679.0927734375,3.661603220868285,1.0031332553040684,1.2893428997093286,2,-0.0,741,1,16347.6982421875
8,143,1894,3,14371.2373046875,9939.8828125,3.445451277051202,0.9227532333819389,1.4458155670220585,1,0.0,1894,1,14371.2373046875
8,143,4638,4,4452.5087890625,5391.41015625,4452.5087890625,0.519356273604222,0.8258523577363007,1,0.0,4638,1,4452.5087890625
8,143,4669,2,8558.611328125,8576.48828125,20.884059054928837,1.7339217127249393,0.9979155858973092,1,0.0,4669,1,8558.611328125
8,143,4689,2,5125.9931640625,9853.44140625,6.098125706062601,1.0481853163271857,0.5202236409312895,1,0.0,4689,1,5125.9931640625
8,143,4718,7,25573.205078125,18023.275390625,8.366892122764678,0.8937872565486813,1.4188988695932137,1,817.31201171875,4718,1,25573.205078125
8,143,5660,2,3759.35400390625,9580.455078125,13.147720837987881,1.0298389723970929,0.39239827056753934,1,0.0,5660,1,3759.35400390625
8,143,5680,0,17143.578125,14418.8779296875,3.5406997637435764,1.0176698077287845,1.188967561040414,2,0.0,5680,2,17143.578125
8,143,5706,7,13815.693359375,9253.138671875,19.730348966390874,0.8656180937956736,1.4930818449060888,1,146.6199951171875,5706,2,13815.693359375
8,143,6620,8,20366.93359375,15103.9716796875,4.26206444072045,0.8693110290751818,1.348448873294722,2,476.364013671875,6620,1,20366.93359375
8,143,6747,0,8998.244140625,10283.4306640625,3.518346146275452,1.0174340244828084,0.8750235631063434,2,0.0,6747,1,8998.244140625
8,143,6882,7,13022.658203125,9368.880859375,9.835176150575391,0.8647447511242646,1.3899908002452435,1,0.0,6882,1,13022.658203125
8,143,7007,6,15033.53515625,10207.849609375,3.410251500510697,0.8915874667138957,1.4727426178421592,2,183.5959930419922,7007,2,15033.53515625
8,143,7121,3,13846.138671875,9539.1650390625,5.903168679466733,0.9179303619774102,1.4515042579906747,1,0.0,7121,1,13846.138671875
8,143,7565,0,4678.68408203125,9054.0322265625,4.603828248461549,1.0107109393368487,0.5167514279775856,1,-0.0,7565,1,4678.68408203125
8,143,8980,0,8483.3310546875,7725.5,7.902836280602043,1.0151840580595934,1.0980947582276228,1,0.0,8980,1,8483.3310546875
8,143,9721,2,13196.640625,9247.7939453125,9.378999037759456,0.9449382712250921,1.42700418100136,1,511.90399169921875,9721,1,13196.640625
8,143,9822,7,20875.64453125,15171.5576171875,6.39912002842186,0.8961953873690829,1.3759723990106643,1,1219.6009521484375,9822,2,20875.64453125
8,143,10580,0,17160.73828125,14063.9853515625,3.556253962893641,1.0260892982726175,1.220190284067912,2,0.0,10580,1,17160.73828125
8,143,12636,2,6253.1318359375,8920.0439453125,3.353294821178229,1.0979230669385638,0.7010202947737194,2,-0.0,12636,1,6253.1318359375
8,143,12656,0,16088.5185546875,12631.845703125,3.5502934409399054,1.021067353665172,1.2736474884828075,2,0.0,12656,1,16088.5185546875
8,143,12793,1,3744.906982421875,9604.9384765625,7.5672956080335245,1.0414101919995655,0.3898939063024728,1,0.0,12785,2,3506.258056640625
8,162,8874,0,4991.3427734375,9628.771484375,3.0754772686447156,1.0214625374369821,0.5183779448434471,2,16.398000717163086,8874,1,4991.3427734375
8,220,7485,0,6340.9130859375,11449.7861328125,4.871532147313674,1.0000499786647319,0.5538018799989526,1,42.02000045776367,7485,1,6340.9130859375
8,229,744,0,13126.2392578125,10048.6806640625,5.027891808131936,1.0205492177553028,1.3062649413028316,2,0.0,744,1,13126.2392578125
8,229,2074,0,5452.6337890625,8571.1025390625,5.213124615473426,1.0213998334770722,0.6361648065942873,2,-0.0,2074,1,5452.6337890625
8,229,12801,7,12808.8515625,9309.544921875,3.0113157645429807,0.8668113878589635,1.3758837483454796,1,294.3949890136719,12801,2,12808.8515625
8,247,728,7,19659.349609375,13929.6279296875,3.6094746590949813,0.8878503551767655,1.4113334332122425,2,462.4679870605469,728,2,19659.349609375
8,247,2072,0,10767.2373046875,10628.625,3.644372699806327,1.0184454756487669,1.0130414145468016,1,0.0,2072,1,10767.2373046875
8,247,2958,11,3005.077880859375,8330.818359375,6.090001916608186,1.0138199364122147,0.3607182093314568,2,0.0,2958,1,3005.077880859375
8,247,3696,0,17658.568359375,13033.7412109375,3.401172582755977,1.0104726658882728,1.3548349682251242,2,0.0,3678,2,3744.662109375
8,247,3791,0,3445.864013671875,6932.81201171875,3.4546907231666553,1.068826984288895,0.49703698987470346,1,0.0,3791,1,3445.864013671875
8,247,3902,0,6857.30322265625,9748.146484375,14.863285650937357,1.0092834990863182,0.7034468792244359,1,0.0,3902,1,6857.30322265625
8,247,4105,0,9461.4189453125,8335.7744140625,23.680483117889757,1.2299981382117222,1.1350377871732027,1,-0.0,4105,2,9461.4189453125
8,247,5619,12,4627.01611328125,5074.9560546875,106.59854172148438,0.3595050264385867,0.9117352078364287,1,-0.0,5619,1,4627.01611328125
8,247,5667,0,4129.27099609375,7786.123046875,7.431077008151819,1.0088992057827628,0.5303372386018295,1,352.2049865722656,5651,3,3605.52197265625
8,247,6726,0,11248.21484375,9294.4208984375,5.930483649257652,1.0104942267672046,1.2102114770422066,1,0.0,6726,1,11248.21484375
8,247,7003,0,6334.68017578125,8142.0830078125,4.571526783721944,1.0296224410180905,0.7780171449619208,2,0.0,7003,1,6334.68017578125
8,247,7570,0,5566.55615234375,9334.537109375,7.21200811297433,1.0073951416054565,0.5963398170813489,1,0.0,7570,1,5566.55615234375
8,247,8122,0,4209.43310546875,7549.43505859375,11.693892514852074,1.0121223363445264,0.557582530718908,1,0.0,8122,1,4209.43310546875
8,247,8999,7,19470.45703125,14027.1689453125,4.136935263163259,0.8924597078757767,1.388053220657651,2,457.67999267578125,8981,2,3693.111083984375
8,247,9780,2,8702.890625,9830.208984375,4.7423824395151355,1.079285213460982,0.8853210179796931,3,0.0,9778,2,6385.8408203125
8,247,9804,0,8690.677734375,10050.9482421875,5.810690444612214,1.0057836276344698,0.8646624701435683,1,-0.0,9804,1,8690.677734375
8,247,10258,5,16336.318359375,10894.9482421875,8.181132446416647,0.905409239440413,1.4994397399812682,1,227.531005859375,10258,1,16336.318359375
9,34,1958,0,8127.326171875,12595.8486328125,7.58094108675265,1.0062955881187363,0.645238475691357,1,172.21299743652344,1958,1,8127.326171875
9,34,4099,0,5916.88623046875,11539.287109375,6.283463669704683,1.0069237007726146,0.5127601189211788,2,0.0,4099,1,5916.88623046875
9,34,4841,10,7290.26416015625,13171.0947265625,3.150171719310551,1.0027539622669894,0.5535048005883504,1,0.0,4841,1,7290.26416015625
9,34,5007,0,6987.35498046875,12959.259765625,6.220066126846545,1.0062650978232413,0.539178557019361,1,0.0,5007,1,6987.35498046875
9,34,5353,0,3570.054931640625,8931.78515625,7.721499952418645,1.0048609808807696,0.3997022845027218,1,-0.0,5353,1,3570.054931640625
9,34,6788,0,4398.48388671875,10286.966796875,4.918065130576889,1.0076571290374794,0.4275783108442551,1,0.0,6788,1,4398.48388671875
9,34,7480,11,3432.4560546875,10811.072265625,3.110149722887061,1.0028702981738986,0.31749450659037526,1,0.0,7480,1,3432.4560546875
9,34,7555,10,6946.8701171875,12101.2822265625,18.102687433678597,1.0033575037684468,0.5740606645747848,1,0.0,7555,1,6946.8701171875
9,34,8025,0,7519.81201171875,12628.8818359375,5.3879429947176956,1.0062144489613511,0.5954455912573292,1,245.65699768066406,8025,1,7519.81201171875
9,34,8106,10,7572.501953125,12511.6474609375,29.00774983373507,1.0031761293448775,0.6052361990510873,1,0.0,8106,1,7572.501953125
9,34,8293,0,5515.998046875,12063.013671875,3.799315313562518,1.005188346618819,0.45726533989890006,2,0.0,8293,1,5515.998046875
9,34,9041,11,5286.76806640625,8841.2490234375,5286.76806640625,1.826634481993043,0.5979661982590262,1,0.0,9041,1,5286.76806640625
9,34,9061,0,9007.4228515625,14650.4443359375,4.502917835983191,1.0006586363158025,0.6148225026504702,1,334.5419921875,9061,1,9007.4228515625
9,34,9137,11,11729.935546875,11623.005859375,9.254642821060779,1.5441712246450234,1.0091998308177528,1,0.0,9137,1,11729.935546875
9,34,9715,20,3438.013916015625,3438.013916015625,15.481005283894943,1.346866392653483,1.0,2,423.9309997558594,9715,1,3438.013916015625
9,34,9749,10,6977.9169921875,8102.5068359375,605.0391916070045,1.1121338279791024,0.861204702875159,1,0.0,9749,1,6977.9169921875
9,34,9776,0,10633.7314453125,14391.130859375,3.805642193722455,1.0018505215097708,0.7389086757129466,2,344.6310119628906,9776,1,10633.7314453125
9,34,9850,11,4556.408203125,11466.6767578125,4.542066760397407,1.0049697492121483,0.39736083081095125,1,-0.0,9850,1,4556.408203125
9,34,10469,0,6951.3388671875,13023.1982421875,4.718657010697069,1.004404358287742,0.5337658797720864,1,0.0,10469,1,6951.3388671875
9,34,11050,0,7638.82177734375,12170.978515625,15.684274452373261,1.0021564132780172,0.6276259355430703,1,0.0,11050,1,7638.82177734375
9,43,562,0,6085.22998046875,11021.294921875,11.740941196569828,1.00030083146832,0.5521338484818895,1,0.0,562,1,6085.22998046875
9,43,632,0,6490.291015625,12686.333984375,4.182405832284457,1.0009219214671707,0.5115970479429837,1,0.0,632,1,6490.291015625
9,43,1966,0,14966.583984375,19067.896484375,4.103432275670177,1.0018741444872636,0.7849100710526313,2,659.8389892578125,1954,3,6304.72412109375
9,43,2545,11,3122.012939453125,12360.283203125,5.5677053981853435,0.6400399386655493,0.2525842562137896,3,0.0,2545,1,3122.012939453125
9,43,2571,0,8956.345703125,12840.150390625,4.440458932676342,1.000132496074463,0.6975265421863214,1,110.8270034790039,2571,1,8956.345703125
9,43,3129,0,3119.373046875,9689.71484375,3.721733777222994,1.007848898295619,0.32192619671228395,1,0.0,3129,1,3119.373046875
9,43,3394,1,3150.842041015625,9592.1025390625,3.0113055945117346,0.9889145413362839,0.32848293981264903,2,0.0,3394,1,3150.842041015625
9,43,4117,0,13301.072265625,15853.98828125,6.724619613853216,1.0001562618178508,0.8389732621006002,1,506.1449890136719,4117,1,13301.072265625
9,43,4582,0,6464.078125,10144.5419921875,9.32897985163694,1.0147034453875423,0.6371976309998132,1,33.08300018310547,4582,1,6464.078125
9,43,4665,0,3048.967041015625,8976.095703125,3.536026405733323,1.0382717221522573,0.3396763071447797,1,-0.0,4665,1,3048.967041015625
9,43,4777,5,23657.669921875,27934.55078125,5.987340873101677,1.000056720420342,0.8468963795814575,1,393.46600341796875,4777,1,23657.669921875
9,43,4847,0,19556.58203125,22500.578125,11.982432573933075,1.0001287496075835,0.8691590910511328,1,0.0,4838,2,4766.08984375
9,43,5019,0,16083.2421875,20272.369140625,6.951523076919019,1.0006068927437828,0.7933578002617286,1,516.614990234375,5019,1,16083.2421875
9,43,5359,0,5250.7880859375,9831.29296875,3.3854679694396554,1.0041486817157421,0.5340892701120584,2,-0.0,5359,1,5250.7880859375
9,43,5436,10,6138.48681640625,11392.443359375,5.140129914904535,1.0051481414912589,0.5388209203914807,1,0.0,5436,1,6138.48681640625
9,43,5778,0,3525.298095703125,10169.560546875,3.9285610243937326,1.0055068963637088,0.3466519599793732,1,0.0,5778,1,3525.298095703125
9,43,6792,11,3946.4208984375,11494.3017578125,10.216887497664358,1.1293299490896287,0.34333715797527053,1,-0.0,6792,1,3946.4208984375
9,43,6864,10,3136.85400390625,7996.83984375,15.271407689736838,1.0134995186321503,0.3922617015217437,1,-0.0,6864,1,3136.85400390625
9,43,7486,0,12974.13671875,19248.28515625,4.753239740603402,1.0003160077700115,0.6740411737165709,1,394.70001220703125,7486,1,12974.13671875
9,43,7561,10,11232.1611328125,14406.41015625,24.914294270514795,1.0025431996148024,0.7796641224975536,1,0.0,7561,1,11232.1611328125
9,43,8031,0,35722.328125,29213.150390625,16.02255223412874,1.0005384029203517,1.2228166988954368,1,242.82699584960938,8024,3,5520.8759765625
9,43,8125,0,10365.341796875,13216.3681640625,10.404796704691718,1.001507718672283,0.7842806486777575,1,272.8219909667969,8125,1,10365.341796875
9,43,8296,11,14894.0869140625,13715.03125,11.435776308976122,1.6828904782102656,1.085968135439903,1,-0.0,8296,1,14894.0869140625
9,43,8602,0,4944.98876953125,10917.66796875,4.038175981078982,1.0069148398320944,0.4529345262821194,2,10.793999671936035,8602,1,4944.98876953125
9,43,8968,3,3755.406005859375,9048.1142578125,3.047266865550059,0.9617490414798718,0.4150484729585293,2,0.0,8968,1,3755.406005859375
9,43,9064,1,15647.3828125,19337.05859375,6.837280379527923,1.0000416296010306,0.8091914670805955,1,445.0360107421875,9064,1,15647.3828125
9,43,9143,7,9574.6513671875,13822.6318359375,3.0397055317558035,0.9939181526528073,0.6926793305956639,1,0.0,9143,1,9574.6513671875
9,43,9215,0,6817.9921875,10165.3134765625,42.5079099672094,1.004988723496979,0.6707114545183284,1,0.0,9215,1,6817.9921875
9,43,9685,0,7852.17919921875,13094.6865234375,3.1983785414804005,1.0077374117758529,0.5996462141468253,1,799.781005859375,9685,1,7852.17919921875
9,43,9747,15,3132.468017578125,5711.73095703125,3.0495313373090296,0.8433344504975214,0.5484270952436926,1,0.0,9747,1,3132.468017578125
9,43,9782,4,6158.3818359375,11686.404296875,4.118256864519196,1.0002844049939803,0.5269697744056553,1,-0.0,9770,3,4246.26611328125
9,43,9791,6,22005.951171875,15512.708984375,9.546348171137298,0.891354138260657,1.4185756462033965,1,0.0,9791,1,22005.951171875
9,43,9870,5,19423.865234375,13768.259765625,6.836755585853236,0.9042813845508118,1.410771264126659,1,902.8090209960938,9854,2,18787.892578125
9,43,9875,0,5599.60888671875,9116.890625,3.5939958045234977,1.0146376624897944,0.6142016085356679,3,0.0,9875,1,5599.60888671875
9,43,10481,0,18157.439453125,21572.923828125,7.737575543006077,1.0001998977702578,0.8416772616353851,1,397.60101318359375,10481,1,18157.439453125
9,43,10631,10,5875.5029296875,11036.25390625,8.59961608059163,1.0040193213787496,0.5323820002328972,1,0.0,10631,1,5875.5029296875
9,43,10782,0,3881.366943359375,10720.658203125,4.2528420827574,1.0083190666429123,0.36204558244641943,1,0.0,10782,1,3881.366943359375
9,43,10871,0,6073.23291015625,11481.75390625,3.74706796915612,1.0086754492983703,0.5289464449199119,1,0.0,10871,1,6073.23291015625
9,43,10969,5,5575.7841796875,11184.90234375,3.121668768255779,0.9830335718976786,0.49850986699076427,1,0.0,10969,1,5575.7841796875
9,43,11045,0,3834.972900390625,10279.8369140625,6.43742357555594,1.0091749962319883,0.3730577568934484,1,-0.0,11045,1,3834.972900390625
9,43,11120,10,3118.31689453125,9150.701171875,6.600136487383298,1.0069120509529919,0.34077354685294564,1,0.0,11120,1,3118.31689453125
9,43,11294,3,5012.29296875,12708.71484375,3.0195153793999965,0.9882617885142555,0.3943980984997069,1,0.0,11294,1,5012.29296875
9,43,12625,0,4254.4228515625,10447.0654296875,4.93660771174097,1.0006208332625144,0.40723616408802,1,0.0,12625,1,4254.4228515625
9,47,7552,10,7147.69482421875,12414.8447265625,9.150659676634502,1.0017555125887354,0.5757377544099054,1,-0.0,7552,1,7147.69482421875
9,65,1951,0,4793.6708984375,10001.0078125,5.618154636999036,1.0120768566792184,0.47931878349760065,1,0.0,1951,1,4793.6708984375
9,65,4100,0,6141.31591796875,10962.4384765625,14.309317535903082,1.0086808490571788,0.5602144022152348,1,-0.0,4100,1,6141.31591796875
9,65,7555,10,6441.4990234375,11396.951171875,14.666469978855133,1.0036165278472189,0.5651949303190494,1,0.0,7555,1,6441.4990234375
9,65,8104,10,5771.43408203125,11103.736328125,29.345181367354304,1.0011940740991716,0.5197740572614827,1,0.0,8104,1,5771.43408203125
9,65,8291,0,3171.797119140625,9761.37109375,4.428440115504612,1.011999325732662,0.32493356606137636,1,-0.0,8291,1,3171.797119140625
9,65,8877,0,7396.69677734375,12772.0703125,3.7150540575516726,1.0132314271711997,0.5791306026638937,1,396.74798583984375,8877,1,7396.69677734375
9,65,9766,0,3966.031982421875,10001.365234375,4.679377423108119,1.01002786505967,0.39654906000137874,2,0.0,9766,1,3966.031982421875
9,94,697,0,3147.77001953125,8874.802734375,3.384939090796499,1.0156108446694134,0.35468619570989585,1,0.0,697,1,3147.77001953125
9,94,4101,0,5821.22021484375,10856.6748046875,7.559633760517615,1.0113623089262305,0.5361881349094446,2,0.0,4101,1,5821.22021484375
9,94,7555,10,5909.3349609375,10933.72265625,22.103118780809293,1.0061138390140443,0.5404687083003309,1,0.0,7555,1,5909.3349609375
9,94,8103,11,4247.44921875,10199.544921875,6.621043667074863,1.0057961667298942,0.4164351695378566,1,0.0,8103,1,4247.44921875
9,94,8872,6,3346.43798828125,10673.7001953125,3.0831807682213075,0.9817513422701982,0.31352182720579724,1,0.0,8872,1,3346.43798828125
9,94,9763,11,3127.7109375,9351.5400390625,13.05772712851922,1.00855608548953,0.3344594499339336,1,0.0,9763,1,3127.7109375
9,94,12762,0,5080.001953125,9369.076171875,26.571618412595594,1.0106922821354254,0.5422094836174608,1,0.0,12762,1,5080.001953125
9,98,2494,11,3602.2509765625,10800.6064453125,3.209343984143951,1.0020072307027725,0.333523028989348,1,0.0,2494,1,3602.2509765625
9,98,7484,11,8623.5263671875,14484.517578125,7.371089939448178,1.002687234048593,0.5953616556902824,1,0.0,7484,1,8623.5263671875
9,98,7548,10,5663.98779296875,11034.328125,8.118300241710706,1.0027859663439844,0.5133060870408682,1,-0.0,7548,1,5663.98779296875
9,150,8101,11,3168.6708984375,9313.4755859375,10.814963658434516,1.0120917224781956,0.3402243200402978,1,-0.0,8101,1,3168.6708984375
9,156,728,6,18475.890625,13570.580078125,3.9179407987350308,0.8869308610377262,1.3614665341227439,2,273.40301513671875,728,2,18475.890625
9,156,2033,10,3585.55810546875,8615.17578125,492.18368985175306,1.1486331164819077,0.41619093986130035,1,0.0,2033,1,3585.55810546875
9,167,697,0,3878.6640625,9413.876953125,4.879316763740828,1.0139209029769385,0.41201558951888057,2,0.0,697,1,3878.6640625
9,167,4111,2,7631.7109375,12366.2470703125,3.0570438344456026,0.9861038468269838,0.6171404221593919,2,385.93701171875,4097,2,4483.7529296875
9,167,6616,5,18832.525390625,13833.4248046875,3.4607659648771487,0.8982415533786672,1.3613783756748032,1,280.1159973144531,6616,1,18832.525390625
9,167,7559,0,6707.69482421875,11713.7783203125,4.536874933793559,1.0015942554890298,0.5726328978402421,2,-0.0,7559,1,6707.69482421875
9,167,8110,10,6115.119140625,11009.6201171875,11.50962090910596,1.005168319104417,0.5554341635347141,1,0.0,8110,1,6115.119140625
9,167,8292,0,3743.05908203125,10319.150390625,3.29815597803638,1.015067407345025,0.3627293856897209,1,0.0,8292,1,3743.05908203125
9,167,8886,0,14936.92578125,20623.96875,3.351509156712645,1.0057092765124322,0.724250795873127,2,-0.0,8886,1,14936.92578125
9,167,9773,0,6915.8369140625,11728.0048828125,7.239242934205278,1.0071376073933376,0.5896857123753183,2,29.65999984741211,9773,1,6915.8369140625
9,167,10237,11,3009.740966796875,9772.6240234375,3.7999908605895443,1.0108156023716643,0.3079767480646621,1,-0.0,10237,1,3009.740966796875
9,167,12760,0,3864.528076171875,9502.6474609375,8.107438325268813,1.013096628693987,0.40667909570020117,1,-0.0,12760,1,3864.528076171875
9,172,5779,0,3592.10400390625,10174.107421875,3.095995482236293,1.0017471203764645,0.35306330619067283,2,0.0,5779,1,3592.10400390625
9,176,10467,0,5830.75390625,11552.1474609375,4.5625086399776675,1.0047186011764784,0.504733334297034,1,0.0,10467,1,5830.75390625
9,193,414,6,17317.3984375,12374.10546875,18.53759876478842,0.8771157622600473,1.3994868947281858,1,111.61499786376953,414,2,17317.3984375
9,193,614,19,4551.2978515625,3215.884033203125,14.018616408600233,1.41525558899873,1.41525558899873,0,135.5760040283203,614,1,4551.2978515625
9,193,640,13,18099.390625,16979.041015625,3.5642918793010874,1.0339181004685545,1.0659842689786776,2,-0.0,634,4,3973.06103515625
9,193,739,3,20532.763671875,14173.681640625,12.870062850574149,0.9125153908349829,1.4486542164897667,1,309.9700012207031,734,2,3948.159912109375
9,193,781,18,9440.0654296875,10022.40625,4.092563908756795,1.0267928168253935,0.9418961070039942,1,-0.0,763,2,5597.56494140625
9,193,837,7,4238.14599609375,8687.1103515625,4238.14599609375,1.0258851614922424,0.487866025016185,1,-0.0,837,1,4238.14599609375
9,193,1085,4,13742.1357421875,9918.8330078125,12.472752977047815,0.9018228913658208,1.3854589276141258,1,0.0,1085,2,13742.1357421875
9,193,1275,7,20800.62109375,15436.8701171875,6.829581550240376,0.8731862286074901,1.3474636332264316,1,575.8159790039062,1260,2,3889.115966796875
9,193,1726,10,4019.555908203125,8857.1865234375,8.416622830358344,1.1758894573557706,0.45381859099012445,1,-0.0,1726,1,4019.555908203125
9,193,1757,6,13621.2236328125,9929.548828125,8.776202673733872,0.8643909463906104,1.3717867617742106,1,0.0,1757,2,13621.2236328125
9,193,1923,0,8288.892578125,9133.8291015625,4.847944803806069,1.0578308066636233,0.9074937231644766,1,0.0,1923,1,8288.892578125
9,193,2077,0,3753.408935546875,11195.2099609375,4.277932732865845,1.1427704616539156,0.335269186432709,2,3.4189999103546143,2077,1,3753.408935546875
9,193,3691,6,22539.09765625,16063.4296875,3.4759495081846916,0.8911047728315705,1.4031310930933472,2,473.593994140625,3691,2,22539.09765625
9,193,3806,5,17028.427734375,12722.10546875,6.548095567320707,0.8919327273050922,1.3384913193970018,1,0.0,3806,1,17028.427734375
9,193,4096,0,4667.2509765625,9891.806640625,5.446551659420219,1.015886940327338,0.4718299847668278,2,0.0,4096,1,4667.2509765625
9,193,4707,6,16386.767578125,11599.5986328125,15.784114313379405,0.8787993688165415,1.4127012577634144,1,483.29400634765625,4693,2,4099.05419921875
9,193,5667,4,18059.951171875,12101.6865234375,3.519190487177718,0.9072291980651549,1.4923499412167096,2,131.0679931640625,5667,1,18059.951171875
9,193,6006,5,14382.1708984375,9969.83984375,12.068906178414691,0.8880553518093427,1.442567897161713,1,135.19500732421875,6006,1,14382.1708984375
9,193,6614,6,20979.52734375,14574.5107421875,4.460759728811211,0.879811402955896,1.4394670061220296,1,388.67401123046875,6614,1,20979.52734375
9,193,6746,0,10869.5263671875,11306.021484375,4.088574369212622,1.0124786982223761,0.961392686384796,2,0.0,6746,1,10869.5263671875
9,193,6877,3,13480.724609375,9839.4921875,4.514298468146823,0.9044248032287693,1.3700630431416763,1,-0.0,6877,1,13480.724609375
9,193,6996,5,14711.38671875,10752.51953125,5.827116616909726,0.8916964077167977,1.3681804228296783,2,102.61499786376953,6996,2,14711.38671875
9,193,7557,10,5039.083984375,10275.58203125,22.031671543628853,1.00040258277254,0.4903940204117087,1,0.0,7557,1,5039.083984375
9,193,8108,10,4375.5859375,9747.333984375,3.196959584836204,1.129936948882748,0.44890079118188364,1,0.0,8108,1,4375.5859375
9,193,8150,6,16063.642578125,11393.0556640625,4.3333654345660335,0.8722030298415596,1.409950328672148,1,237.72300720214844,8150,1,16063.642578125
9,193,8869,1,3713.01611328125,10130.693359375,3.1282810275103508,0.973631096808169,0.36651154877224706,2,-0.0,8869,1,3713.01611328125
9,193,8993,4,20405.8671875,14090.1181640625,3.5421746317511524,0.9130538475043878,1.4482396066447556,2,151.10699462890625,8993,1,20405.8671875
9,193,9763,0,3525.888916015625,9125.310546875,3.2065850930157795,1.0424071264586674,0.3863856356344037,1,0.0,9763,1,3525.888916015625
9,193,9920,0,10542.181640625,8156.7568359375,36.77295524635915,1.0168546157634972,1.2924477035011832,1,0.0,9920,2,10542.181640625
9,193,10259,2,3633.12890625,9898.76171875,14.106993124743234,1.0547718421708263,0.3670286253449473,1,-0.0,10259,2,3633.12890625
9,193,10287,0,8951.22265625,10092.154296875,3.751276551227031,1.0083647817561596,0.8869486526798064,2,0.0,10287,1,8951.22265625
9,193,10699,2,13027.27734375,8956.1337890625,137.69305192150895,0.47147821473263124,1.4545648435555198,1,0.0,10699,2,13027.27734375
9,193,10737,7,20044.83203125,15208.7138671875,9.396012012802101,0.8626393452888527,1.3179833749450918,1,589.8939819335938,10726,2,12162.142578125
9,193,11913,6,15733.6494140625,11817.3349609375,6.6802220331938065,0.8787275512444724,1.331404201206996,1,193.98399353027344,11913,2,15733.6494140625
9,193,12287,0,7216.52685546875,10028.6953125,3.0943783008547547,1.0320948104638497,0.719587805850867,1,0.0,12272,2,4147.2822265625
9,193,12478,5,17305.927734375,12265.5791015625,9.028261712482898,0.8920693569456365,1.4109344198979088,1,72.45899963378906,12478,1,17305.927734375
9,193,12687,17,7977.06298828125,10110.1591796875,3.0112056741150823,0.9448350100943411,0.7890145789502611,2,-0.0,12682,3,5247.7998046875
9,193,12801,0,5546.2470703125,9726.94140625,7.999549006058718,1.388145290251147,0.570194353874568,1,-0.0,12801,1,5546.2470703125
9,193,12941,2,4575.37890625,7774.505859375,4575.37890625,1.0922800927410001,0.588510574049245,1,0.0,12941,1,4575.37890625
9,193,13016,7,20876.03125,15319.31640625,6.098033051993524,0.8596393601761659,1.362726031396738,1,558.6439819335938,13008,2,10840.2978515625
9,193,13165,4,12019.3173828125,8479.2333984375,5.360903534180106,0.8936488160503577,1.4175004765203592,1,18.680999755859375,13148,2,3970.966064453125
9,227,7486,0,8839.5322265625,15712.1240234375,3.247966899137242,1.0000773396828477,0.5625930786554845,2,106.36399841308594,7486,1,8839.5322265625
9,227,7554,10,6085.9609375,11756.6806640625,4.043313307969187,1.0031651412401823,0.5176597979822144,1,0.0,7554,1,6085.9609375
9,229,10466,5,3814.972900390625,11012.779296875,3.0089514893859564,0.9948232185213086,0.34641327112340903,2,0.0,10466,1,3814.972900390625
9,238,4101,0,6136.32421875,11029.798828125,9.290352341597643,1.0102611445367629,0.5563405384242297,1,0.0,4101,1,6136.32421875
9,238,6591,0,3037.02294921875,8709.255859375,3.772631238002638,1.014508951053525,0.3487121056329484,1,0.0,6591,1,3037.02294921875
9,238,7555,0,4280.5849609375,10706.3330078125,3.2286162216319823,1.001112723301207,0.39981802899404695,2,-0.0,7555,1,4280.5849609375
9,238,8103,11,4485.64697265625,10589.712890625,6.959816826290859,1.0040071301013995,0.42358532464344356,2,0.0,8103,1,4485.64697265625
9,238,9765,0,5495.09912109375,9709.3515625,43.50417438644172,1.005547506066007,0.5659594346462052,1,0.0,9765,1,5495.09912109375
10,3,8922,12,6695.8349609375,7087.6240234375,3.0266513021067265,0.9860988315798822,0.9447220872319942,1,1052.3070068359375,8922,1,6695.8349609375
10,22,723,0,3887.98291015625,2622.6708984375,6.351916786632127,1.0285510967493756,1.4824516916981771,3,-0.0,723,1,3887.98291015625
10,22,3724,16,4207.02392578125,6323.1171875,3.7867633155154357,0.9244182678070992,0.6653401796977608,1,29.163999557495117,3724,1,4207.02392578125
10,22,4130,9,4492.3818359375,3093.5791015625,11.856800849722115,0.9292357023576719,1.4521632350271874,1,0.0,4127,2,3050.287109375
10,22,5654,7,5395.93212890625,5291.27685546875,12.351401309271324,0.4622496780192674,1.0197788315176393,4,0.0,5651,4,3487.923095703125
10,22,5682,0,4551.39990234375,3113.93310546875,3.329685108900196,1.00496896070685,1.4616241737340128,2,404.1610107421875,5682,1,4551.39990234375
10,22,5707,16,5128.9541015625,6101.298828125,7.452167238013077,0.5471256534428852,0.8406331579629721,1,173.87899780273438,5707,1,5128.9541015625
10,22,6767,7,5490.32080078125,3859.281982421875,7.0502121317100865,0.9313210412045094,1.4226275316984804,1,81.57599639892578,6767,1,5490.32080078125
10,22,7031,7,4743.85009765625,3399.280029296875,3.5977110216966905,0.9163364518913235,1.3955455439890585,2,0.0,7031,1,4743.85009765625
10,22,8179,0,5660.3828125,3796.60400390625,4.715967803478288,1.0167027436105833,1.4909068226963216,2,0.0,8179,1,5660.3828125
10,22,8871,17,26583.41015625,23010.98046875,4.049660453312526,1.0284541345338647,1.1552489122465481,2,22.604999542236328,8871,1,26583.41015625
10,22,8933,14,6754.5341796875,7136.6748046875,3.072688442125248,1.187233584944751,0.9464539669442409,2,0.0,8914,5,5479.1220703125
10,22,8937,7,5158.783203125,3741.02197265625,5.273238944534961,0.8699710761379538,1.3789769856556315,1,0.0,8937,1,5158.783203125
10,22,9033,0,8594.2724609375,6565.93212890625,5.663476961070753,1.0163471815692025,1.3089188697369507,2,0.0,9033,1,8594.2724609375
10,22,10277,0,4938.6982421875,3753.60400390625,5.651227525170691,1.0033218043467458,1.3157217002773767,3,-0.0,10277,2,4938.6982421875
10,22,10329,15,6558.658203125,5820.60302734375,7.12766693713983,0.7453085198491376,1.1268004659163406,1,385.0169982910156,10313,2,3353.64697265625
10,22,12670,7,4934.07080078125,3306.095947265625,8.062437959528344,0.9046351263860062,1.4924160942340694,1,0.0,12670,1,4934.07080078125
10,22,12784,0,3159.9990234375,2685.60595703125,8.006473726813043,1.0787428087179824,1.1766428411302223,1,0.0,12775,2,3038.617919921875
10,22,12833,9,8171.673828125,5512.81396484375,4.8739191281424565,1.0025116121928923,1.4823053852782442,1,-0.0,12818,2,3715.2060546875
10,56,761,6,3315.39208984375,3437.0810546875,3.1878708355397403,0.9439824848250314,0.9645952589108161,1,695.041015625,761,1,3315.39208984375
10,56,1274,9,3738.193115234375,2875.9150390625,3.8179013602030625,0.8613113684755757,1.299827381706298,2,0.0,1274,1,3738.193115234375
10,56,1916,0,4590.0771484375,3095.927001953125,39.610777533983146,1.0318286487584714,1.4826180157160558,1,0.0,1900,2,4406.580078125
10,56,2009,1,4501.26416015625,13168.392578125,6.778114011293362,0.8540006884929046,0.3418233572132134,1,664.7440185546875,2009,1,4501.26416015625
10,56,3691,8,3793.197998046875,2896.94091796875,5.581145876214965,0.8551058057932999,1.309380517399904,2,0.0,3691,1,3793.197998046875
10,56,3828,5,3780.174072265625,3160.137939453125,31.705023321166223,1.0769681006934608,1.1962054013755488,1,-0.0,3828,1,3780.174072265625
10,56,3850,11,7308.4130859375,5099.84814453125,4.015033409924778,0.8987899003254111,1.4330648440531653,1,220.1699981689453,3850,1,7308.4130859375
10,56,6041,4,4435.15283203125,3094.740966796875,4.375920426290889,0.932251118462039,1.4331257057102684,2,0.0,6041,1,4435.15283203125
10,56,6807,4,6156.31982421875,4206.76318359375,37.29543291056116,0.9490223893129007,1.4634338933620539,1,-0.0,6807,1,6156.31982421875
10,56,7021,4,4236.96484375,2873.011962890625,3.796264089888289,0.9239128964969521,1.4747466764764392,1,0.0,7021,1,4236.96484375
10,56,8151,3,4407.05810546875,3182.489990234375,30.37151190675613,0.8862646122399923,1.3847830217823218,2,0.0,8147,2,4175.365234375
10,56,8189,15,5687.09423828125,4902.5048828125,4.369155839617109,0.679445584647821,1.1600384648711746,1,139.52099609375,8179,2,3869.881103515625
10,56,10288,2,3716.93310546875,2916.02294921875,5.745339535838562,1.0665747622660184,1.274658385821201,2,0.0,10288,1,3716.93310546875
10,56,10574,0,3040.35888671875,2832.212890625,6.5610737491272335,1.085393209266498,1.0734923553179003,3,-0.0,10574,1,3040.35888671875
10,56,10610,2,6118.298828125,5914.78515625,3.325928946928713,1.00033937342453,1.0344076186199176,3,54.7869987487793,10595,2,4176.85009765625
10,56,10620,14,12367.671875,8471.546875,3.3818471272083546,0.5674440728343115,1.459907152434897,1,284.0539855957031,10620,1,12367.671875
10,56,10746,10,4821.64404296875,3428.0029296875,4.94752137983297,0.8867508398323865,1.40654606832798,1,0.0,10746,1,4821.64404296875
10,56,12736,0,20123.341796875,17726.951171875,13.709179513705818,1.5258088645485735,1.1351834617112295,1,0.0,12736,1,20123.341796875
10,56,12818,2,5235.3232421875,3736.18701171875,3.748758732663055,0.9193740916715764,1.401247642520738,2,-0.0,12818,3,5235.3232421875
10,56,13336,2,3350.798095703125,2707.326904296875,450.4063661527461,1.0849631915313092,1.2376776850940974,1,-0.0,13336,1,3350.798095703125
10,56,13369,1,4080.5869140625,3873.80908203125,3.5256618545723475,1.0130676831154275,1.0533784261569301,2,0.0,13369,1,4080.5869140625
10,57,738,6,4139.6240234375,2798.6220703125,8.468337378533192,0.9122867390732627,1.4791650746094704,1,0.0,738,1,4139.6240234375
10,77,435,2,3250.5830078125,3229.68408203125,3250.5830078125,1.0581903485425153,1.0064708885607492,1,0.0,435,1,3250.5830078125
10,77,615,15,10219.876953125,7654.19580078125,10.511875673913282,0.6728513645308456,1.3351993101720596,1,223.53399658203125,607,2,4292.7470703125
10,77,697,6,14788.2490234375,14615.494140625,3.261669130283064,0.9630433411149277,1.0118199823523115,2,0.0,682,2,6543.34912109375
10,77,764,11,5801.76220703125,4065.85888671875,5.465440784222542,0.8597351985757435,1.4269462784315707,1,0.0,752,2,4473.72900390625
10,77,781,14,27593.875,18888.53125,9.581452702854493,0.8533835374435734,1.460879865923932,1,122.5479965209961,781,1,27593.875
10,77,1928,0,4884.90478515625,3355.1259765625,3.7894947168660664,1.1118618520996908,1.4559527181036247,3,429.114990234375,1928,2,4884.90478515625
10,77,1984,13,13925.443359375,12699.7333984375,3.2635155031189673,0.9628916459289932,1.0965146214083756,2,1363.875,1984,1,13925.443359375
10,77,2037,5,4365.4501953125,3128.405029296875,4365.4501953125,0.9046903243296136,1.3954235958678463,1,-0.0,2037,1,4365.4501953125
10,77,2087,4,3950.013916015625,3353.201904296875,4.198234396594318,0.9509132830701451,1.1779827247962553,1,928.7440185546875,2087,1,3950.013916015625
10,77,2137,12,14055.666015625,11277.341796875,6.696261006660553,1.020133114134331,1.2463633956292683,2,0.0,2123,2,7775.18310546875
10,77,2194,0,4246.05517578125,2978.40087890625,3.2675622734413836,1.0043642193151296,1.425615740934282,2,-0.0,2194,1,4246.05517578125
10,77,2997,14,3982.381103515625,5052.98193359375,6.345245864748447,1.1035803131488557,0.7881249440136631,2,0.0,2980,3,3147.368896484375
10,77,3055,12,5236.7880859375,3753.81298828125,49.931714555706364,0.8538030504139793,1.3950583319642826,1,128.13499450683594,3055,1,5236.7880859375
10,77,3735,0,13959.654296875,9556.078125,3.186393278000252,0.9733368613455781,1.460814166049422,2,0.0,3719,2,4848.40380859375
10,77,3983,6,5065.6669921875,3506.22900390625,7.915890143997504,0.9288720910649538,1.4447621608696688,1,52.060001373291016,3983,1,5065.6669921875
10,77,4134,8,4234.34912109375,3062.14306640625,3.610379884790417,0.8875944610164329,1.3828057766298973,2,0.0,4134,1,4234.34912109375
10,77,4256,7,4087.6630859375,2870.18798828125,3.595285220131948,0.8907483947920452,1.4241795668531485,2,0.0,4256,1,4087.6630859375
10,77,4723,2,4545.123046875,3303.93701171875,4545.123046875,1.3933811933898455,1.3756687947602757,1,0.0,4719,3,3713.3798828125
10,77,5656,3,3439.154052734375,2488.468017578125,15.138954070119802,0.8205745266810688,1.3820366701282722,1,-0.0,5656,1,3439.154052734375
10,77,5688,2,4144.26708984375,2914.95703125,11.890737950379746,0.8731587192636359,1.4217249329629376,1,0.0,5688,1,4144.26708984375
10,77,5839,5,4544.5341796875,3270.97998046875,4544.5341796875,0.922859406715773,1.3893494325319113,1,0.0,5839,1,4544.5341796875
10,77,6114,3,14052.7822265625,9492.55078125,3.4725150816687926,1.0366044756524482,1.480401058724913,1,561.6320190429688,6114,1,14052.7822265625
10,77,6608,1,3606.5439453125,2970.945068359375,79.9207563441697,0.8071048195712212,1.2139382796815283,1,0.0,6597,2,3498.416015625
10,77,6635,0,5902.98193359375,9289.1826171875,7.840800413903196,1.0090903468089256,0.6354683912308535,3,-0.0,6618,4,4105.56005859375
10,77,6649,11,13163.7685546875,9590.7314453125,6.760008690917402,1.1746884369994337,1.372551054082672,2,0.0,6643,2,3429.31103515625
10,77,6670,10,22436.0625,15495.9169921875,6.636733852459595,0.9312496260738066,1.4478693007526744,1,2462.33203125,6670,1,22436.0625
10,77,6754,1,3880.847900390625,3453.342041015625,9.251844092055714,1.0298058276453927,1.1237948208713409,1,-0.0,6754,1,3880.847900390625
10,77,6782,10,6043.43896484375,6323.42822265625,3.1235665497754765,0.9637799254872935,0.9557219204593286,2,0.23000000417232513,6782,1,6043.43896484375
10,77,7172,3,5940.35205078125,4002.425048828125,3.9255174472187098,0.9533745480306125,1.4841882054782096,2,0.0,7172,1,5940.35205078125
10,77,7613,1,3716.01611328125,3545.06689453125,9.013036163568216,1.0004563602173517,1.0482217187533789,1,0.0,7602,2,3260.9169921875
10,77,7638,6,7746.248046875,5233.34619140625,11.943553173465357,0.9432093903352453,1.4801711493107834,1,0.0,7638,1,7746.248046875
10,77,8898,6,4738.86376953125,3242.6650390625,8.459242764653053,0.9625656202796294,1.461410201931101,3,376.1099853515625,8898,1,4738.86376953125
10,77,8918,13,8179.3017578125,5520.1748046875,7.540865584945738,0.8317703800305315,1.4817106427258393,1,153.0760040283203,8918,2,8179.3017578125
10,77,9013,8,4799.3310546875,3299.60498046875,7.72720908612534,0.9340925540439651,1.4545168537131057,3,-0.0,8997,3,3503.322021484375
10,77,9031,10,4985.27490234375,5809.30078125,62.31398706552911,1.025064466602866,0.8581540343777926,3,0.0,9017,5,4245.509765625
10,77,9040,14,12778.8603515625,9129.5234375,6.83878608968165,0.8027351715283922,1.3997291796275648,1,681.9940185546875,9040,1,12778.8603515625
10,77,9577,2,3909.10302734375,3114.490966796875,3.698194865801536,1.1021909055214156,1.2551338465958373,1,0.0,9577,1,3909.10302734375
10,77,9798,5,3458.235107421875,3160.5849609375,3.5411909750127166,0.9065254728498938,1.0941756510782374,3,0.0,9798,1,3458.235107421875
10,77,10249,3,3486.68994140625,2856.06103515625,3486.68994140625,1.7573378159665136,1.2208037217998386,2,0.0,10249,1,3486.68994140625
10,77,10273,0,3002.884033203125,4111.0732421875,3.591056003296815,1.05515037451116,0.7304379796467192,1,0.0,10273,1,3002.884033203125
10,77,10315,10,5991.78076171875,4025.05908203125,10.49333951158663,0.976362265810711,1.4886193319415804,1,0.0,10300,2,3861.14111328125
10,77,10599,12,3012.04296875,4108.68115234375,12.457037011420498,1.2103441104104289,0.7330924102085202,1,0.0,10599,1,3012.04296875
10,77,11523,0,3948.238037109375,3022.633056640625,7.510803816385919,1.0429159863608217,1.3062247262978965,1,-0.0,11523,1,3948.238037109375
10,77,11556,8,5732.0908203125,4105.87890625,5.355917998167066,0.9129827422297104,1.3960691367655944,1,86.33100128173828,11556,1,5732.0908203125
10,77,11926,0,4431.962890625,3307.909912109375,39.21553039835908,1.1109449928217927,1.3398076151955551,1,0.0,11926,1,4431.962890625
10,77,12298,3,4109.166015625,3738.5400390625,4.085127121977506,1.0004004896220406,1.0991365540264324,1,993.5399780273438,12298,1,4109.166015625
10,77,12329,14,8205.4169921875,6088.22021484375,4.173923000212364,0.8081121607970992,1.34775298899041,2,309.53900146484375,12329,2,8205.4169921875
10,77,12640,1,3919.382080078125,2884.343994140625,3919.382080078125,0.8626110732475719,1.3588469641762977,3,-0.0,12640,2,3919.382080078125
10,77,12662,7,4477.2900390625,3605.907958984375,4.155529453018407,0.8458013726542465,1.2416539994890925,2,-0.0,12662,2,4477.2900390625
10,77,12805,7,4675.43896484375,3690.5,4.429166084609927,0.7564434128871023,1.2668849654094974,2,0.0,12805,1,4675.43896484375
10,77,12848,14,24513.087890625,18927.314453125,4.486778088429837,0.8270340689352054,1.2951170622400558,1,734.2039794921875,12834,3,6378.826171875
10,77,13000,1,4355.6591796875,2910.791015625,4355.6591796875,0.8718774444121794,1.496383339204536,1,0.0,13000,1,4355.6591796875
10,77,13202,0,3978.958984375,3296.72998046875,27.827709628133082,1.0281678136690076,1.2069411228544857,1,0.0,13202,1,3978.958984375
10,100,739,7,4548.4658203125,3120.718017578125,3.839637835110156,0.9082884215105993,1.4575061875799973,1,0.0,739,1,4548.4658203125
10,100,3667,15,5233.5859375,4140.06494140625,6.815931685419266,0.7370789051215109,1.2641313630511108,1,-0.0,3667,1,5233.5859375
10,100,7020,0,4290.701171875,3188.177978515625,5.648487345654362,1.009028064128272,1.345816074506824,1,655.2869873046875,7020,1,4290.701171875
10,100,7047,6,6208.3359375,4442.84716796875,8.55218647522304,1.0001369471760682,1.3973777856370475,1,0.0,7047,1,6208.3359375
10,100,8164,5,4747.98681640625,3306.45703125,19.275411342473735,0.9333984339941022,1.435974147412792,1,0.0,8164,1,4747.98681640625
10,100,9007,6,4578.93994140625,3155.9990234375,3.6256768299454825,0.9407525664200473,1.4508686179563164,2,0.0,9007,1,4578.93994140625
10,147,4800,15,3073.320068359375,4466.2880859375,3.4823893937400636,0.9036566875002063,0.6881150542070926,2,0.0,4800,1,3073.320068359375
10,147,8920,8,6593.244140625,5846.419921875,3.3899786986607063,1.0008446015433787,1.1277404340997947,1,1157.052001953125,8920,1,6593.244140625
10,173,751,9,4818.60693359375,3291.705078125,5.156976885461996,0.8951177770436762,1.4638635051529265,1,0.0,751,1,4818.60693359375
10,173,12813,8,4551.1748046875,3300.43701171875,6.231059075580087,0.9087257130661995,1.3789612674102847,1,0.0,12813,1,4551.1748046875
10,187,712,0,3686.35400390625,2855.169921875,16.82007071995161,1.0443186316943556,1.2911154518906562,1,-0.0,712,1,3686.35400390625
10,187,756,9,6882.8427734375,7600.62890625,3.1528331436771406,1.0010066833377291,0.9055622710086182,1,1347.9169921875,756,1,6882.8427734375
10,187,1394,0,4296.2080078125,3278.60791015625,16.268492133113103,1.015409851881789,1.310375661116414,1,0.0,1394,1,4296.2080078125
10,187,1991,11,5544.30419921875,4323.5361328125,4.403040592483557,1.4340463170513602,1.2823540798332889,2,0.0,1975,2,4026.14501953125
10,187,2067,3,3142.89990234375,2685.35498046875,3142.89990234375,0.5968826552957758,1.1703852657108045,1,0.0,2067,1,3142.89990234375
10,187,2199,0,4606.34912109375,3476.7109375,5.718400766187143,1.0223255020596484,1.324915762023644,1,0.0,2199,1,4606.34912109375
10,187,2468,0,3258.345947265625,3457.6689453125,5.375970047085913,1.0575718072665887,0.9423533596768732,1,0.0,2468,1,3258.345947265625
10,187,3939,6,4523.48291015625,3195.5849609375,4.68903141964961,0.9341538087359444,1.41554143152219,1,0.0,3939,1,4523.48291015625
10,187,4155,15,7125.626953125,8321.9560546875,3.072950529562616,0.942367347571351,0.8562442418944708,1,169.73399353027344,4151,2,4044.156005859375
10,187,4251,0,3903.862060546875,3556.7041015625,5.0438962003090175,1.0042484339685551,1.0976066462295428,2,-0.0,4251,1,3903.862060546875
10,187,4726,13,7601.4599609375,8390.4287109375,3.0308597785970677,0.9630948078418058,0.9059680050708822,2,1383.6700439453125,4726,1,7601.4599609375
10,187,5692,12,5149.55078125,3654.6201171875,4.856149568981259,0.8625007063959853,1.4090522725007488,1,13.593000411987305,5692,1,5149.55078125
10,187,6645,12,3692.85302734375,4485.951171875,3.2140425405610245,0.9116089379818425,0.8232040175774455,1,62.000999450683594,6645,1,3692.85302734375
10,187,6822,13,3243.4599609375,4100.30517578125,3.709532984649312,0.9107253213314653,0.7910289166024108,2,4.158999919891357,6822,1,3243.4599609375
10,187,7026,0,4139.384765625,3356.72900390625,5.137552130454139,1.0042558615531254,1.2331602464208364,2,0.0,7026,1,4139.384765625
10,187,7520,13,11474.16796875,12103.2236328125,3.0552457792756136,0.9757880642991836,0.9480257753515273,1,1951.5689697265625,7520,1,11474.16796875
10,187,7616,0,4894.44287109375,3759.656005859375,4894.44287109375,1.0150995750257097,1.301832631353992,1,0.0,7616,1,4894.44287109375
10,187,8064,16,5751.7939453125,7070.2939453125,3.4558925111406475,0.8128012985308589,0.8135155327065084,1,0.0,8064,1,5751.7939453125
10,187,8128,0,3522.60302734375,3441.409912109375,11.059387870173557,1.0339110284792734,1.0235929800017949,1,159.2760009765625,8128,1,3522.60302734375
10,187,8149,7,4420.4599609375,3094.06005859375,76.74809367794913,1.485661143760753,1.4286923580102058,2,-0.0,8149,1,4420.4599609375
10,187,8172,15,5623.796875,5245.56689453125,4.15618538612833,0.7114246441667963,1.0721046910798282,1,362.52801513671875,8172,2,5623.796875
10,187,8424,5,4402.11279296875,3980.592041015625,3.063513646450414,0.9869177279471538,1.1058939845153226,1,831.5469970703125,8424,1,4402.11279296875
10,187,8805,10,3077.18310546875,3098.02294921875,4.098670044681959,0.856713320674909,0.9932731796724568,2,0.0,8805,1,3077.18310546875
10,187,8902,10,5793.9658203125,4205.8271484375,9.468950539501742,1.5924702432836604,1.3776043607652795,1,0.0,8896,3,3498.669921875
10,187,8925,14,17008.8359375,11713.59375,3.441150465677486,0.8072665188373874,1.4520595728787333,2,5.044000148773193,8916,3,3436.1220703125
10,187,8996,2,3091.472900390625,2766.447998046875,3.847287996201985,1.0028243424215233,1.1174881662598461,1,526.2750244140625,8987,2,3087.826904296875
10,187,9008,7,5469.8271484375,3683.90087890625,5.604468833814008,0.9285939934618304,1.4847921614170823,3,0.0,9008,1,5469.8271484375
10,187,9108,7,3920.135009765625,4451.76220703125,4.247627083856413,1.0109876597078156,0.8805805044065569,2,0.0,9108,1,3920.135009765625
10,187,9705,6,4775.11181640625,3581.00390625,4.624189903114787,0.797417407235901,1.3334561875434285,1,18.71500015258789,9688,3,3121.31103515625
10,187,9734,11,41501.25390625,28822.7890625,3.018344280524062,0.8478583883053344,1.4398764053075406,2,0.0,9716,4,7033.5087890625
10,187,9818,15,6174.3359375,4146.39111328125,4.009314393405527,0.885014171380195,1.489086718742732,1,0.0,9816,2,4433.47021484375
10,187,10245,16,7801.06201171875,6697.0869140625,3.1884092244607403,0.8290481348489382,1.164844075016875,2,0.0,10245,2,7801.06201171875
10,187,10279,6,3868.680908203125,3926.3759765625,4.963681304004519,1.000250281653654,0.9853057708421784,1,627.2490234375,10279,1,3868.680908203125
10,187,11018,14,8861.447265625,9922.087890625,3.193823058897112,0.9717227553977328,0.8931030810559379,2,798.9749755859375,11018,1,8861.447265625
10,188,439,9,4441.2431640625,3028.367919921875,7.973392162974102,0.8764896341851218,1.4665467609949698,1,0.0,439,1,4441.2431640625
10,188,594,0,4655.4560546875,3277.4169921875,3.6710378211508687,1.085160101500715,1.420464977689712,3,593.198974609375,594,1,4655.4560546875
10,188,724,3,4073.470947265625,3736.533935546875,8.901757583578503,1.1438658189938797,1.0901736790112777,2,-0.0,724,2,4073.470947265625
10,188,764,12,5963.22412109375,4083.12109375,23.583711961499986,1.2169390393674504,1.4604573276608446,1,0.0,750,2,3951.3759765625
10,188,771,6,22414.453125,19168.73046875,4.161514799799942,1.0525152484111893,1.169323819412108,4,0.0,771,3,22414.453125
10,188,801,3,4299.6708984375,8912.42578125,4.713817482906544,0.93748766355176,0.4824355348330828,1,863.8839721679688,801,2,4299.6708984375
10,188,823,2,8545.7255859375,5765.408203125,9.35289954033486,0.9531848356564347,1.4822412021590243,1,0.0,823,1,8545.7255859375
10,188,1068,2,3383.376953125,2910.739013671875,28.971733831585205,1.09259472712316,1.1623772991096497,1,-0.0,1068,1,3383.376953125
10,188,1156,5,5191.2900390625,3520.8349609375,5.142174489126442,0.9270470370932623,1.4744485602586168,1,0.0,1156,1,5191.2900390625
10,188,1288,7,4632.14306640625,3097.48095703125,4.5768297436094745,0.9116509648098767,1.495454897274294,1,0.0,1288,1,4632.14306640625
10,188,1939,2,3104.256103515625,3228.23193359375,3104.256103515625,1.1080506489813586,0.9615963683439214,1,-0.0,1939,1,3104.256103515625
10,188,2975,0,4357.81396484375,3441.5009765625,144.51380751497243,1.004336240064729,1.2662538800719731,1,0.0,2964,2,3177.264892578125
10,188,3012,12,10952.9326171875,9674.4931640625,16.52833692109371,1.0961225255083118,1.132145367353607,1,-0.0,3003,2,5659.51708984375
10,188,3024,4,5810.4970703125,5926.38623046875,13.268155839449758,1.014899448614902,0.9804452231681356,1,17.410999298095703,3024,2,5810.4970703125
10,188,3060,11,6437.4189453125,4662.009765625,3.166870904067273,0.890892837365208,1.3808248521438875,2,155.49400329589844,3060,2,6437.4189453125
10,188,3704,10,4469.10009765625,3201.485107421875,4469.10009765625,0.8138296997361929,1.39594592749962,1,0.0,3704,1,4469.10009765625
10,188,3733,10,9618.5048828125,9086.88671875,3.0432695990777665,0.9950332938930619,1.0585038837301177,2,1649.279052734375,3733,1,9618.5048828125
10,188,4703,5,3817.285888671875,2736.946044921875,10.956995887693546,0.9149736941309701,1.3947245674625046,1,0.0,4703,1,3817.285888671875
10,188,5699,2,6045.98876953125,4300.35791015625,3.0951382720865106,1.006472802840191,1.4059268776797171,2,-0.0,5699,1,6045.98876953125
10,188,6767,2,3638.679931640625,3449.485107421875,6.57272404939587,1.063007140975732,1.054847265121302,1,-0.0,6767,1,3638.679931640625
10,188,6804,1,4659.09619140625,4062.7880859375,33.77172354966925,1.0014366917362676,1.1467731254634588,1,-0.0,6804,1,4659.09619140625
10,188,6895,6,3357.035888671875,2747.299072265625,3.1178717738344326,0.8654134854249614,1.221940458744237,2,0.0,6895,1,3357.035888671875
10,188,7027,7,4522.921875,3122.14794921875,5.669022498949529,0.9056718888227504,1.4486571259801329,1,0.0,7027,1,4522.921875
10,188,8153,2,3690.89111328125,2743.77587890625,15.55716702987011,1.0849750955568016,1.3451868068584918,1,0.0,8153,1,3690.89111328125
10,188,10253,0,3354.287109375,2528.902099609375,3.6183330834302185,1.7928457947431435,1.3263807681179582,2,-0.0,10250,2,3338.966064453125
10,188,10288,1,3435.137939453125,2971.010009765625,5.941592998456784,1.010766969789182,1.1562189047367477,2,0.0,10288,1,3435.137939453125
10,188,10550,7,3968.3720703125,3268.93896484375,3968.3720703125,0.7172589485207376,1.2139633419255909,1,0.0,10550,1,3968.3720703125
10,188,11923,5,4242.56591796875,2855.81201171875,3.2367998921162937,0.911873809097019,1.4855900530425292,1,0.0,11923,1,4242.56591796875
10,188,12295,2,4476.0517578125,3239.6650390625,7.201979434737626,1.0183947432037057,1.3816402942409711,1,0.0,12295,1,4476.0517578125
10,188,12326,10,6225.18017578125,4530.955078125,3.6718494059127433,0.9009241115938259,1.373922289769722,1,765.8300170898438,12326,2,6225.18017578125
10,188,12502,7,4475.39501953125,3009.97412109375,4.29470193632971,0.9084616914819311,1.4868549826285558,1,0.0,12502,1,4475.39501953125
10,188,12654,0,4333.3828125,2904.47412109375,3.80921575318212,1.0900670737339415,1.4919681263567808,1,543.635986328125,12654,1,4333.3828125
10,188,12822,8,5566.4931640625,3929.7900390625,51.8889709993115,0.9157605063401769,1.4164861503365345,1,0.0,12813,2,4238.26318359375
10,188,13173,2,3478.212890625,3057.0869140625,14.657017241086635,1.0695226989691435,1.1377540084403013,1,0.0,13173,1,3478.212890625
10,188,13217,6,5143.85888671875,3531.3349609375,10.100138137709527,0.9155329570200339,1.4566329571163525,1,0.0,13217,1,5143.85888671875
10,188,13353,9,4773.90087890625,3268.532958984375,6.787429201787359,0.876664961508406,1.4605637877335755,1,0.0,13353,1,4773.90087890625
10,205,733,0,3912.552978515625,2643.64404296875,9.536543437588113,1.0220578495430248,1.4799847917959181,1,19.454999923706055,733,1,3912.552978515625
10,205,762,9,5541.376953125,3743.447998046875,3.210394573010427,0.913915248182516,1.4802868788390235,1,69.21399688720703,762,1,5541.376953125
10,205,10290,9,4327.2958984375,3017.340087890625,3.189227816265785,0.8864196278744768,1.4341425800174366,1,0.0,10290,1,4327.2958984375
10,205,12794,2,3382.14404296875,2590.346923828125,16.00492165428238,1.0938387399670837,1.3056722294056555,1,0.0,12794,1,3382.14404296875
10,205,12823,8,5159.4248046875,3507.469970703125,3.1160529909533956,0.9246584434955609,1.4709818894481415,1,26.590999603271484,12823,1,5159.4248046875
10,216,7518,14,5210.548828125,5615.4501953125,3.100745665897446,0.9401970843081895,0.927895119161507,2,131.42799377441406,7518,1,5210.548828125
10,224,561,16,14757.4541015625,23055.677734375,3.02206381266359,0.8316100156189311,0.6400789545891243,4,0.0,561,1,14757.4541015625
10,224,602,6,6334.7451171875,4254.09716796875,3.876819964002079,0.8881908693688516,1.489092718634873,1,1193.4940185546875,602,1,6334.7451171875
10,224,758,10,4143.251953125,4238.2890625,10.53908609233044,0.48334909867547204,0.9775765390294211,3,-0.0,758,2,4143.251953125
10,224,1148,7,5337.0810546875,3617.847900390625,4.929969226994413,0.9041834589568564,1.4752087986095952,2,0.0,1148,1,5337.0810546875
10,224,1414,13,4329.15478515625,3271.991943359375,3.52865318921593,0.8017407851808728,1.323094573610557,1,0.0,1400,2,3091.4541015625
10,224,1829,0,33884.92578125,24532.078125,4.169897085820782,1.0031838751198392,1.3812497094047143,1,0.0,1829,1,33884.92578125
10,224,1933,0,4026.14501953125,3551.14599609375,5.9883197355291236,1.0841786387403163,1.13375936217773,1,400.8949890136719,1914,2,3600.876953125
10,224,1990,9,21458.8359375,17576.935546875,3.667120484449092,1.001016603305865,1.2208519443148986,1,2551.9599609375,1990,1,21458.8359375
10,224,2060,3,3406.2470703125,2725.10498046875,3.726712749785227,0.9393509477946105,1.249950770603555,3,0.0,2060,1,3406.2470703125
10,224,2089,2,3591.889892578125,3696.708984375,3.490519840473946,0.9954211946152302,0.9716452952504735,1,888.6329956054688,2089,1,3591.889892578125
10,224,2515,5,4540.15576171875,3492.447021484375,3.5694031547407628,1.0040349332114729,1.2999927368373,2,0.0,2515,1,4540.15576171875
10,224,3055,9,5380.64111328125,3737.916015625,5.028089314717089,0.8998004599293702,1.4394761922925594,1,0.0,3055,1,5380.64111328125
10,224,3708,9,3610.99609375,3674.89306640625,159.2536125876638,1.5402828499269152,0.9826125627326794,1,0.0,3690,2,3076.137939453125
10,224,3840,7,4385.77587890625,3858.360107421875,3.1219385796670194,0.9696070153151825,1.1366942837890759,1,830.9310302734375,3840,1,4385.77587890625
10,224,4152,10,6210.751953125,4369.81201171875,3.639321714027247,0.8974962352718373,1.4212858439835183,4,528.8599853515625,4137,3,5111.18896484375
10,224,4686,17,9319.7646484375,8088.2177734375,11.256440615180471,0.7289900419484183,1.1522643071066312,1,-0.0,4686,2,9319.7646484375
10,224,4734,14,7143.26708984375,4860.0380859375,15.935028649554747,0.4165632382691867,1.4697965249516796,1,64.35800170898438,4734,2,7143.26708984375
10,224,4757,0,3909.676025390625,3971.0458984375,5.958477711426876,1.0076437682703485,0.9845456651430238,1,0.0,4757,1,3909.676025390625
10,224,5696,15,4530.990234375,4515.54296875,5.82614911148732,1.0026661860508388,1.0034209098954219,3,0.0,5696,1,4530.990234375
10,224,6071,2,6208.0068359375,4166.6181640625,6.921375766552422,0.9667295641671602,1.4899389844459907,1,0.0,6071,1,6208.0068359375
10,224,6719,17,16467.427734375,13756.048828125,7.866073130231218,0.766783930730715,1.1971044840075324,2,0.0,6719,1,16467.427734375
10,224,6842,12,9749.8408203125,10975.900390625,3.324705740922138,1.0186747849080622,0.8882953082045341,2,252.81900024414062,6841,2,3182.093017578125
10,224,6927,0,3411.695068359375,7911.60205078125,3.2384310982757016,1.1941542061106145,0.4312268294665401,2,0.0,6927,3,3411.695068359375
10,224,6950,4,6158.173828125,12393.708984375,4.327276921007049,0.9292081755973094,0.4968790082039795,3,1408.863037109375,6950,1,6158.173828125
10,224,7052,8,11879.4970703125,9817.9189453125,4.490876077375711,1.0007657566902726,1.209981171823005,1,1517.5460205078125,7052,1,11879.4970703125
10,224,7167,10,6294.21923828125,4238.705078125,6.522104986078359,0.9015106464892794,1.4849391788931705,1,166.46099853515625,7167,1,6294.21923828125
10,224,8155,0,4184.73486328125,2957.06494140625,5.855781763527106,1.105647637632237,1.4151650187605194,2,7.130000114440918,8155,1,4184.73486328125
10,224,8188,15,9260.91796875,6910.14892578125,8.419801206611057,0.7994380183013289,1.3401907930230281,1,0.0,8188,1,9260.91796875
10,224,8457,1,5463.30810546875,3703.617919921875,3.185880180565922,1.0005036115259438,1.4751273548174197,1,-0.0,8457,1,5463.30810546875
10,224,8881,15,3700.75,2559.342041015625,3.9491980403387785,0.4848824502636545,1.4459771068862017,1,0.0,8881,1,3700.75
10,224,8923,1,13389.908203125,9167.857421875,5.488545695204386,0.9547114454389268,1.460527535166064,1,1239.5860595703125,8904,3,3037.955078125
10,224,9003,5,4434.53076171875,3077.326904296875,3.941813943132875,0.8595458184502275,1.441033370724056,2,0.0,9003,2,4434.53076171875
10,224,9796,8,4729.62890625,3399.81689453125,4.3194161264475195,0.8914906155515978,1.3911422447067103,1,-0.0,9796,2,4729.62890625
10,224,9838,14,23768.59765625,26628.150390625,3.1775058217124017,0.9779809036303804,0.8926116650076542,4,141.86500549316406,9822,3,4566.68408203125
10,224,9847,9,34818.71484375,25977.1796875,16.558885233453445,1.0935999628006816,1.3403577779655762,1,0.0,9847,2,34818.71484375
10,224,9947,1,3904.840087890625,2701.493896484375,14.316055782513404,1.0351586555397845,1.4454373163575311,1,-0.0,9947,1,3904.840087890625
10,224,9979,10,6072.97119140625,4101.89501953125,6.47513206399359,0.9014537623385557,1.4805281857506551,1,45.54600143432617,9979,1,6072.97119140625
10,224,10267,0,4009.81591796875,3069.8798828125,9.768519312268014,1.0504740569293003,1.306180069265485,3,0.0,10263,2,3197.868896484375
10,224,10293,5,4044.010009765625,3502.30908203125,3.3122712823560363,0.9099238673321024,1.1546696522341775,1,0.0,10293,2,4044.010009765625
10,224,10314,8,5748.72119140625,4039.68603515625,25.4983080767742,0.914018791860442,1.4230613818442197,1,0.0,10314,2,5748.72119140625
10,224,10339,8,3219.3720703125,5615.65283203125,3.726355942207712,1.0019217772165345,0.5732854516841658,1,179.9949951171875,10339,1,3219.3720703125
10,224,10600,2,5265.86279296875,3773.297119140625,3.004440222272291,0.9989346043238836,1.3955600703312914,3,1265.4449462890625,10600,1,5265.86279296875
10,224,11536,0,4848.26123046875,3404.572998046875,7.05434043477925,1.011943169481776,1.4240438472754398,2,-0.0,11536,1,4848.26123046875
10,224,11668,4,4162.201171875,2935.195068359375,5.749706606342396,0.9288728370184494,1.4180322176002629,1,0.0,11668,1,4162.201171875
10,224,12140,2,4055.818115234375,2760.22509765625,4.491736722899343,0.9561342036364181,1.4693794787527412,2,183.406005859375,12140,1,4055.818115234375
10,224,12311,7,5946.21484375,5182.083984375,5.337605048566052,1.0641945957150472,1.1474562862506676,1,0.0,12311,1,5946.21484375
10,224,12508,4,4617.5478515625,3653.47412109375,3.3571350281412355,0.8078801464595639,1.2638786257996355,2,0.0,12508,2,4617.5478515625
10,224,12647,3,4544.76611328125,3356.986083984375,6.715402259292999,0.8533721135243854,1.353823340216862,2,0.0,12647,1,4544.76611328125
10,224,12696,14,17965.5546875,13053.6015625,3.6706572460649953,0.8213253262491544,1.3762910260039585,2,119.0719985961914,12696,1,17965.5546875
10,224,12802,6,4991.9609375,3469.547119140625,4.593109226019343,0.7637156452427634,1.4387932390255196,2,0.0,12783,2,3880.39697265625
10,224,12810,6,5519.794921875,4095.15087890625,3.1371294236486884,0.881061107289084,1.3478856054625392,1,0.0,12810,2,5519.794921875
10,224,13184,2,4044.75,3504.77587890625,27.64601484901719,1.069606461968122,1.1540680887310437,1,0.0,13184,1,4044.75
10,224,13225,6,5323.0498046875,3581.635009765625,3.0652003492645012,0.9216326896381476,1.4862066598561168,1,0.0,13225,1,5323.0498046875
10,224,13334,3,3009.26708984375,2630.02197265625,3.66818933052043,0.5651560268781529,1.1441984596062036,2,-0.0,13334,1,3009.26708984375
10,224,13477,9,4429.83984375,3345.31396484375,14.62920279573124,0.8803565554323176,1.324192554212742,1,0.0,13477,1,4429.83984375
10,234,610,10,3284.363037109375,3874.946044921875,3.978321546330908,1.14777631180642,0.8475893597056764,2,0.0,610,1,3284.363037109375
10,234,701,19,33310.0546875,31524.892578125,52.06766559110628,1.0566270639923994,1.0566270639923994,0,117.6050033569336,698,2,13503.6953125
10,234,754,11,5367.5400390625,4463.419921875,10.950598810643795,0.909688405842676,1.20256219065485,1,0.0,754,2,5367.5400390625
10,234,775,15,14781.302734375,12235.53125,5.646725216039351,0.7157049872297994,1.2080638292166512,1,504.0920104980469,775,1,14781.302734375
10,234,933,0,3435.20703125,2752.7119140625,3.4621198145569942,1.230333161047499,1.2479355408391652,1,0.0,933,1,3435.20703125
10,234,1158,9,5593.98095703125,3985.389892578125,3.155206510098831,0.8946342977976866,1.4036220063308629,2,0.0,1158,1,5593.98095703125
10,234,1899,13,4409.4150390625,3077.902099609375,4409.4150390625,0.9068671991490566,1.4326040583363944,1,-0.0,1899,2,4409.4150390625
10,234,1986,8,23080.857421875,15920.0283203125,4.302723243394468,1.0000421430288702,1.449800022806865,1,2600.180908203125,1977,2,6970.65283203125
10,234,2096,3,3594.555908203125,7014.01123046875,11.816422629716255,1.0226530772282119,0.5124822002834032,2,0.0,2096,1,3594.555908203125
10,234,2127,5,10145.9208984375,8607.142578125,3.548840166767177,1.006844597649241,1.1787792297322106,2,0.0,2127,1,10145.9208984375
10,234,2978,15,3044.820068359375,4287.78515625,12.622794612360115,1.1286893706251304,0.7101148862183911,1,0.0,2978,1,3044.820068359375
10,234,3691,5,4551.6591796875,3821.60009765625,3.690528138610404,1.3011034565060595,1.1910349234287982,3,0.0,3674,2,3314.5830078125
10,234,3729,4,4989.4619140625,6082.39013671875,3.7149070863598315,1.0014513492235932,0.8203127063391812,3,869.5919799804688,3719,2,4473.8798828125
10,234,3739,15,14612.869140625,12498.9833984375,7.464762227270326,0.7404110990773596,1.169124613962745,1,422.4960021972656,3739,1,14612.869140625
10,234,3965,9,4739.908203125,3341.7529296875,4.138121796647612,0.8971374282139009,1.4183897801110767,1,139.68600463867188,3965,2,4739.908203125
10,234,4136,6,4610.44921875,3130.93896484375,3.4527156615455015,0.9589543333316407,1.4725452238191699,2,-0.0,4136,1,4610.44921875
10,234,5789,2,3633.5869140625,2505.446044921875,3633.5869140625,0.37847869344449825,1.4502754595043785,1,0.0,5789,1,3633.5869140625
10,234,6025,2,3784.10009765625,2948.3359375,7.8737081449636035,1.0859134654490448,1.2834697869825935,1,0.0,6025,1,3784.10009765625
10,234,6626,8,3676.027099609375,3258.010986328125,3.0260112850855214,0.8248419806847812,1.1283040833918017,3,0.0,6626,1,3676.027099609375
10,234,6724,16,8758.3173828125,5923.6708984375,9.711700642822999,0.7020793675011572,1.4785286915791864,2,0.0,6724,2,8758.3173828125
10,234,6766,11,3458.029052734375,4986.23193359375,5.912919601965771,1.0595272789944696,0.6935154839943544,3,52.56100082397461,6766,1,3458.029052734375
10,234,6795,4,4288.26123046875,4409.865234375,3.2710373069982515,1.000496810320531,0.9724245532588288,1,0.0,6795,1,4288.26123046875
10,234,6902,11,5202.03515625,4652.1328125,52.34778883479381,1.9137505540503947,1.118204351834592,2,-0.0,6902,2,5202.03515625
10,234,6942,1,18305.72265625,13575.880859375,3.6318133821577687,1.0226166398425007,1.3484003613370508,1,-0.0,6942,1,18305.72265625
10,234,7058,10,17608.33203125,11914.1396484375,3.206013195494042,0.9326442226375139,1.477935675662428,2,1913.6600341796875,7058,1,17608.33203125
10,234,7133,4,3876.573974609375,3064.75390625,3.0017754800728653,0.9678132230357199,1.26488915364585,2,0.0,7133,1,3876.573974609375
10,234,7596,15,6035.7822265625,4717.35400390625,22.51040463309319,0.7204690489804031,1.2794846902658805,1,47.24599838256836,7596,2,6035.7822265625
10,234,7876,6,4171.88720703125,3329.965087890625,31.26836127953244,0.7116310270553096,1.2528321159288618,1,0.0,7876,3,4171.88720703125
10,234,7908,15,8870.2568359375,6498.373046875,14.521098628394377,0.6935658520215069,1.3649965571310367,1,0.0,7899,3,5341.10107421875
10,234,8916,11,6652.98681640625,4689.82177734375,3.238553024998864,0.8938759995515307,1.4186012032581778,1,29.57200050354004,8916,1,6652.98681640625
10,234,9944,1,3775.7890625,2754.969970703125,51.822170350046086,1.0351042273562217,1.370537284490379,1,-0.0,9944,1,3775.7890625
10,234,9972,9,5106.07177734375,3585.29296875,3.130802760265895,0.903617534262295,1.4241714196996191,2,0.0,9972,1,5106.07177734375
10,234,10296,14,5122.962890625,3911.1689453125,27.335006192618945,1.098568852926422,1.3098290977087104,1,0.0,10292,3,4194.64892578125
10,234,10328,4,7591.52685546875,5129.27978515625,5.473120059577038,0.9532811254169681,1.4800375829445018,1,0.0,10328,1,7591.52685546875
10,234,10560,4,4184.48876953125,2808.58203125,35.17130712354688,0.8769427807732331,1.4898937339098772,3,0.0,10558,2,3141.631103515625
10,234,10727,2,4484.81103515625,3050.06494140625,42.1281101054032,1.0591896119100197,1.4703985394778192,1,0.0,10727,1,4484.81103515625
10,234,11935,9,3368.785888671875,3088.51904296875,3368.785888671875,1.6446563837802164,1.0907447361677027,1,0.0,11935,1,3368.785888671875
10,234,11976,8,8908.400390625,6269.494140625,7.102342078187098,0.9380265292542731,1.4209121487011918,1,81.97699737548828,11958,2,7524.68701171875
10,234,12126,2,4214.884765625,2856.89111328125,21.71367445715556,1.109214622138575,1.4753396606649254,1,0.0,12126,1,4214.884765625
10,234,12268,0,3397.075927734375,2499.39990234375,10.616493041531074,1.0678340243141655,1.3591566217750315,1,-0.0,12268,1,3397.075927734375
10,234,12371,2,4443.7109375,3842.928955078125,18.055608237690716,1.0217903696803319,1.1563343973944638,1,0.0,12371,1,4443.7109375
10,234,12407,2,4145.673828125,5876.06103515625,3.5935517639806123,0.9510274101110664,0.7055191910570008,2,0.0,12407,1,4145.673828125
10,234,12483,5,3936.451904296875,2945.01611328125,3.3672687965314245,0.9153668266941349,1.3366486813245297,1,0.0,12476,2,3662.652099609375
10,234,12532,11,8945.4462890625,6032.15185546875,6.381627318930401,0.9047248151737071,1.4829610565842364,1,0.0,12516,3,3771.054931640625
10,234,12654,6,3134.962890625,3063.405029296875,3.1321485641426374,0.9106696390641912,1.0233589292450007,3,0.0,12654,1,3134.962890625
10,234,12764,16,31372.728515625,49600.69140625,17.17674344465345,0.8783273760519476,0.63250587090953,1,0.0,12764,1,31372.728515625
10,234,12823,13,6443.73095703125,4538.05419921875,55.349715050704475,1.2914587592768092,1.419932568928016,1,0.0,12823,3,6443.73095703125
10,234,12997,1,3664.25390625,2772.373046875,1703.1159326000702,0.8425348285299905,1.3217030480008172,1,-0.0,12997,1,3664.25390625
10,234,13174,0,3976.875,3185.89404296875,3.953944103104681,1.026339337526326,1.2482759772808327,2,0.0,13174,1,3976.875
10,234,13329,4,3771.80908203125,2569.794921875,7.002564885599983,0.8647925286745732,1.4677471147305499,1,0.0,13329,1,3771.80908203125
10,239,746,0,5128.7431640625,3647.126953125,17.75222799848525,1.0062679148975306,1.406242017341347,1,0.0,746,1,5128.7431640625
10,239,2023,11,7532.7060546875,6537.26806640625,18.474740964903514,1.008932070938334,1.1522712512580924,1,107.76599884033203,2023,1,7532.7060546875
10,239,12786,5,3988.35888671875,2771.987060546875,3988.35888671875,0.8799834909347197,1.438808623418286,1,0.0,12786,1,3988.35888671875
10,250,7513,12,3260.27587890625,4195.9912109375,3.026141737493661,0.9607111084764595,0.7769977855072329,1,114.06600189208984,7513,1,3260.27587890625
10,275,622,3,4618.9560546875,3109.987060546875,5.073049910703581,0.9253698521432706,1.4852010522112207,1,-0.0,622,1,4618.9560546875
10,275,1406,5,5790.37890625,3990.2919921875,17.04955581005303,0.9363666526485745,1.4511165893590865,1,0.0,1406,1,5790.37890625
10,275,1920,13,14311.84375,12325.5263671875,60.770223049820466,1.0721069616188446,1.1611547712964527,1,0.0,1901,5,3401.345947265625
10,275,1924,13,26035.62109375,20568.123046875,10.253316428098316,1.0652886409173499,1.265823869023659,2,0.0,1924,1,26035.62109375
10,275,1961,20,8289.8447265625,8289.8447265625,4.1025410410218415,1.0814379168232573,1.0,2,0.0,1961,3,8289.8447265625
10,275,2000,1,22307.728515625,15017.544921875,6.319671327826369,0.9782118036597435,1.4854444339387927,1,0.0,1985,2,5007.02099609375
10,275,2009,13,19677.830078125,17082.0859375,5.278053047023704,1.0004881762733422,1.1519570941231836,1,652.7000122070312,2009,1,19677.830078125
10,275,2057,2,3329.7080078125,2363.080078125,8.714665554209246,0.5801041462235914,1.4090542418073604,1,0.0,2057,1,3329.7080078125
10,275,2090,12,3399.260986328125,3466.64990234375,3.1468229421045746,0.7713998013240263,0.9805607956055602,2,0.0,2090,1,3399.260986328125
10,275,2202,3,4887.76708984375,3318.9619140625,39.31000661334024,0.9477239904710166,1.4726794752100634,1,0.0,2202,1,4887.76708984375
10,275,3755,12,13387.3291015625,9107.6376953125,4.258645010247761,0.8838925218158301,1.4699013673383892,1,268.09600830078125,3755,1,13387.3291015625
10,275,3911,4,3948.677001953125,2808.052001953125,5.934584937145074,0.7907310728958906,1.4061979618634715,1,0.0,3911,1,3948.677001953125
10,275,3934,0,4028.469970703125,3329.45703125,5.99055700920753,1.000782036617679,1.209948028429936,1,497.2770080566406,3934,1,4028.469970703125
10,275,4156,10,10839.5419921875,10045.9697265625,3.021417547030626,1.0000270285099426,1.0789940928775368,2,0.0,4151,2,4818.47802734375
10,275,4255,3,3314.23193359375,3366.537109375,4.253910184498465,1.0030582906202175,0.9844632112815295,0,0.0,4255,1,3314.23193359375
10,275,6613,4,3240.930908203125,2631.486083984375,3.0406095945751717,0.7804608879820745,1.2315972058252271,3,0.0,6613,2,3240.930908203125
10,275,6638,9,3036.79296875,3754.22998046875,3.866016751791094,1.1236145423517192,0.8088990244467731,1,-0.0,6638,1,3036.79296875
10,275,7520,13,11559.87890625,12090.91796875,3.1902033161314582,0.9757805644571299,0.9560795082827859,1,1897.095947265625,7520,1,11559.87890625
10,275,7623,0,4441.369140625,3734.573974609375,3.5436409890799156,1.0013561796225177,1.1892572408047035,2,0.0,7623,1,4441.369140625
10,275,8136,0,4385.89404296875,2994.0029296875,4.133054247564691,1.0175682478946968,1.4648930365029833,1,0.0,8136,1,4385.89404296875
10,275,8174,2,4067.930908203125,4165.42822265625,8.13558523431546,1.005022929651239,0.9765936875534608,2,0.0,8174,1,4067.930908203125
10,275,8333,13,3140.281982421875,3629.18310546875,3.2944887484275256,0.9081479313160702,0.8652861790549617,2,133.97900390625,8333,1,3140.281982421875
10,275,8894,8,4013.639892578125,2992.861083984375,7.237567080583924,0.8435729746210793,1.3410712291513358,1,-0.0,8894,2,4013.639892578125
10,275,8923,14,11432.2392578125,11401.8076171875,3.391534024845014,0.9495866926603697,1.0026690189526726,2,207.6790008544922,8923,1,11432.2392578125
10,275,9111,10,7061.509765625,4941.06396484375,6.088466597121244,0.942706082747487,1.4291476119047377,1,0.0,9097,3,4004.18408203125
10,275,9119,3,3497.738037109375,4507.2451171875,3.213974666094521,0.9671207297086866,0.7760256977752182,2,0.0,9119,1,3497.738037109375
10,275,9727,14,17734.67578125,12026.77734375,3.104390795487825,0.8122770916428929,1.4745991610517546,1,303.2359924316406,9708,3,3559.47705078125
10,275,9809,13,4915.24609375,4201.541015625,3.149989175155239,0.9518721522931295,1.1698674546959844,2,0.0,9809,1,4915.24609375
10,275,10155,6,3581.389892578125,2583.825927734375,7.15191615372816,0.8411739988024657,1.3860801744173465,2,0.0,10155,1,3581.389892578125
10,275,10293,9,4872.88623046875,5988.00390625,3.9273698915606308,1.0005698824351785,0.8137747247263246,1,304.82598876953125,10285,2,3680.462890625
10,275,11018,11,10908.3681640625,10947.861328125,4.619690221784684,1.0014515897377598,0.9963926137828361,1,1467.9599609375,11018,1,10908.3681640625
10,275,12391,10,4879.18115234375,3715.027099609375,4.09991634177039,0.8711447131155687,1.3133635425854047,1,0.0,12391,1,4879.18115234375
10,275,12685,6,4613.7158203125,3165.35302734375,39.277030681770356,0.8879587668083558,1.4575675384252997,1,0.0,12685,1,4613.7158203125
10,278,254,0,3387.89990234375,3305.948974609375,5.917904785252053,1.0029597668729153,1.0247889269809611,2,0.0,254,1,3387.89990234375
10,278,441,6,4297.27685546875,2988.951904296875,4.562453598062227,0.921432022736303,1.4377203090123483,1,0.0,441,1,4297.27685546875
10,278,743,7,3343.735107421875,3327.423095703125,5.601074738606796,0.67658597032276,1.0049022956352665,1,0.0,743,2,3343.735107421875
10,278,1166,8,6110.5732421875,4094.3798828125,4.182978970003866,0.9159853629180358,1.4924294806738945,1,0.0,1166,1,6110.5732421875
10,278,1307,9,5062.955078125,3376.75,4.303365831864664,0.907291031191276,1.4993573933886133,2,158.5070037841797,1307,2,5062.955078125
10,278,1909,0,3421.926025390625,2949.29296875,8.345662219032706,1.0376493949282384,1.1602530035667977,1,0.0,1909,1,3421.926025390625
10,278,2078,0,3985.678955078125,2721.364013671875,19.7008501961144,1.020503598786248,1.4645886897359013,1,0.0,2059,2,3117.214111328125
10,278,2103,2,3986.990966796875,3376.64306640625,7.758097159380467,1.0539559210142058,1.1807558241683556,1,0.0,2103,1,3986.990966796875
10,278,2132,9,6224.8818359375,4470.8740234375,18.939149151620487,0.9133597155784206,1.3923187733103257,1,462.99798583984375,2132,1,6224.8818359375
10,278,3727,9,5756.5859375,3852.862060546875,5.83868080445683,0.9146616229563814,1.4941064193413949,1,82.99099731445312,3727,1,5756.5859375
10,278,6621,3,3847.702880859375,2723.572021484375,4.431533012060457,0.9203925566840481,1.412741374381698,1,-0.0,6621,1,3847.702880859375
10,278,10579,2,3454.011962890625,2776.4140625,26.736633875738423,1.0819191915097883,1.2440550599216054,1,0.0,10579,1,3454.011962890625
10,278,10747,7,4562.9150390625,3252.841064453125,3.9821226668473457,0.9230433241709071,1.4027476131329606,1,0.0,10747,1,4562.9150390625
10,278,12122,2,3622.695068359375,2602.944091796875,3622.695068359375,1.1726224391240008,1.3917682979731392,1,-0.0,12122,1,3622.695068359375
10,278,12319,0,4036.448974609375,3475.408935546875,83.23433474612303,1.0022799294312466,1.1614313738231261,1,0.0,12319,1,4036.448974609375
10,278,12351,6,5428.9677734375,3630.10693359375,55.34454375880866,0.9160547016478977,1.4955393526280796,1,0.0,12351,1,5428.9677734375
10,278,12504,6,4144.38623046875,2978.072998046875,10.292187923581045,0.9205136619939492,1.39163352717908,1,0.0,12504,1,4144.38623046875
10,278,12812,4,5153.68603515625,3616.73291015625,8.2322782201828,0.9368446092430728,1.4249562141246424,1,0.0,12801,2,3917.700927734375
10,278,12830,14,6299.43994140625,4394.06005859375,5.292951013739502,0.8867752922757757,1.4336262721502917,1,0.0,12830,1,6299.43994140625
10,278,13181,5,3396.1708984375,3079.39697265625,3396.1708984375,0.7129723224141937,1.1028688176919277,1,0.0,13181,1,3396.1708984375
10,278,13228,9,7308.6630859375,4926.02880859375,3.7222505749906203,0.910591838320137,1.4836825706717556,2,128.09800720214844,13228,1,7308.6630859375
10,278,13254,3,6931.84912109375,6028.048828125,3.497027917432373,1.0026456732330826,1.1499324771146344,2,0.0,13254,1,6931.84912109375
10,281,7511,2,4518.42919921875,4558.9921875,3.0613151325474366,0.9622294187511217,0.9911026414143751,1,947.0609741210938,7511,1,4518.42919921875
10,286,12808,5,4403.8837890625,3018.60400390625,7.997878190898916,0.9260303413244996,1.4589140487999144,1,0.0,12808,1,4403.8837890625
11,3,722,6,4785.369140625,13751.6142578125,3.2364934063198927,0.9646809592557561,0.34798599283763065,1,0.0,722,1,4785.369140625
11,3,2078,12,6503.3779296875,13362.8642578125,3.024490582520316,0.9848860216090604,0.4866754465372458,2,0.0,2078,1,6503.3779296875
11,3,2165,12,6259.783203125,12772.44921875,14.548111358202847,1.0145257200540467,0.49010045731366986,1,0.0,2165,1,6259.783203125
11,3,3806,4,14659.2548828125,10022.8271484375,665.9362448393366,0.9002148366590117,1.4625868196377898,1,0.0,3806,1,14659.2548828125
11,3,3907,12,4027.988037109375,10394.32421875,9.33859479204453,1.0202908687256598,0.3875180292955854,1,0.0,3907,1,4027.988037109375
11,3,4121,0,7823.171875,14118.484375,3.3516371070271105,1.006149802118535,0.5541084770297803,1,624.718994140625,4121,1,7823.171875
11,3,6624,5,20248.912109375,13627.4951171875,5.543252945113683,0.9039513988414187,1.4858865796867045,1,50.95199966430664,6624,1,20248.912109375
11,3,6964,12,5595.97509765625,8616.6611328125,3.060575809270233,1.0906307193473435,0.6494365986317614,2,0.0,6964,1,5595.97509765625
11,3,7049,2,17038.529296875,11593.3974609375,48.911394294665996,0.9371805131256109,1.4696752487167104,1,33.05400085449219,7049,2,17038.529296875
11,3,7594,0,12584.990234375,17927.306640625,3.8573761174475054,1.0017712661544667,0.7020011698721214,2,374.0360107421875,7594,1,12584.990234375
11,3,8139,0,7376.35107421875,12818.7587890625,3.867615399565402,1.0077864999355906,0.5754341114923358,1,242.0679931640625,8124,2,4311.4208984375
11,3,9003,8,15982.287109375,12319.4853515625,13.550288605065727,0.862970825582033,1.2973177574619983,1,303.99700927734375,9003,2,15982.287109375
11,3,9795,0,8183.40185546875,13505.0576171875,3.007598547960719,1.003002374885237,0.6059509027976281,2,162.16400146484375,9784,2,5269.98388671875
11,3,12786,8,4369.01806640625,13910.123046875,3.0982636442513227,0.9727666616512188,0.3140891027119834,2,0.0,12786,1,4369.01806640625
11,3,13426,12,3132.27001953125,10113.734375,6.611637701493693,1.0262096725814587,0.30970459608607726,1,0.0,13426,1,3132.27001953125
11,11,1977,1,10857.4365234375,14847.94140625,5.227157659392485,1.000048931991817,0.7312418756493232,2,-0.0,1969,2,3439.617919921875
11,11,4116,12,3642.303955078125,11377.220703125,3.220812375068086,1.008553951963259,0.3201400456332615,1,-0.0,4116,1,3642.303955078125
11,11,4860,12,10451.7919921875,16348.6103515625,10.687351753013449,1.0061831182229803,0.6393076700362231,1,0.0,4860,1,10451.7919921875
11,11,7579,12,11430.8310546875,17618.53125,6.158056772159716,1.0071265314466686,0.6487959122408402,1,-0.0,7579,1,11430.8310546875
11,11,8123,12,7103.69287109375,13677.927734375,9.754396551449588,1.0064975864862045,0.5193544672151572,1,0.0,8123,1,7103.69287109375
11,11,8975,0,5366.955078125,11116.3525390625,4.5556563321953805,1.0059542587653005,0.4827982073495506,1,0.0,8975,1,5366.955078125
11,11,9153,3,7460.5400390625,14266.697265625,4.698812809990553,1.000294736048222,0.5229339278852123,1,33.91600036621094,9153,1,7460.5400390625
11,11,9788,12,15607.2783203125,20772.78515625,15.822752259267022,1.0049657662701788,0.7513329677708946,1,0.0,9779,2,4332.97412109375
11,11,10491,12,7000.27099609375,13598.1630859375,7.841683544718353,1.0063281241116178,0.5147953405069144,1,0.0,10491,1,7000.27099609375
11,11,11067,12,4887.2939453125,12498.1396484375,5.485821928462446,1.0053004071248608,0.39104171363003637,1,0.0,11067,1,4887.2939453125
11,11,11385,0,3569.26611328125,11669.49609375,3.0165688854692188,1.0052843786478372,0.3058629168394763,2,0.0,11385,1,3569.26611328125
11,22,295,0,3745.010009765625,9668.109375,4.721159428675655,1.028623991631294,0.38735701723126453,1,0.0,295,1,3745.010009765625
11,22,588,0,3720.423095703125,10888.03515625,3.398579352695301,1.0172252425687405,0.3416982993086232,1,-0.0,588,1,3720.423095703125
11,22,724,12,5974.4169921875,14482.484375,3.376231427925488,1.0060239225326768,0.41252708012588485,1,-0.0,724,1,5974.4169921875
11,22,1366,0,4532.80078125,11472.66015625,3.2075466790307594,1.005691152826515,0.395095881819584,2,0.0,1366,1,4532.80078125
11,22,1753,12,4001.77587890625,11368.8974609375,5.523069320925869,1.0213815432816513,0.35199331268981787,1,0.0,1753,1,4001.77587890625
11,22,1972,0,10489.255859375,15504.0517578125,5.488284269264877,1.0003174828166732,0.6765493319570131,1,639.0570068359375,1972,1,10489.255859375
11,22,2153,12,26806.47265625,20388.16796875,15.753121501301973,1.170264738137875,1.3148053663937667,4,0.0,2153,3,26806.47265625
11,22,2205,2,6927.02587890625,9117.03515625,205.11454788864697,1.019300431738146,0.7597893131033466,1,0.0,2187,2,3933.593017578125
11,22,2224,1,6608.23681640625,10573.3623046875,3.672088379729381,1.0014622713133758,0.6249891591699845,2,0.0,2208,2,4113.2529296875
11,22,2247,1,15758.8740234375,11165.8837890625,6.832183105076479,1.0003849759687586,1.4113413968067665,1,0.0,2247,1,15758.8740234375
11,22,3919,0,8220.4482421875,12265.1357421875,5.683937163470085,1.0042073512690948,0.6702288841298526,1,559.7680053710938,3919,1,8220.4482421875
11,22,4130,0,13286.6787109375,19157.322265625,3.249157870136161,1.0005327866381082,0.6935561518834233,2,816.927001953125,4120,2,5524.43017578125
11,22,5685,8,12756.1943359375,19533.95703125,3.059988471464679,0.9932694115120719,0.6530266405076256,2,325.947998046875,5685,1,12756.1943359375
11,22,6591,13,6887.38818359375,12074.5751953125,5.6267305954952835,1.0403839044710033,0.5704041816947332,2,-0.0,6591,3,6887.38818359375
11,22,6618,9,13129.3291015625,11338.0595703125,243.59133797083635,1.1677621684516506,1.157987309922083,1,0.0,6618,4,13129.3291015625
11,22,6649,9,26369.0625,18507.84765625,10.819002346554884,0.8482442498312586,1.4247503539989055,1,57.75299835205078,6649,3,26369.0625
11,22,7586,12,13330.43359375,18285.4296875,17.537356242580294,1.0072359673265792,0.7290194335910379,1,0.0,7586,1,13330.43359375
11,22,8148,0,11385.9873046875,16811.18359375,4.265689592699714,1.000488348624798,0.677286476659534,2,401.3240051269531,8148,1,11385.9873046875
11,22,8952,8,16424.5546875,16959.37109375,4.422989560688994,1.342676354988946,0.9684648444041009,1,0.0,8952,3,16424.5546875
11,22,8992,2,12577.9072265625,10375.1689453125,75.13123178498417,1.6736943772056552,1.2123086662839546,1,0.0,8992,3,12577.9072265625
11,22,9019,9,23800.802734375,17257.673828125,12.532506206839322,0.8509909014028837,1.3791431551792686,1,0.0,9019,1,23800.802734375
11,22,9082,12,4423.1171875,11927.2607421875,4.005120835038325,1.01312657159119,0.37084099049290886,1,0.0,9082,1,4423.1171875
11,22,9793,0,10642.93359375,15047.88671875,7.687048205159674,1.0009619862066939,0.707270980481842,1,341.7070007324219,9793,1,10642.93359375
11,22,10566,0,5814.51416015625,11330.2314453125,4.799780529638513,1.0134384717903153,0.5131858239808339,2,0.0,10566,1,5814.51416015625
11,22,12360,0,4340.2548828125,9973.310546875,4.922854967416278,1.0241409604329375,0.4351869785276524,2,0.0,12360,1,4340.2548828125
11,22,12442,11,6739.98876953125,7515.72021484375,14.609733306291005,0.8385409123735339,0.8967854812130434,1,0.0,12442,1,6739.98876953125
11,22,12652,0,4395.669921875,11183.806640625,4.346188654238399,1.0148641336207285,0.39303879824851395,1,-0.0,12652,1,4395.669921875
11,22,12789,0,10226.91015625,16247.8408203125,3.80106931384674,1.0064915150325142,0.6294319515651989,1,965.6820068359375,12789,1,10226.91015625
11,22,13430,0,4761.291015625,11451.8134765625,3.3347312462297776,1.0054528444900472,0.41576742630060726,2,0.0,13430,1,4761.291015625
11,29,7575,12,8206.611328125,15386.982421875,7.378287746215706,1.0056705295932857,0.5333476768296049,1,0.0,7575,1,8206.611328125
11,36,2522,12,7164.44677734375,14913.7080078125,4.862244492506737,1.00622554948887,0.4803933920116095,1,0.0,2522,1,7164.44677734375
11,36,2582,12,4903.37109375,13449.318359375,4.549016288105194,1.0054647172347504,0.3645813834373286,1,-0.0,2582,1,4903.37109375
11,36,5377,12,4541.89794921875,12865.2841796875,3.8594145274891227,1.0063479565151725,0.35303518257216404,1,0.0,5377,1,4541.89794921875
11,36,7506,12,5507.1298828125,12956.1640625,5.693492192452657,1.0035369273958699,0.42505867139736214,1,0.0,7506,1,5507.1298828125
11,36,7576,3,10855.21484375,19012.482421875,3.2049026123335125,1.0000017992536696,0.5709519989488814,2,0.0,7576,1,10855.21484375
11,50,9779,12,3892.570068359375,12114.8662109375,4.259188263860452,1.010439091956612,0.32130524601626215,1,0.0,9779,1,3892.570068359375
11,61,325,2,14543.19140625,19985.328125,3.5599740332890843,1.0000316282356743,0.7276934016438622,2,1185.9959716796875,325,1,14543.19140625
11,61,402,0,4020.972900390625,10530.9052734375,4.642255120202458,1.011261477684425,0.3818259490504465,2,0.0,402,1,4020.972900390625
11,61,591,0,6688.490234375,12710.1220703125,4.066751229664244,1.0239352026304422,0.5262333593158443,1,259.3169860839844,591,1,6688.490234375
11,61,729,3,20422.71875,13922.61328125,12.150388250074604,0.9073463731507377,1.4668739508482855,1,0.0,729,2,20422.71875
11,61,829,0,4940.6201171875,10821.0087890625,7.180711222635649,1.0125954087703515,0.4565766661405272,1,0.0,829,1,4940.6201171875
11,61,1375,0,5092.8017578125,11464.5751953125,4.248799051979253,1.0089461002321918,0.4442207121546714,1,0.0,1375,1,5092.8017578125
11,61,1759,0,6393.19677734375,12551.6748046875,4.885126433251612,1.021526756971858,0.509350096845735,2,23.195999145507812,1759,1,6393.19677734375
11,61,1871,12,4794.81201171875,12577.83203125,4.827185443686943,1.019685256861694,0.38121132479793784,1,-0.0,1871,1,4794.81201171875
11,61,1968,0,7116.80078125,13668.677734375,3.5027512426628773,1.0013517196519015,0.5206649040639932,1,591.0120239257812,1968,1,7116.80078125
11,61,2071,7,16853.8359375,12550.0927734375,8.046011642686372,0.8793523752457177,1.3429252071483846,1,218.3979949951172,2071,3,16853.8359375
11,61,2162,11,4182.31103515625,11743.51171875,7.322287476174483,1.0017720007737811,0.3561380220261255,1,0.0,2162,1,4182.31103515625
11,61,2200,8,6770.865234375,13239.6201171875,3.0333419389649885,0.9911857317961259,0.5114093285490232,2,86.38700103759766,2200,1,6770.865234375
11,61,3775,12,4560.89208984375,4729.9599609375,6.251295349466093,1.581053004852399,0.9642559614690185,1,0.0,3775,1,4560.89208984375
11,61,3819,9,5942.123046875,12865.767578125,3.7267939633366165,1.0310160467676446,0.4618553079552039,2,0.0,3819,1,5942.123046875
11,61,3853,7,13505.05859375,16839.65625,3.0267284946724886,1.005870690892301,0.801979469963943,3,0.0,3843,2,7671.42919921875
11,61,3928,0,14750.0009765625,12262.4140625,10.304310051647759,1.0969125515866232,1.2028627398637477,1,0.0,3917,2,4595.17822265625
11,61,3955,9,18595.361328125,14500.6123046875,9.287390219826927,0.8421526883350642,1.2823845598653667,1,511.5719909667969,3945,4,5667.6259765625
11,61,4133,12,20805.34375,20679.38671875,13.832834191017021,1.3407743205763034,1.0060909461660097,1,0.0,4126,2,18900.392578125
11,61,4697,3,16638.544921875,11943.6806640625,5.395777762604957,0.9213597899037058,1.3930835384722684,1,0.0,4697,1,16638.544921875
11,61,5686,0,21848.380859375,21632.318359375,6.723338081340542,1.004007279664016,1.0099879493455386,1,-0.0,5676,2,19450.759765625
11,61,6615,0,14685.0986328125,10717.751953125,146.0273874953769,1.0157820521004424,1.3701659356401443,1,15.079000473022461,6615,2,14685.0986328125
11,61,6635,7,25676.083984375,17365.912109375,3.2150212552286317,0.8907691761451223,1.478533567523571,1,1004.8629760742188,6635,1,25676.083984375
11,61,6747,7,19283.984375,13576.869140625,12.41506434972931,0.8841839397041968,1.4203557665071727,1,239.1840057373047,6747,1,19283.984375
11,61,6883,5,3243.861083984375,12048.0478515625,3.1206964757949103,0.9431443898338615,0.26924370852027135,1,0.0,6883,1,3243.861083984375
11,61,6956,13,4780.60107421875,5247.05712890625,21.130803035537216,1.7138457164933303,0.9111013958438198,1,64.802001953125,6956,1,4780.60107421875
11,61,6990,2,3414.4990234375,9452.4248046875,3.0217273124694835,0.9181470584547389,0.36122995887195364,2,0.0,6990,1,3414.4990234375
11,61,7593,0,16334.4482421875,19661.4296875,6.421933855786931,1.0022782817389795,0.8307863925364659,1,289.2239990234375,7593,1,16334.4482421875
11,61,8143,11,5340.39794921875,12808.228515625,3.8499078939297817,1.068692418152284,0.4169505519599293,1,-0.0,8143,1,5340.39794921875
11,61,8173,0,15309.380859375,11311.6904296875,21.700058759896265,1.0006715695520667,1.353412290986639,1,0.0,8173,1,15309.380859375
11,61,8402,0,5374.6728515625,12275.970703125,5.9843061424217545,1.007335658302075,0.43782059940842893,2,-0.0,8402,1,5374.6728515625
11,61,8893,7,16715.794921875,12260.421875,16.634940849747824,0.8663691944014558,1.3633947585408843,1,0.0,8893,2,16715.794921875
11,80,7576,12,6275.02783203125,14403.4853515625,3.9520875475520714,1.0025389448283841,0.4356603751709673,2,0.0,7576,1,6275.02783203125
11,80,9782,12,8190.56396484375,15042.2216796875,9.150190313603769,1.00503329245522,0.5445049367876293,1,-0.0,9782,1,8190.56396484375
11,84,7570,12,3000.330078125,12094.291015625,3.819084558493343,1.0007404566955795,0.24807821097150531,1,0.0,7570,1,3000.330078125
11,85,7578,12,9487.8076171875,16449.5078125,7.379066085898239,1.0067203700804266,0.5767836779880857,1,-0.0,7578,1,9487.8076171875
11,85,9781,1,7250.2490234375,15581.330078125,3.534843815345749,1.0000115837880308,0.46531643878184037,2,0.0,9781,1,7250.2490234375
11,87,727,5,19048.515625,13063.533203125,55.91773071746361,0.9008142282399411,1.4581442347039237,1,0.0,727,1,19048.515625
11,89,1969,0,6080.27978515625,13112.2373046875,3.569309655863404,1.0014384947202652,0.46371032218754976,2,272.7170104980469,1969,1,6080.27978515625
11,89,2060,0,6178.51611328125,12586.2568359375,4.234000482421581,1.0127207142891443,0.4908938530190924,1,18.354000091552734,2060,1,6178.51611328125
11,89,2162,12,4219.90087890625,12137.6796875,5.956710886147884,1.0139159554472619,0.3476694877071207,1,0.0,2162,1,4219.90087890625
11,89,4123,6,6302.5927734375,14239.7119140625,3.0423762888014885,0.9838918767869552,0.44260676139194516,2,21.243000030517578,4123,1,6302.5927734375
11,89,5663,3,4679.3740234375,11715.810546875,3.0365344654719295,0.9905691171870914,0.39940676786427265,2,0.0,5663,1,4679.3740234375
11,89,6618,14,9497.6123046875,15922.9326171875,3.6827831618183637,0.9511266173119615,0.5964738112648675,2,24.666000366210938,6617,3,3685.180908203125
11,89,6651,8,21787.865234375,15849.8154296875,7.764715107583937,1.175467438890195,1.3746447288947754,1,-0.0,6640,3,4254.998046875
11,89,6676,3,6568.916015625,9043.9853515625,4.73697776006276,1.0129323910617722,0.7263297938104366,1,0.0,6672,2,4685.55322265625
11,89,8129,12,5991.22705078125,12647.6298828125,4.964186401401361,1.0088275876358028,0.4737035402121491,1,0.0,8129,1,5991.22705078125
11,89,8984,0,3841.782958984375,10689.4736328125,3.1557199310475905,1.011304206047166,0.3593987029624738,1,0.0,8984,1,3841.782958984375
11,89,9796,0,9363.638671875,15278.083984375,5.195080371369322,1.0001121276072666,0.6128804293425312,1,282.0719909667969,9780,2,6301.8310546875
11,89,13422,12,3052.2080078125,10246.1943359375,12.739854540918667,1.0178549387993037,0.29788699176895234,1,0.0,13422,1,3052.2080078125
11,112,7573,12,3787.764892578125,12030.1337890625,4.066743523083055,1.0057705107285122,0.314856422961968,1,0.0,7573,1,3787.764892578125
11,112,9778,12,4199.48193359375,12239.48828125,4.926777723574287,1.0107752465843227,0.34310927361457166,1,0.0,9778,1,4199.48193359375
11,127,727,0,15914.4248046875,11612.1337890625,3.9139361933165704,1.0314747715344257,1.370499607890958,2,0.0,727,2,15914.4248046875
11,127,12795,0,6713.3232421875,11676.0234375,3.1784604520957664,1.0313320819323584,0.5749665781439127,2,0.0,12795,1,6713.3232421875
11,132,7569,12,3843.299072265625,13050.08984375,4.70145307183584,1.0046256877139084,0.29450364850218047,1,0.0,7569,1,3843.299072265625
11,147,9776,12,3496.511962890625,11991.357421875,3.875058761221188,1.0092572064818697,0.2915860014740434,1,0.0,9776,1,3496.511962890625
11,148,9781,12,6311.27099609375,13708.587890625,4.824913241129607,1.0093064336605524,0.460388119217581,1,0.0,9781,1,6311.27099609375
11,150,7576,12,8729.5224609375,15755.9775390625,7.295903105780358,1.0059837764718327,0.554045119656658,1,0.0,7576,1,8729.5224609375
11,164,7573,12,3755.85498046875,11847.6494140625,3.911680686568908,1.0079219983819767,0.3170126705480295,1,0.0,7573,1,3755.85498046875
11,169,7572,12,3445.0,11803.423828125,4.295875424142776,1.0076755824385462,0.29186446662970045,1,0.0,7572,1,3445.0
11,169,9777,12,3335.554931640625,11666.111328125,3.277165617428826,1.012768168983264,0.28591831826593084,1,-0.0,9777,1,3335.554931640625
11,186,7575,12,5479.2470703125,13522.7001953125,5.25234336835218,1.0054704807917605,0.4051888299802596,1,-0.0,7575,1,5479.2470703125
11,187,7578,0,6602.05908203125,14616.82421875,3.7664067498291907,1.0012875055605415,0.45167534227868306,2,-0.0,7578,1,6602.05908203125
11,205,9781,12,6763.63916015625,13406.728515625,13.697399791638224,1.0089869618470406,0.5044958695384562,1,0.0,9781,1,6763.63916015625
11,240,2058,0,6082.541015625,12307.7119140625,4.6139976943056755,1.022145784699458,0.49420567024121137,1,-0.0,2058,1,6082.541015625
11,240,5659,12,3285.1259765625,10677.408203125,3.46245574028718,1.0180373427043667,0.3076707300186415,1,0.0,5659,1,3285.1259765625
11,240,8132,0,6893.591796875,12633.021484375,8.767439049004551,1.0088989582913497,0.545680366759548,1,-0.0,8132,1,6893.591796875
11,240,9786,0,9439.9462890625,14743.611328125,7.543625892069003,1.0043826450166635,0.6402736805096593,1,106.23899841308594,9786,1,9439.9462890625
11,252,7573,12,4573.10009765625,13104.9462890625,3.9475036511117714,1.0034777810516164,0.34895985048584277,1,0.0,7573,1,4573.10009765625
11,256,7578,0,9115.998046875,16538.978515625,3.234894287137707,1.0000216399666615,0.5511826524390712,2,0.0,7578,1,9115.998046875
11,256,9781,12,10025.4326171875,16710.642578125,10.646439622302388,1.0057498751880019,0.599942974683167,1,0.0,9781,1,10025.4326171875
11,264,7575,12,4829.52978515625,13488.8486328125,3.044106507966546,1.0008427988409467,0.358038696750448,2,0.0,7575,1,4829.52978515625
11,278,7575,12,5492.02685546875,13248.119140625,5.5815862064837285,1.0073169639538706,0.414551439126751,1,-0.0,7575,1,5492.02685546875
11,291,4118,0,6737.35791015625,13227.125,3.733069385390004,1.0058223225039777,0.5093592077005585,2,201.7220001220703,4118,1,6737.35791015625
11,291,5657,12,3596.819091796875,10812.3525390625,3.6296400409759935,1.016423587426392,0.33265832563287306,1,0.0,5657,1,3596.819091796875
11,291,7580,12,11444.984375,16944.541015625,7.307611973697143,1.00249115930563,0.6754378513083525,2,0.0,7580,1,11444.984375
11,291,8124,12,5758.212890625,12488.11328125,6.8862742390081,1.012708644093559,0.46109550425607854,1,0.0,8124,1,5758.212890625
11,291,8978,0,3652.826904296875,10273.212890625,5.039678195447758,1.0163222451121094,0.3555681112799995,1,0.0,8978,1,3652.826904296875
11,291,9786,12,11034.0927734375,16512.666015625,21.814009201620813,1.0063467410639375,0.66821994479853,1,-0.0,9786,1,11034.0927734375
11,296,3697,12,4542.06591796875,13192.4296875,4.154238679847072,1.0040939208723796,0.34429335805158146,1,-0.0,3697,1,4542.06591796875
11,296,5809,12,6849.46484375,14362.1943359375,5.874795285574137,1.0055708279668425,0.47690935546047236,1,0.0,5809,1,6849.46484375
11,296,7583,12,20411.466796875,25290.345703125,9.435307686005702,1.003533170211248,0.8070853216669497,1,0.0,7583,1,20411.466796875
